Workbook

Sheet Person_0
J3: k=0.25
Q4: 1 | V4: 2 | AA4: 3 | AF4: 4 | AK4: 5 | AP4: 6
A5: k | B5: Task 1 | C5: Task 2 | D5: Task 3 | E5: Task 4 | F5: Task 5 | G5: Task 6 | I5: ID | J5: Task 1 | K5: Task 2 | L5: Task 3 | M5: Task 4 | N5: Task 5 | O5: Task 6 | Q5: Task 2 | R5: Task 3 | S5: Task 4 | T5: Task 5 | U5: Task 6 | V5: Task 2 | W5: Task 3 | X5: Task 4 | Y5: Task 5 | Z5: Task 6 | AA5: Task 2 | AB5: Task 3 | AC5: Task 4 | AD5: Task 5 | AE5: Task 6 | AF5: Task 2 | AG5: Task 3 | AH5: Task 4 | AI5: Task 5 | AJ5: Task 6 | AK5: Task 2 | AL5: Task 3 | AM5: Task 4 | AN5: Task 5 | AO5: Task 6 | AP5: Task 2 | AQ5: Task 3 | AR5: Task 4 | AS5: Task 5 | AT5: Task 6 | AV5: =A6 -> 0.25 | AW5: Task 2 | AX5: Task 3 | AY5: Task 4 | AZ5: Task 5 | BA5: Task 6
A6: 0.25 | B6: =AVERAGE(J6:J35) -> 0.96560007 | C6: =AVERAGE(K6:K35) -> 0.78004217 | D6: =AVERAGE(L6:L35) -> #DIV/0! | E6: =AVERAGE(M6:M35) -> #DIV/0! | F6: =AVERAGE(N6:N35) -> #DIV/0! | G6: =AVERAGE(O6:O35) -> #DIV/0! | J6: 0.95633333 | K6: =AVERAGE(Q6,V6,AA6,AF6,AK6,AP6) -> 0.79633333 | L6: =AVERAGE(R6,W6,AB6,AG6,AL6,AQ6) -> #DIV/0! | M6: =AVERAGE(S6,X6,AC6,AH6,AM6,AR6) -> #DIV/0! | N6: =AVERAGE(T6,Y6,AD6,AI6,AN6,AS6) -> #DIV/0! | O6: =AVERAGE(U6,Z6,AE6,AJ6,AO6,AT6) -> #DIV/0! | Q6: 0.792 | V6: 0.782 | AA6: 0.758 | AF6: 0.848 | AK6: 0.768 | AP6: 0.83 | AV6: 1 | AW6: =$Q$37 -> 0.79880544 | AX6: =$R$37 -> #DIV/0! | AY6: =$S$37 -> #DIV/0! | AZ6: =$T$37 -> #DIV/0! | BA6: =$U$37 -> #DIV/0!
A7: 0.5 | B7: =AVERAGE(J43:J72) -> 0.96591873 | C7: =AVERAGE(K43:K72) -> 0.80606715 | D7: =AVERAGE(L43:L72) -> #DIV/0! | E7: =AVERAGE(M43:M72) -> #DIV/0! | F7: =AVERAGE(N43:N72) -> #DIV/0! | G7: =AVERAGE(O43:O72) -> #DIV/0! | J7: 0.95275591 | K7: =AVERAGE(Q7,V7,AA7,AF7,AK7,AP7) -> 0.69389764 | L7: =AVERAGE(R7,W7,AB7,AG7,AL7,AQ7) -> #DIV/0! | M7: =AVERAGE(S7,X7,AC7,AH7,AM7,AR7) -> #DIV/0! | N7: =AVERAGE(T7,Y7,AD7,AI7,AN7,AS7) -> #DIV/0! | O7: =AVERAGE(U7,Z7,AE7,AJ7,AO7,AT7) -> #DIV/0! | Q7: 0.70866142 | V7: 0.57086614 | AA7: 0.60629921 | AF7: 0.71456693 | AK7: 0.77559055 | AP7: 0.78740157 | AV7: 2 | AW7: =$V$37 -> 0.77671387 | AX7: =$W$37 -> #DIV/0! | AY7: =$X$37 -> #DIV/0! | AZ7: =$Y$37 -> #DIV/0! | BA7: =$Z$37 -> #DIV/0!
A8: 1 | B8: =AVERAGE(J80:J109) -> 0.96612148 | C8: =AVERAGE(K80:K109) -> 0.78344584 | D8: =AVERAGE(L80:L109) -> #DIV/0! | E8: =AVERAGE(M80:M109) -> #DIV/0! | F8: =AVERAGE(N80:N109) -> #DIV/0! | G8: =AVERAGE(O80:O109) -> #DIV/0! | J8: 0.95926563 | K8: =AVERAGE(Q8,V8,AA8,AF8,AK8,AP8) -> 0.79718876 | L8: =AVERAGE(R8,W8,AB8,AG8,AL8,AQ8) -> #DIV/0! | M8: =AVERAGE(S8,X8,AC8,AH8,AM8,AR8) -> #DIV/0! | N8: =AVERAGE(T8,Y8,AD8,AI8,AN8,AS8) -> #DIV/0! | O8: =AVERAGE(U8,Z8,AE8,AJ8,AO8,AT8) -> #DIV/0! | Q8: 0.79518072 | V8: 0.75387263 | AA8: 0.87263339 | AF8: 0.75731497 | AK8: 0.82271945 | AP8: 0.78141136 | AV8: 3 | AW8: =$AA$37 -> 0.77709159 | AX8: =$AB$37 -> #DIV/0! | AY8: =$AC$37 -> #DIV/0! | AZ8: =$AD$37 -> #DIV/0! | BA8: =$AE$37 -> #DIV/0!
A9: 2 | B9: =AVERAGE(J117:J146) -> 0.96527543 | C9: =AVERAGE(K117:K146) -> 0.83077919 | D9: =AVERAGE(L117:L146) -> #DIV/0! | E9: =AVERAGE(M117:M146) -> #DIV/0! | F9: =AVERAGE(N117:N146) -> #DIV/0! | G9: =AVERAGE(O117:O146) -> #DIV/0! | J9: 0.97875817 | K9: =AVERAGE(Q9,V9,AA9,AF9,AK9,AP9) -> 0.88235294 | L9: =AVERAGE(R9,W9,AB9,AG9,AL9,AQ9) -> #DIV/0! | M9: =AVERAGE(S9,X9,AC9,AH9,AM9,AR9) -> #DIV/0! | N9: =AVERAGE(T9,Y9,AD9,AI9,AN9,AS9) -> #DIV/0! | O9: =AVERAGE(U9,Z9,AE9,AJ9,AO9,AT9) -> #DIV/0! | Q9: 0.89215686 | V9: 0.91421569 | AA9: 0.87254902 | AF9: 0.90196078 | AK9: 0.81372549 | AP9: 0.8995098 | AV9: 4 | AW9: =$AF$37 -> 0.77763075 | AX9: =$AG$37 -> #DIV/0! | AY9: =$AH$37 -> #DIV/0! | AZ9: =$AI$37 -> #DIV/0! | BA9: =$AJ$37 -> #DIV/0!
A10: 3 | B10: =AVERAGE(J154:J183) -> 0.96510655 | C10: =AVERAGE(K154:K183) -> 0.83320577 | D10: =AVERAGE(L154:L183) -> #DIV/0! | E10: =AVERAGE(M154:M183) -> #DIV/0! | F10: =AVERAGE(N154:N183) -> #DIV/0! | G10: =AVERAGE(O154:O183) -> #DIV/0! | J10: 0.97427035 | K10: =AVERAGE(Q10,V10,AA10,AF10,AK10,AP10) -> 0.81989247 | L10: =AVERAGE(R10,W10,AB10,AG10,AL10,AQ10) -> #DIV/0! | M10: =AVERAGE(S10,X10,AC10,AH10,AM10,AR10) -> #DIV/0! | N10: =AVERAGE(T10,Y10,AD10,AI10,AN10,AS10) -> #DIV/0! | O10: =AVERAGE(U10,Z10,AE10,AJ10,AO10,AT10) -> #DIV/0! | Q10: 0.75345622 | V10: 0.85483871 | AA10: 0.83870968 | AF10: 0.88248848 | AK10: 0.8156682 | AP10: 0.77419355 | AV10: 5 | AW10: =$AK$37 -> 0.77143725 | AX10: =$AL$37 -> #DIV/0! | AY10: =$AM$37 -> #DIV/0! | AZ10: =$AN$37 -> #DIV/0! | BA10: =$AO$37 -> #DIV/0!
J11: 0.97015426 | K11: =AVERAGE(Q11,V11,AA11,AF11,AK11,AP11) -> 0.65560027 | L11: =AVERAGE(R11,W11,AB11,AG11,AL11,AQ11) -> #DIV/0! | M11: =AVERAGE(S11,X11,AC11,AH11,AM11,AR11) -> #DIV/0! | N11: =AVERAGE(T11,Y11,AD11,AI11,AN11,AS11) -> #DIV/0! | O11: =AVERAGE(U11,Z11,AE11,AJ11,AO11,AT11) -> #DIV/0! | Q11: 0.78269618 | V11: 0.69014085 | AA11: 0.51710262 | AF11: 0.60160966 | AK11: 0.64788732 | AP11: 0.69416499 | AV11: 6 | AW11: =$AP$37 -> 0.7785741 | AX11: =$AQ$37 -> #DIV/0! | AY11: =$AR$37 -> #DIV/0! | AZ11: =$AS$37 -> #DIV/0! | BA11: =$AT$37 -> #DIV/0!
J12: 0.98477564 | K12: =AVERAGE(Q12,V12,AA12,AF12,AK12,AP12) -> 0.82011218 | L12: =AVERAGE(R12,W12,AB12,AG12,AL12,AQ12) -> #DIV/0! | M12: =AVERAGE(S12,X12,AC12,AH12,AM12,AR12) -> #DIV/0! | N12: =AVERAGE(T12,Y12,AD12,AI12,AN12,AS12) -> #DIV/0! | O12: =AVERAGE(U12,Z12,AE12,AJ12,AO12,AT12) -> #DIV/0! | Q12: 0.82932692 | V12: 0.76923077 | AA12: 0.85817308 | AF12: 0.77884615 | AK12: 0.85817308 | AP12: 0.82692308
J13: 0.95263158 | K13: =AVERAGE(Q13,V13,AA13,AF13,AK13,AP13) -> 0.73304094 | L13: =AVERAGE(R13,W13,AB13,AG13,AL13,AQ13) -> #DIV/0! | M13: =AVERAGE(S13,X13,AC13,AH13,AM13,AR13) -> #DIV/0! | N13: =AVERAGE(T13,Y13,AD13,AI13,AN13,AS13) -> #DIV/0! | O13: =AVERAGE(U13,Z13,AE13,AJ13,AO13,AT13) -> #DIV/0! | Q13: 0.76666667 | V13: 0.71403509 | AA13: 0.82982456 | AF13: 0.78596491 | AK13: 0.57894737 | AP13: 0.72280702
J14: 0.95764463 | K14: =AVERAGE(Q14,V14,AA14,AF14,AK14,AP14) -> 0.74517906 | L14: =AVERAGE(R14,W14,AB14,AG14,AL14,AQ14) -> #DIV/0! | M14: =AVERAGE(S14,X14,AC14,AH14,AM14,AR14) -> #DIV/0! | N14: =AVERAGE(T14,Y14,AD14,AI14,AN14,AS14) -> #DIV/0! | O14: =AVERAGE(U14,Z14,AE14,AJ14,AO14,AT14) -> #DIV/0! | Q14: 0.82644628 | V14: 0.74793388 | AA14: 0.64049587 | AF14: 0.71900826 | AK14: 0.77892562 | AP14: 0.75826446
J15: 0.95683931 | K15: =AVERAGE(Q15,V15,AA15,AF15,AK15,AP15) -> 0.71580345 | L15: =AVERAGE(R15,W15,AB15,AG15,AL15,AQ15) -> #DIV/0! | M15: =AVERAGE(S15,X15,AC15,AH15,AM15,AR15) -> #DIV/0! | N15: =AVERAGE(T15,Y15,AD15,AI15,AN15,AS15) -> #DIV/0! | O15: =AVERAGE(U15,Z15,AE15,AJ15,AO15,AT15) -> #DIV/0! | Q15: 0.59561753 | V15: 0.70318725 | AA15: 0.77689243 | AF15: 0.7310757 | AK15: 0.74302789 | AP15: 0.74501992 | AV15: =A7 -> 0.5 | AW15: Task 2 | AX15: Task 3 | AY15: Task 4 | AZ15: Task 5 | BA15: Task 6
J16: 0.95096022 | K16: =AVERAGE(Q16,V16,AA16,AF16,AK16,AP16) -> 0.70438957 | L16: =AVERAGE(R16,W16,AB16,AG16,AL16,AQ16) -> #DIV/0! | M16: =AVERAGE(S16,X16,AC16,AH16,AM16,AR16) -> #DIV/0! | N16: =AVERAGE(T16,Y16,AD16,AI16,AN16,AS16) -> #DIV/0! | O16: =AVERAGE(U16,Z16,AE16,AJ16,AO16,AT16) -> #DIV/0! | Q16: 0.79012346 | V16: 0.74897119 | AA16: 0.71399177 | AF16: 0.7654321 | AK16: 0.63580247 | AP16: 0.57201646 | AV16: 1 | AW16: =$Q$74 -> 0.81324377 | AX16: =$R$74 -> #DIV/0! | AY16: =$S$74 -> #DIV/0! | AZ16: =$T$74 -> #DIV/0! | BA16: =$U$74 -> #DIV/0!
J17: 0.9670913 | K17: =AVERAGE(Q17,V17,AA17,AF17,AK17,AP17) -> 0.81245577 | L17: =AVERAGE(R17,W17,AB17,AG17,AL17,AQ17) -> #DIV/0! | M17: =AVERAGE(S17,X17,AC17,AH17,AM17,AR17) -> #DIV/0! | N17: =AVERAGE(T17,Y17,AD17,AI17,AN17,AS17) -> #DIV/0! | O17: =AVERAGE(U17,Z17,AE17,AJ17,AO17,AT17) -> #DIV/0! | Q17: 0.80042463 | V17: 0.83864119 | AA17: 0.84713376 | AF17: 0.85138004 | AK17: 0.75796178 | AP17: 0.77919321 | AV17: 2 | AW17: =$V$74 -> 0.79695373 | AX17: =$W$74 -> #DIV/0! | AY17: =$X$74 -> #DIV/0! | AZ17: =$Y$74 -> #DIV/0! | BA17: =$Z$74 -> #DIV/0!
J18: 0.95840407 | K18: =AVERAGE(Q18,V18,AA18,AF18,AK18,AP18) -> 0.75947934 | L18: =AVERAGE(R18,W18,AB18,AG18,AL18,AQ18) -> #DIV/0! | M18: =AVERAGE(S18,X18,AC18,AH18,AM18,AR18) -> #DIV/0! | N18: =AVERAGE(T18,Y18,AD18,AI18,AN18,AS18) -> #DIV/0! | O18: =AVERAGE(U18,Z18,AE18,AJ18,AO18,AT18) -> #DIV/0! | Q18: 0.78438031 | V18: 0.78777589 | AA18: 0.66044143 | AF18: 0.75212224 | AK18: 0.81324278 | AP18: 0.75891341 | AV18: 3 | AW18: =$AA$74 -> 0.80663223 | AX18: =$AB$74 -> #DIV/0! | AY18: =$AC$74 -> #DIV/0! | AZ18: =$AD$74 -> #DIV/0! | BA18: =$AE$74 -> #DIV/0!
J19: 0.98191214 | K19: =AVERAGE(Q19,V19,AA19,AF19,AK19,AP19) -> 0.90600775 | L19: =AVERAGE(R19,W19,AB19,AG19,AL19,AQ19) -> #DIV/0! | M19: =AVERAGE(S19,X19,AC19,AH19,AM19,AR19) -> #DIV/0! | N19: =AVERAGE(T19,Y19,AD19,AI19,AN19,AS19) -> #DIV/0! | O19: =AVERAGE(U19,Z19,AE19,AJ19,AO19,AT19) -> #DIV/0! | Q19: 0.93217054 | V19: 0.89728682 | AA19: 0.89534884 | AF19: 0.87596899 | AK19: 0.89922481 | AP19: 0.93604651 | AV19: 4 | AW19: =$AF$74 -> 0.80359497 | AX19: =$AG$74 -> #DIV/0! | AY19: =$AH$74 -> #DIV/0! | AZ19: =$AI$74 -> #DIV/0! | BA19: =$AJ$74 -> #DIV/0!
J20: 0.9665328 | K20: =AVERAGE(Q20,V20,AA20,AF20,AK20,AP20) -> 0.79518072 | L20: =AVERAGE(R20,W20,AB20,AG20,AL20,AQ20) -> #DIV/0! | M20: =AVERAGE(S20,X20,AC20,AH20,AM20,AR20) -> #DIV/0! | N20: =AVERAGE(T20,Y20,AD20,AI20,AN20,AS20) -> #DIV/0! | O20: =AVERAGE(U20,Z20,AE20,AJ20,AO20,AT20) -> #DIV/0! | Q20: 0.86546185 | V20: 0.78915663 | AA20: 0.8253012 | AF20: 0.77911647 | AK20: 0.72690763 | AP20: 0.78514056 | AV20: 5 | AW20: =$AK$74 -> 0.80926225 | AX20: =$AL$74 -> #DIV/0! | AY20: =$AM$74 -> #DIV/0! | AZ20: =$AN$74 -> #DIV/0! | BA20: =$AO$74 -> #DIV/0!
J21: 0.95366667 | K21: =AVERAGE(Q21,V21,AA21,AF21,AK21,AP21) -> 0.79033333 | L21: =AVERAGE(R21,W21,AB21,AG21,AL21,AQ21) -> #DIV/0! | M21: =AVERAGE(S21,X21,AC21,AH21,AM21,AR21) -> #DIV/0! | N21: =AVERAGE(T21,Y21,AD21,AI21,AN21,AS21) -> #DIV/0! | O21: =AVERAGE(U21,Z21,AE21,AJ21,AO21,AT21) -> #DIV/0! | Q21: 0.862 | V21: 0.748 | AA21: 0.718 | AF21: 0.794 | AK21: 0.828 | AP21: 0.792 | AV21: 6 | AW21: =$AP$74 -> 0.80671595 | AX21: =$AQ$74 -> #DIV/0! | AY21: =$AR$74 -> #DIV/0! | AZ21: =$AS$74 -> #DIV/0! | BA21: =$AT$74 -> #DIV/0!
J22: 0.96720334 | K22: =AVERAGE(Q22,V22,AA22,AF22,AK22,AP22) -> 0.71049493 | L22: =AVERAGE(R22,W22,AB22,AG22,AL22,AQ22) -> #DIV/0! | M22: =AVERAGE(S22,X22,AC22,AH22,AM22,AR22) -> #DIV/0! | N22: =AVERAGE(T22,Y22,AD22,AI22,AN22,AS22) -> #DIV/0! | O22: =AVERAGE(U22,Z22,AE22,AJ22,AO22,AT22) -> #DIV/0! | Q22: 0.6332737 | V22: 0.74955277 | AA22: 0.73166369 | AF22: 0.74418605 | AK22: 0.62432916 | AP22: 0.77996422
J23: 0.96541443 | K23: =AVERAGE(Q23,V23,AA23,AF23,AK23,AP23) -> 0.70244484 | L23: =AVERAGE(R23,W23,AB23,AG23,AL23,AQ23) -> #DIV/0! | M23: =AVERAGE(S23,X23,AC23,AH23,AM23,AR23) -> #DIV/0! | N23: =AVERAGE(T23,Y23,AD23,AI23,AN23,AS23) -> #DIV/0! | O23: =AVERAGE(U23,Z23,AE23,AJ23,AO23,AT23) -> #DIV/0! | Q23: 0.70483005 | V23: 0.72987478 | AA23: 0.68157424 | AF23: 0.75849732 | AK23: 0.67799642 | AP23: 0.66189624
J24: 0.98527132 | K24: =AVERAGE(Q24,V24,AA24,AF24,AK24,AP24) -> 0.92403101 | L24: =AVERAGE(R24,W24,AB24,AG24,AL24,AQ24) -> #DIV/0! | M24: =AVERAGE(S24,X24,AC24,AH24,AM24,AR24) -> #DIV/0! | N24: =AVERAGE(T24,Y24,AD24,AI24,AN24,AS24) -> #DIV/0! | O24: =AVERAGE(U24,Z24,AE24,AJ24,AO24,AT24) -> #DIV/0! | Q24: 0.87209302 | V24: 0.96976744 | AA24: 0.94186047 | AF24: 0.93023256 | AK24: 0.93255814 | AP24: 0.89767442
J25: 0.96426529 | K25: =AVERAGE(Q25,V25,AA25,AF25,AK25,AP25) -> 0.73899371 | L25: =AVERAGE(R25,W25,AB25,AG25,AL25,AQ25) -> #DIV/0! | M25: =AVERAGE(S25,X25,AC25,AH25,AM25,AR25) -> #DIV/0! | N25: =AVERAGE(T25,Y25,AD25,AI25,AN25,AS25) -> #DIV/0! | O25: =AVERAGE(U25,Z25,AE25,AJ25,AO25,AT25) -> #DIV/0! | Q25: 0.78559177 | V25: 0.74785592 | AA25: 0.67409949 | AF25: 0.82675815 | AK25: 0.69296741 | AP25: 0.70668954 | AV25: =A8 -> 1 | AW25: Task 2 | AX25: Task 3 | AY25: Task 4 | AZ25: Task 5 | BA25: Task 6
J26: 0.98532731 | K26: =AVERAGE(Q26,V26,AA26,AF26,AK26,AP26) -> 0.90970655 | L26: =AVERAGE(R26,W26,AB26,AG26,AL26,AQ26) -> #DIV/0! | M26: =AVERAGE(S26,X26,AC26,AH26,AM26,AR26) -> #DIV/0! | N26: =AVERAGE(T26,Y26,AD26,AI26,AN26,AS26) -> #DIV/0! | O26: =AVERAGE(U26,Z26,AE26,AJ26,AO26,AT26) -> #DIV/0! | Q26: 0.91873589 | V26: 0.89841986 | AA26: 0.92776524 | AF26: 0.89164786 | AK26: 0.90744921 | AP26: 0.91422122 | AV26: 1 | AW26: =$Q$111 -> 0.78120722 | AX26: =$R$111 -> #DIV/0! | AY26: =$S$111 -> #DIV/0! | AZ26: =$T$111 -> #DIV/0! | BA26: =$U$111 -> #DIV/0!
J27: 0.95238095 | K27: =AVERAGE(Q27,V27,AA27,AF27,AK27,AP27) -> 0.78956583 | L27: =AVERAGE(R27,W27,AB27,AG27,AL27,AQ27) -> #DIV/0! | M27: =AVERAGE(S27,X27,AC27,AH27,AM27,AR27) -> #DIV/0! | N27: =AVERAGE(T27,Y27,AD27,AI27,AN27,AS27) -> #DIV/0! | O27: =AVERAGE(U27,Z27,AE27,AJ27,AO27,AT27) -> #DIV/0! | Q27: 0.82563025 | V27: 0.75210084 | AA27: 0.86344538 | AF27: 0.65336134 | AK27: 0.82563025 | AP27: 0.81722689 | AV27: 2 | AW27: =$V$111 -> 0.80334883 | AX27: =$W$111 -> #DIV/0! | AY27: =$X$111 -> #DIV/0! | AZ27: =$Y$111 -> #DIV/0! | BA27: =$Z$111 -> #DIV/0!
J28: 0.95451527 | K28: =AVERAGE(Q28,V28,AA28,AF28,AK28,AP28) -> 0.69289509 | L28: =AVERAGE(R28,W28,AB28,AG28,AL28,AQ28) -> #DIV/0! | M28: =AVERAGE(S28,X28,AC28,AH28,AM28,AR28) -> #DIV/0! | N28: =AVERAGE(T28,Y28,AD28,AI28,AN28,AS28) -> #DIV/0! | O28: =AVERAGE(U28,Z28,AE28,AJ28,AO28,AT28) -> #DIV/0! | Q28: 0.73505976 | V28: 0.65537849 | AA28: 0.72111554 | AF28: 0.69920319 | AK28: 0.76294821 | AP28: 0.58366534 | AV28: 3 | AW28: =$AA$111 -> 0.8118928 | AX28: =$AB$111 -> #DIV/0! | AY28: =$AC$111 -> #DIV/0! | AZ28: =$AD$111 -> #DIV/0! | BA28: =$AE$111 -> #DIV/0!
J29: 0.97364819 | K29: =AVERAGE(Q29,V29,AA29,AF29,AK29,AP29) -> 0.74058864 | L29: =AVERAGE(R29,W29,AB29,AG29,AL29,AQ29) -> #DIV/0! | M29: =AVERAGE(S29,X29,AC29,AH29,AM29,AR29) -> #DIV/0! | N29: =AVERAGE(T29,Y29,AD29,AI29,AN29,AS29) -> #DIV/0! | O29: =AVERAGE(U29,Z29,AE29,AJ29,AO29,AT29) -> #DIV/0! | Q29: 0.78028747 | V29: 0.81519507 | AA29: 0.73305955 | AF29: 0.72895277 | AK29: 0.67967146 | AP29: 0.7063655 | AV29: 4 | AW29: =$AF$111 -> 0.74578992 | AX29: =$AG$111 -> #DIV/0! | AY29: =$AH$111 -> #DIV/0! | AZ29: =$AI$111 -> #DIV/0! | BA29: =$AJ$111 -> #DIV/0!
J30: 0.98372093 | K30: =AVERAGE(Q30,V30,AA30,AF30,AK30,AP30) -> 0.9375969 | L30: =AVERAGE(R30,W30,AB30,AG30,AL30,AQ30) -> #DIV/0! | M30: =AVERAGE(S30,X30,AC30,AH30,AM30,AR30) -> #DIV/0! | N30: =AVERAGE(T30,Y30,AD30,AI30,AN30,AS30) -> #DIV/0! | O30: =AVERAGE(U30,Z30,AE30,AJ30,AO30,AT30) -> #DIV/0! | Q30: 0.95813953 | V30: 0.93023256 | AA30: 0.93255814 | AF30: 0.96046512 | AK30: 0.92093023 | AP30: 0.92325581 | AV30: 5 | AW30: =$AK$111 -> 0.82089814 | AX30: =$AL$111 -> #DIV/0! | AY30: =$AM$111 -> #DIV/0! | AZ30: =$AN$111 -> #DIV/0! | BA30: =$AO$111 -> #DIV/0!
J31: 0.97482838 | K31: =AVERAGE(Q31,V31,AA31,AF31,AK31,AP31) -> 0.84553776 | L31: =AVERAGE(R31,W31,AB31,AG31,AL31,AQ31) -> #DIV/0! | M31: =AVERAGE(S31,X31,AC31,AH31,AM31,AR31) -> #DIV/0! | N31: =AVERAGE(T31,Y31,AD31,AI31,AN31,AS31) -> #DIV/0! | O31: =AVERAGE(U31,Z31,AE31,AJ31,AO31,AT31) -> #DIV/0! | Q31: 0.94508009 | V31: 0.80778032 | AA31: 0.88558352 | AF31: 0.80549199 | AK31: 0.89244851 | AP31: 0.73684211 | AV31: 6 | AW31: =$AP$111 -> 0.73753814 | AX31: =$AQ$111 -> #DIV/0! | AY31: =$AR$111 -> #DIV/0! | AZ31: =$AS$111 -> #DIV/0! | BA31: =$AT$111 -> #DIV/0!
J32: 0.96455351 | K32: =AVERAGE(Q32,V32,AA32,AF32,AK32,AP32) -> 0.79277437 | L32: =AVERAGE(R32,W32,AB32,AG32,AL32,AQ32) -> #DIV/0! | M32: =AVERAGE(S32,X32,AC32,AH32,AM32,AR32) -> #DIV/0! | N32: =AVERAGE(T32,Y32,AD32,AI32,AN32,AS32) -> #DIV/0! | O32: =AVERAGE(U32,Z32,AE32,AJ32,AO32,AT32) -> #DIV/0! | Q32: 0.75869121 | V32: 0.86298569 | AA32: 0.78527607 | AF32: 0.799591 | AK32: 0.76278119 | AP32: 0.78732106
J33: 0.97022587 | K33: =AVERAGE(Q33,V33,AA33,AF33,AK33,AP33) -> 0.73682409 | L33: =AVERAGE(R33,W33,AB33,AG33,AL33,AQ33) -> #DIV/0! | M33: =AVERAGE(S33,X33,AC33,AH33,AM33,AR33) -> #DIV/0! | N33: =AVERAGE(T33,Y33,AD33,AI33,AN33,AS33) -> #DIV/0! | O33: =AVERAGE(U33,Z33,AE33,AJ33,AO33,AT33) -> #DIV/0! | Q33: 0.70431211 | V33: 0.75359343 | AA33: 0.75359343 | AF33: 0.61806982 | AK33: 0.76180698 | AP33: 0.82956879
J34: 0.95091123 | K34: =AVERAGE(Q34,V34,AA34,AF34,AK34,AP34) -> 0.71634333 | L34: =AVERAGE(R34,W34,AB34,AG34,AL34,AQ34) -> #DIV/0! | M34: =AVERAGE(S34,X34,AC34,AH34,AM34,AR34) -> #DIV/0! | N34: =AVERAGE(T34,Y34,AD34,AI34,AN34,AS34) -> #DIV/0! | O34: =AVERAGE(U34,Z34,AE34,AJ34,AO34,AT34) -> #DIV/0! | Q34: 0.75661376 | V34: 0.64726631 | AA34: 0.68253968 | AF34: 0.6984127 | AK34: 0.73897707 | AP34: 0.77425044
J35: 0.95374016 | K35: =AVERAGE(Q35,V35,AA35,AF35,AK35,AP35) -> 0.73622047 | L35: =AVERAGE(R35,W35,AB35,AG35,AL35,AQ35) -> #DIV/0! | M35: =AVERAGE(S35,X35,AC35,AH35,AM35,AR35) -> #DIV/0! | N35: =AVERAGE(T35,Y35,AD35,AI35,AN35,AS35) -> #DIV/0! | O35: =AVERAGE(U35,Z35,AE35,AJ35,AO35,AT35) -> #DIV/0! | Q35: 0.80905512 | V35: 0.67125984 | AA35: 0.76771654 | AF35: 0.67519685 | AK35: 0.6988189 | AP35: 0.79527559 | AV35: =A9 -> 2 | AW35: Task 2 | AX35: Task 3 | AY35: Task 4 | AZ35: Task 5 | BA35: Task 6
AV36: 1 | AW36: =$Q$148 -> 0.83213649 | AX36: =$R$148 -> #DIV/0! | AY36: =$S$148 -> #DIV/0! | AZ36: =$T$148 -> #DIV/0! | BA36: =$U$148 -> #DIV/0!
J37: 0.98844568 | K37: =AVERAGE(K6:K35) -> 0.78004217 | L37: =AVERAGE(L6:L35) -> #DIV/0! | M37: =AVERAGE(M6:M35) -> #DIV/0! | N37: =AVERAGE(N6:N35) -> #DIV/0! | O37: =AVERAGE(O6:O35) -> #DIV/0! | Q37: =AVERAGE(Q6:Q35) -> 0.79880544 | R37: =AVERAGE(R6:R35) -> #DIV/0! | S37: =AVERAGE(S6:S35) -> #DIV/0! | T37: =AVERAGE(T6:T35) -> #DIV/0! | U37: =AVERAGE(U6:U35) -> #DIV/0! | V37: =AVERAGE(V6:V35) -> 0.77671387 | W37: =AVERAGE(W6:W35) -> #DIV/0! | X37: =AVERAGE(X6:X35) -> #DIV/0! | ... AT37: =AVERAGE(AT6:AT35) -> #DIV/0! | AV37: 2 | AW37: =$V$148 -> 0.82400397 | AX37: =$W$148 -> #DIV/0! | AY37: =$X$148 -> #DIV/0! | AZ37: =$Y$148 -> #DIV/0! | BA37: =$Z$148 -> #DIV/0!
AV38: 3 | AW38: =$AA$148 -> 0.82979851 | AX38: =$AB$148 -> #DIV/0! | AY38: =$AC$148 -> #DIV/0! | AZ38: =$AD$148 -> #DIV/0! | BA38: =$AE$148 -> #DIV/0!
AV39: 4 | AW39: =$AF$148 -> 0.84592899 | AX39: =$AG$148 -> #DIV/0! | AY39: =$AH$148 -> #DIV/0! | AZ39: =$AI$148 -> #DIV/0! | BA39: =$AJ$148 -> #DIV/0!
J40: k=0.5 | AV40: 5 | AW40: =$AK$148 -> 0.83175941 | AX40: =$AL$148 -> #DIV/0! | AY40: =$AM$148 -> #DIV/0! | AZ40: =$AN$148 -> #DIV/0! | BA40: =$AO$148 -> #DIV/0!
Q41: 1 | V41: 2 | AA41: 3 | AF41: 4 | AK41: 5 | AP41: 6 | AV41: 6 | AW41: =$AP$148 -> 0.82104776 | AX41: =$AQ$148 -> #DIV/0! | AY41: =$AR$148 -> #DIV/0! | AZ41: =$AS$148 -> #DIV/0! | BA41: =$AT$148 -> #DIV/0!
I42: ID | J42: Task 1 | K42: Task 2 | L42: Task 3 | M42: Task 4 | N42: Task 5 | O42: Task 6 | Q42: Task 2 | R42: Task 3 | S42: Task 4 | T42: Task 5 | U42: Task 6 | V42: Task 2 | W42: Task 3 | X42: Task 4 | Y42: Task 5 | Z42: Task 6 | AA42: Task 2 | AB42: Task 3 | AC42: Task 4 | AD42: Task 5 | AE42: Task 6 | AF42: Task 2 | AG42: Task 3 | AH42: Task 4 | AI42: Task 5 | AJ42: Task 6 | AK42: Task 2 | AL42: Task 3 | AM42: Task 4 | AN42: Task 5 | AO42: Task 6 | AP42: Task 2 | AQ42: Task 3 | AR42: Task 4 | AS42: Task 5 | AT42: Task 6
J43: 0.95433333 | K43: =AVERAGE(Q43,V43,AA43,AF43,AK43,AP43) -> 0.80066667 | L43: =AVERAGE(R43,W43,AB43,AG43,AL43,AQ43) -> #DIV/0! | M43: =AVERAGE(S43,X43,AC43,AH43,AM43,AR43) -> #DIV/0! | N43: =AVERAGE(T43,Y43,AD43,AI43,AN43,AS43) -> #DIV/0! | O43: =AVERAGE(U43,Z43,AE43,AJ43,AO43,AT43) -> #DIV/0! | Q43: 0.74 | V43: 0.798 | AA43: 0.846 | AF43: 0.86 | AK43: 0.812 | AP43: 0.748
J44: 0.95505249 | K44: =AVERAGE(Q44,V44,AA44,AF44,AK44,AP44) -> 0.7644357 | L44: =AVERAGE(R44,W44,AB44,AG44,AL44,AQ44) -> #DIV/0! | M44: =AVERAGE(S44,X44,AC44,AH44,AM44,AR44) -> #DIV/0! | N44: =AVERAGE(T44,Y44,AD44,AI44,AN44,AS44) -> #DIV/0! | O44: =AVERAGE(U44,Z44,AE44,AJ44,AO44,AT44) -> #DIV/0! | Q44: 0.76968504 | V44: 0.7480315 | AA44: 0.75787402 | AF44: 0.79330709 | AK44: 0.72244094 | AP44: 0.79527559
J45: 0.96012622 | K45: =AVERAGE(Q45,V45,AA45,AF45,AK45,AP45) -> 0.84652897 | L45: =AVERAGE(R45,W45,AB45,AG45,AL45,AQ45) -> #DIV/0! | M45: =AVERAGE(S45,X45,AC45,AH45,AM45,AR45) -> #DIV/0! | N45: =AVERAGE(T45,Y45,AD45,AI45,AN45,AS45) -> #DIV/0! | O45: =AVERAGE(U45,Z45,AE45,AJ45,AO45,AT45) -> #DIV/0! | Q45: 0.83993115 | V45: 0.83648881 | AA45: 0.89328744 | AF45: 0.79345955 | AK45: 0.85886403 | AP45: 0.85714286 | AV45: =A10 -> 3 | AW45: Task 2 | AX45: Task 3 | AY45: Task 4 | AZ45: Task 5 | BA45: Task 6
J46: 0.9754902 | K46: =AVERAGE(Q46,V46,AA46,AF46,AK46,AP46) -> 0.89174837 | L46: =AVERAGE(R46,W46,AB46,AG46,AL46,AQ46) -> #DIV/0! | M46: =AVERAGE(S46,X46,AC46,AH46,AM46,AR46) -> #DIV/0! | N46: =AVERAGE(T46,Y46,AD46,AI46,AN46,AS46) -> #DIV/0! | O46: =AVERAGE(U46,Z46,AE46,AJ46,AO46,AT46) -> #DIV/0! | Q46: 0.90931373 | V46: 0.89215686 | AA46: 0.84803922 | AF46: 0.91421569 | AK46: 0.89460784 | AP46: 0.89215686 | AV46: 1 | AW46: =$Q$185 -> 0.83394193 | AX46: =$R$185 -> #DIV/0! | AY46: =$S$185 -> #DIV/0! | AZ46: =$T$185 -> #DIV/0! | BA46: =$U$185 -> #DIV/0!
J47: 0.9735023 | K47: =AVERAGE(Q47,V47,AA47,AF47,AK47,AP47) -> 0.85714286 | L47: =AVERAGE(R47,W47,AB47,AG47,AL47,AQ47) -> #DIV/0! | M47: =AVERAGE(S47,X47,AC47,AH47,AM47,AR47) -> #DIV/0! | N47: =AVERAGE(T47,Y47,AD47,AI47,AN47,AS47) -> #DIV/0! | O47: =AVERAGE(U47,Z47,AE47,AJ47,AO47,AT47) -> #DIV/0! | Q47: 0.88248848 | V47: 0.79262673 | AA47: 0.88248848 | AF47: 0.89631336 | AK47: 0.83179724 | AP47: 0.85714286 | AV47: 2 | AW47: =$V$185 -> 0.83105019 | AX47: =$W$185 -> #DIV/0! | AY47: =$X$185 -> #DIV/0! | AZ47: =$Y$185 -> #DIV/0! | BA47: =$Z$185 -> #DIV/0!
J48: 0.9637827 | K48: =AVERAGE(Q48,V48,AA48,AF48,AK48,AP48) -> 0.76056338 | L48: =AVERAGE(R48,W48,AB48,AG48,AL48,AQ48) -> #DIV/0! | M48: =AVERAGE(S48,X48,AC48,AH48,AM48,AR48) -> #DIV/0! | N48: =AVERAGE(T48,Y48,AD48,AI48,AN48,AS48) -> #DIV/0! | O48: =AVERAGE(U48,Z48,AE48,AJ48,AO48,AT48) -> #DIV/0! | Q48: 0.8028169 | V48: 0.75251509 | AA48: 0.65794769 | AF48: 0.73440644 | AK48: 0.78672032 | AP48: 0.82897384 | AV48: 3 | AW48: =$AA$185 -> 0.83141338 | AX48: =$AB$185 -> #DIV/0! | AY48: =$AC$185 -> #DIV/0! | AZ48: =$AD$185 -> #DIV/0! | BA48: =$AE$185 -> #DIV/0!
J49: 0.98637821 | K49: =AVERAGE(Q49,V49,AA49,AF49,AK49,AP49) -> 0.875 | L49: =AVERAGE(R49,W49,AB49,AG49,AL49,AQ49) -> #DIV/0! | M49: =AVERAGE(S49,X49,AC49,AH49,AM49,AR49) -> #DIV/0! | N49: =AVERAGE(T49,Y49,AD49,AI49,AN49,AS49) -> #DIV/0! | O49: =AVERAGE(U49,Z49,AE49,AJ49,AO49,AT49) -> #DIV/0! | Q49: 0.88221154 | V49: 0.875 | AA49: 0.84375 | AF49: 0.91826923 | AK49: 0.89182692 | AP49: 0.83894231 | AV49: 4 | AW49: =$AF$185 -> 0.82346674 | AX49: =$AG$185 -> #DIV/0! | AY49: =$AH$185 -> #DIV/0! | AZ49: =$AI$185 -> #DIV/0! | BA49: =$AJ$185 -> #DIV/0!
J50: 0.95204678 | K50: =AVERAGE(Q50,V50,AA50,AF50,AK50,AP50) -> 0.77865497 | L50: =AVERAGE(R50,W50,AB50,AG50,AL50,AQ50) -> #DIV/0! | M50: =AVERAGE(S50,X50,AC50,AH50,AM50,AR50) -> #DIV/0! | N50: =AVERAGE(T50,Y50,AD50,AI50,AN50,AS50) -> #DIV/0! | O50: =AVERAGE(U50,Z50,AE50,AJ50,AO50,AT50) -> #DIV/0! | Q50: 0.77894737 | V50: 0.7 | AA50: 0.84912281 | AF50: 0.72631579 | AK50: 0.80175439 | AP50: 0.81578947 | AV50: 5 | AW50: =$AK$185 -> 0.82770493 | AX50: =$AL$185 -> #DIV/0! | AY50: =$AM$185 -> #DIV/0! | AZ50: =$AN$185 -> #DIV/0! | BA50: =$AO$185 -> #DIV/0!
J51: 0.95661157 | K51: =AVERAGE(Q51,V51,AA51,AF51,AK51,AP51) -> 0.73932507 | L51: =AVERAGE(R51,W51,AB51,AG51,AL51,AQ51) -> #DIV/0! | M51: =AVERAGE(S51,X51,AC51,AH51,AM51,AR51) -> #DIV/0! | N51: =AVERAGE(T51,Y51,AD51,AI51,AN51,AS51) -> #DIV/0! | O51: =AVERAGE(U51,Z51,AE51,AJ51,AO51,AT51) -> #DIV/0! | Q51: 0.69834711 | V51: 0.75619835 | AA51: 0.80991736 | AF51: 0.73140496 | AK51: 0.78099174 | AP51: 0.65909091 | AV51: 6 | AW51: =$AP$185 -> 0.85165744 | AX51: =$AQ$185 -> #DIV/0! | AY51: =$AR$185 -> #DIV/0! | AZ51: =$AS$185 -> #DIV/0! | BA51: =$AT$185 -> #DIV/0!
J52: 0.95285525 | K52: =AVERAGE(Q52,V52,AA52,AF52,AK52,AP52) -> 0.75830013 | L52: =AVERAGE(R52,W52,AB52,AG52,AL52,AQ52) -> #DIV/0! | M52: =AVERAGE(S52,X52,AC52,AH52,AM52,AR52) -> #DIV/0! | N52: =AVERAGE(T52,Y52,AD52,AI52,AN52,AS52) -> #DIV/0! | O52: =AVERAGE(U52,Z52,AE52,AJ52,AO52,AT52) -> #DIV/0! | Q52: 0.7689243 | V52: 0.76693227 | AA52: 0.70717131 | AF52: 0.69721116 | AK52: 0.75099602 | AP52: 0.85856574
J53: 0.94821674 | K53: =AVERAGE(Q53,V53,AA53,AF53,AK53,AP53) -> 0.71364883 | L53: =AVERAGE(R53,W53,AB53,AG53,AL53,AQ53) -> #DIV/0! | M53: =AVERAGE(S53,X53,AC53,AH53,AM53,AR53) -> #DIV/0! | N53: =AVERAGE(T53,Y53,AD53,AI53,AN53,AS53) -> #DIV/0! | O53: =AVERAGE(U53,Z53,AE53,AJ53,AO53,AT53) -> #DIV/0! | Q53: 0.71399177 | V53: 0.82921811 | AA53: 0.74279835 | AF53: 0.61316872 | AK53: 0.67078189 | AP53: 0.71193416
J54: 0.96638358 | K54: =AVERAGE(Q54,V54,AA54,AF54,AK54,AP54) -> 0.80219391 | L54: =AVERAGE(R54,W54,AB54,AG54,AL54,AQ54) -> #DIV/0! | M54: =AVERAGE(S54,X54,AC54,AH54,AM54,AR54) -> #DIV/0! | N54: =AVERAGE(T54,Y54,AD54,AI54,AN54,AS54) -> #DIV/0! | O54: =AVERAGE(U54,Z54,AE54,AJ54,AO54,AT54) -> #DIV/0! | Q54: 0.82165605 | V54: 0.8343949 | AA54: 0.67515924 | AF54: 0.81740977 | AK54: 0.84288747 | AP54: 0.82165605
J55: 0.96378042 | K55: =AVERAGE(Q55,V55,AA55,AF55,AK55,AP55) -> 0.77277872 | L55: =AVERAGE(R55,W55,AB55,AG55,AL55,AQ55) -> #DIV/0! | M55: =AVERAGE(S55,X55,AC55,AH55,AM55,AR55) -> #DIV/0! | N55: =AVERAGE(T55,Y55,AD55,AI55,AN55,AS55) -> #DIV/0! | O55: =AVERAGE(U55,Z55,AE55,AJ55,AO55,AT55) -> #DIV/0! | Q55: 0.73174873 | V55: 0.77079796 | AA55: 0.80135823 | AF55: 0.69949066 | AK55: 0.83531409 | AP55: 0.79796265
J56: 0.98062016 | K56: =AVERAGE(Q56,V56,AA56,AF56,AK56,AP56) -> 0.9131137 | L56: =AVERAGE(R56,W56,AB56,AG56,AL56,AQ56) -> #DIV/0! | M56: =AVERAGE(S56,X56,AC56,AH56,AM56,AR56) -> #DIV/0! | N56: =AVERAGE(T56,Y56,AD56,AI56,AN56,AS56) -> #DIV/0! | O56: =AVERAGE(U56,Z56,AE56,AJ56,AO56,AT56) -> #DIV/0! | Q56: 0.92829457 | V56: 0.89341085 | AA56: 0.89728682 | AF56: 0.94379845 | AK56: 0.9127907 | AP56: 0.90310078
J57: 0.96318608 | K57: =AVERAGE(Q57,V57,AA57,AF57,AK57,AP57) -> 0.82262383 | L57: =AVERAGE(R57,W57,AB57,AG57,AL57,AQ57) -> #DIV/0! | M57: =AVERAGE(S57,X57,AC57,AH57,AM57,AR57) -> #DIV/0! | N57: =AVERAGE(T57,Y57,AD57,AI57,AN57,AS57) -> #DIV/0! | O57: =AVERAGE(U57,Z57,AE57,AJ57,AO57,AT57) -> #DIV/0! | Q57: 0.82730924 | V57: 0.7188755 | AA57: 0.75903614 | AF57: 0.8373494 | AK57: 0.8935743 | AP57: 0.89959839
J58: 0.955 | K58: =AVERAGE(Q58,V58,AA58,AF58,AK58,AP58) -> 0.79333333 | L58: =AVERAGE(R58,W58,AB58,AG58,AL58,AQ58) -> #DIV/0! | M58: =AVERAGE(S58,X58,AC58,AH58,AM58,AR58) -> #DIV/0! | N58: =AVERAGE(T58,Y58,AD58,AI58,AN58,AS58) -> #DIV/0! | O58: =AVERAGE(U58,Z58,AE58,AJ58,AO58,AT58) -> #DIV/0! | Q58: 0.75 | V58: 0.782 | AA58: 0.74 | AF58: 0.832 | AK58: 0.854 | AP58: 0.802
J59: 0.96541443 | K59: =AVERAGE(Q59,V59,AA59,AF59,AK59,AP59) -> 0.7757901 | L59: =AVERAGE(R59,W59,AB59,AG59,AL59,AQ59) -> #DIV/0! | M59: =AVERAGE(S59,X59,AC59,AH59,AM59,AR59) -> #DIV/0! | N59: =AVERAGE(T59,Y59,AD59,AI59,AN59,AS59) -> #DIV/0! | O59: =AVERAGE(U59,Z59,AE59,AJ59,AO59,AT59) -> #DIV/0! | Q59: 0.76386404 | V59: 0.79069767 | AA59: 0.74776386 | AF59: 0.78890877 | AK59: 0.76744186 | AP59: 0.7960644
J60: 0.96690519 | K60: =AVERAGE(Q60,V60,AA60,AF60,AK60,AP60) -> 0.7248062 | L60: =AVERAGE(R60,W60,AB60,AG60,AL60,AQ60) -> #DIV/0! | M60: =AVERAGE(S60,X60,AC60,AH60,AM60,AR60) -> #DIV/0! | N60: =AVERAGE(T60,Y60,AD60,AI60,AN60,AS60) -> #DIV/0! | O60: =AVERAGE(U60,Z60,AE60,AJ60,AO60,AT60) -> #DIV/0! | Q60: 0.72987478 | V60: 0.77817531 | AA60: 0.74060823 | AF60: 0.6726297 | AK60: 0.71019678 | AP60: 0.71735242
J61: 0.98682171 | K61: =AVERAGE(Q61,V61,AA61,AF61,AK61,AP61) -> 0.93294574 | L61: =AVERAGE(R61,W61,AB61,AG61,AL61,AQ61) -> #DIV/0! | M61: =AVERAGE(S61,X61,AC61,AH61,AM61,AR61) -> #DIV/0! | N61: =AVERAGE(T61,Y61,AD61,AI61,AN61,AS61) -> #DIV/0! | O61: =AVERAGE(U61,Z61,AE61,AJ61,AO61,AT61) -> #DIV/0! | Q61: 0.94186047 | V61: 0.9372093 | AA61: 0.93488372 | AF61: 0.90697674 | AK61: 0.93953488 | AP61: 0.9372093
J62: 0.96283591 | K62: =AVERAGE(Q62,V62,AA62,AF62,AK62,AP62) -> 0.77387078 | L62: =AVERAGE(R62,W62,AB62,AG62,AL62,AQ62) -> #DIV/0! | M62: =AVERAGE(S62,X62,AC62,AH62,AM62,AR62) -> #DIV/0! | N62: =AVERAGE(T62,Y62,AD62,AI62,AN62,AS62) -> #DIV/0! | O62: =AVERAGE(U62,Z62,AE62,AJ62,AO62,AT62) -> #DIV/0! | Q62: 0.79588336 | V62: 0.75471698 | AA62: 0.77701544 | AF62: 0.83018868 | AK62: 0.76329331 | AP62: 0.72212693
J63: 0.9868322 | K63: =AVERAGE(Q63,V63,AA63,AF63,AK63,AP63) -> 0.87998495 | L63: =AVERAGE(R63,W63,AB63,AG63,AL63,AQ63) -> #DIV/0! | M63: =AVERAGE(S63,X63,AC63,AH63,AM63,AR63) -> #DIV/0! | N63: =AVERAGE(T63,Y63,AD63,AI63,AN63,AS63) -> #DIV/0! | O63: =AVERAGE(U63,Z63,AE63,AJ63,AO63,AT63) -> #DIV/0! | Q63: 0.88036117 | V63: 0.83295711 | AA63: 0.88713318 | AF63: 0.88487585 | AK63: 0.89616253 | AP63: 0.89841986
... J72: 0.95734908 | K72: =AVERAGE(Q72,V72,AA72,AF72,AK72,AP72) -> 0.7355643 | L72: =AVERAGE(R72,W72,AB72,AG72,AL72,AQ72) -> #DIV/0! | M72: =AVERAGE(S72,X72,AC72,AH72,AM72,AR72) -> #DIV/0! | N72: =AVERAGE(T72,Y72,AD72,AI72,AN72,AS72) -> #DIV/0! | O72: =AVERAGE(U72,Z72,AE72,AJ72,AO72,AT72) -> #DIV/0! | Q72: 0.71259843 | V72: 0.71259843 | AA72: 0.83858268 | AF72: 0.76574803 | AK72: 0.71653543 | AP72: 0.66732283
J74: 0.99256308 | K74: =AVERAGE(K43:K72) -> 0.80606715 | L74: =AVERAGE(L43:L72) -> #DIV/0! | M74: =AVERAGE(M43:M72) -> #DIV/0! | N74: =AVERAGE(N43:N72) -> #DIV/0! | O74: =AVERAGE(O43:O72) -> #DIV/0! | Q74: =AVERAGE(Q43:Q72) -> 0.81324377 | R74: =AVERAGE(R43:R72) -> #DIV/0! | S74: =AVERAGE(S43:S72) -> #DIV/0! | T74: =AVERAGE(T43:T72) -> #DIV/0! | U74: =AVERAGE(U43:U72) -> #DIV/0! | V74: =AVERAGE(V43:V72) -> 0.79695373 | W74: =AVERAGE(W43:W72) -> #DIV/0! | X74: =AVERAGE(X43:X72) -> #DIV/0! | ... AT74: =AVERAGE(AT43:AT72) -> #DIV/0!
J77: k=1
Q78: 1 | V78: 2 | AA78: 3 | AF78: 4 | AK78: 5 | AP78: 6
I79: ID | J79: Task 1 | K79: Task 2 | L79: Task 3 | M79: Task 4 | N79: Task 5 | O79: Task 6 | Q79: Task 2 | R79: Task 3 | S79: Task 4 | T79: Task 5 | U79: Task 6 | V79: Task 2 | W79: Task 3 | X79: Task 4 | Y79: Task 5 | Z79: Task 6 | AA79: Task 2 | AB79: Task 3 | AC79: Task 4 | AD79: Task 5 | AE79: Task 6 | AF79: Task 2 | AG79: Task 3 | AH79: Task 4 | AI79: Task 5 | AJ79: Task 6 | AK79: Task 2 | AL79: Task 3 | AM79: Task 4 | AN79: Task 5 | AO79: Task 6 | AP79: Task 2 | AQ79: Task 3 | AR79: Task 4 | AS79: Task 5 | AT79: Task 6
J80: 0.95566667 | K80: =AVERAGE(Q80,V80,AA80,AF80,AK80,AP80) -> 0.73633333 | L80: =AVERAGE(R80,W80,AB80,AG80,AL80,AQ80) -> #DIV/0! | M80: =AVERAGE(S80,X80,AC80,AH80,AM80,AR80) -> #DIV/0! | N80: =AVERAGE(T80,Y80,AD80,AI80,AN80,AS80) -> #DIV/0! | O80: =AVERAGE(U80,Z80,AE80,AJ80,AO80,AT80) -> #DIV/0! | Q80: 0.82 | V80: 0.862 | AA80: 0.818 | AF80: 0.274 | AK80: 0.832 | AP80: 0.812
J81: 0.95669291 | K81: =AVERAGE(Q81,V81,AA81,AF81,AK81,AP81) -> 0.77559055 | L81: =AVERAGE(R81,W81,AB81,AG81,AL81,AQ81) -> #DIV/0! | M81: =AVERAGE(S81,X81,AC81,AH81,AM81,AR81) -> #DIV/0! | N81: =AVERAGE(T81,Y81,AD81,AI81,AN81,AS81) -> #DIV/0! | O81: =AVERAGE(U81,Z81,AE81,AJ81,AO81,AT81) -> #DIV/0! | Q81: 0.78149606 | V81: 0.83267717 | AA81: 0.83464567 | AF81: 0.67322835 | AK81: 0.76574803 | AP81: 0.76574803
J82: 0.96012622 | K82: =AVERAGE(Q82,V82,AA82,AF82,AK82,AP82) -> 0.82989099 | L82: =AVERAGE(R82,W82,AB82,AG82,AL82,AQ82) -> #DIV/0! | M82: =AVERAGE(S82,X82,AC82,AH82,AM82,AR82) -> #DIV/0! | N82: =AVERAGE(T82,Y82,AD82,AI82,AN82,AS82) -> #DIV/0! | O82: =AVERAGE(U82,Z82,AE82,AJ82,AO82,AT82) -> #DIV/0! | Q82: 0.80034423 | V82: 0.82099828 | AA82: 0.76247849 | AF82: 0.89328744 | AK82: 0.82960413 | AP82: 0.87263339
J83: 0.98039216 | K83: =AVERAGE(Q83,V83,AA83,AF83,AK83,AP83) -> 0.84313725 | L83: =AVERAGE(R83,W83,AB83,AG83,AL83,AQ83) -> #DIV/0! | M83: =AVERAGE(S83,X83,AC83,AH83,AM83,AR83) -> #DIV/0! | N83: =AVERAGE(T83,Y83,AD83,AI83,AN83,AS83) -> #DIV/0! | O83: =AVERAGE(U83,Z83,AE83,AJ83,AO83,AT83) -> #DIV/0! | Q83: 0.90931373 | V83: 0.8872549 | AA83: 0.5 | AF83: 0.94362745 | AK83: 0.93872549 | AP83: 0.87990196
J84: 0.97427035 | K84: =AVERAGE(Q84,V84,AA84,AF84,AK84,AP84) -> 0.87634409 | L84: =AVERAGE(R84,W84,AB84,AG84,AL84,AQ84) -> #DIV/0! | M84: =AVERAGE(S84,X84,AC84,AH84,AM84,AR84) -> #DIV/0! | N84: =AVERAGE(T84,Y84,AD84,AI84,AN84,AS84) -> #DIV/0! | O84: =AVERAGE(U84,Z84,AE84,AJ84,AO84,AT84) -> #DIV/0! | Q84: 0.859447 | V84: 0.91013825 | AA84: 0.81336406 | AF84: 0.91935484 | AK84: 0.92165899 | AP84: 0.83410138
J85: 0.96545942 | K85: =AVERAGE(Q85,V85,AA85,AF85,AK85,AP85) -> 0.70020121 | L85: =AVERAGE(R85,W85,AB85,AG85,AL85,AQ85) -> #DIV/0! | M85: =AVERAGE(S85,X85,AC85,AH85,AM85,AR85) -> #DIV/0! | N85: =AVERAGE(T85,Y85,AD85,AI85,AN85,AS85) -> #DIV/0! | O85: =AVERAGE(U85,Z85,AE85,AJ85,AO85,AT85) -> #DIV/0! | Q85: 0.75251509 | V85: 0.67002012 | AA85: 0.7444668 | AF85: 0.65392354 | AK85: 0.70623742 | AP85: 0.67404427
J86: 0.98277244 | K86: =AVERAGE(Q86,V86,AA86,AF86,AK86,AP86) -> 0.77924679 | L86: =AVERAGE(R86,W86,AB86,AG86,AL86,AQ86) -> #DIV/0! | M86: =AVERAGE(S86,X86,AC86,AH86,AM86,AR86) -> #DIV/0! | N86: =AVERAGE(T86,Y86,AD86,AI86,AN86,AS86) -> #DIV/0! | O86: =AVERAGE(U86,Z86,AE86,AJ86,AO86,AT86) -> #DIV/0! | Q86: 0.88221154 | V86: 0.87019231 | AA86: 0.80769231 | AF86: 0.91346154 | AK86: 0.94951923 | AP86: 0.25240385
J87: 0.95380117 | K87: =AVERAGE(Q87,V87,AA87,AF87,AK87,AP87) -> 0.77836257 | L87: =AVERAGE(R87,W87,AB87,AG87,AL87,AQ87) -> #DIV/0! | M87: =AVERAGE(S87,X87,AC87,AH87,AM87,AR87) -> #DIV/0! | N87: =AVERAGE(T87,Y87,AD87,AI87,AN87,AS87) -> #DIV/0! | O87: =AVERAGE(U87,Z87,AE87,AJ87,AO87,AT87) -> #DIV/0! | Q87: 0.74736842 | V87: 0.77368421 | AA87: 0.77894737 | AF87: 0.81052632 | AK87: 0.77368421 | AP87: 0.78596491
J88: 0.9600551 | K88: =AVERAGE(Q88,V88,AA88,AF88,AK88,AP88) -> 0.60881543 | L88: =AVERAGE(R88,W88,AB88,AG88,AL88,AQ88) -> #DIV/0! | M88: =AVERAGE(S88,X88,AC88,AH88,AM88,AR88) -> #DIV/0! | N88: =AVERAGE(T88,Y88,AD88,AI88,AN88,AS88) -> #DIV/0! | O88: =AVERAGE(U88,Z88,AE88,AJ88,AO88,AT88) -> #DIV/0! | Q88: 0.84504132 | V88: 0.83884298 | AA88: 0.65702479 | AF88: 0.27066116 | AK88: 0.75826446 | AP88: 0.28305785
J89: 0.95517928 | K89: =AVERAGE(Q89,V89,AA89,AF89,AK89,AP89) -> 0.82104914 | L89: =AVERAGE(R89,W89,AB89,AG89,AL89,AQ89) -> #DIV/0! | M89: =AVERAGE(S89,X89,AC89,AH89,AM89,AR89) -> #DIV/0! | N89: =AVERAGE(T89,Y89,AD89,AI89,AN89,AS89) -> #DIV/0! | O89: =AVERAGE(U89,Z89,AE89,AJ89,AO89,AT89) -> #DIV/0! | Q89: 0.75298805 | V89: 0.8685259 | AA89: 0.8685259 | AF89: 0.83864542 | AK89: 0.80876494 | AP89: 0.78884462
J90: 0.9526749 | K90: =AVERAGE(Q90,V90,AA90,AF90,AK90,AP90) -> 0.66495199 | L90: =AVERAGE(R90,W90,AB90,AG90,AL90,AQ90) -> #DIV/0! | M90: =AVERAGE(S90,X90,AC90,AH90,AM90,AR90) -> #DIV/0! | N90: =AVERAGE(T90,Y90,AD90,AI90,AN90,AS90) -> #DIV/0! | O90: =AVERAGE(U90,Z90,AE90,AJ90,AO90,AT90) -> #DIV/0! | Q90: 0.69958848 | V90: 0.6872428 | AA90: 0.72839506 | AF90: 0.70987654 | AK90: 0.55144033 | AP90: 0.61316872
J91: 0.9670913 | K91: =AVERAGE(Q91,V91,AA91,AF91,AK91,AP91) -> 0.81493277 | L91: =AVERAGE(R91,W91,AB91,AG91,AL91,AQ91) -> #DIV/0! | M91: =AVERAGE(S91,X91,AC91,AH91,AM91,AR91) -> #DIV/0! | N91: =AVERAGE(T91,Y91,AD91,AI91,AN91,AS91) -> #DIV/0! | O91: =AVERAGE(U91,Z91,AE91,AJ91,AO91,AT91) -> #DIV/0! | Q91: 0.85987261 | V91: 0.71974522 | AA91: 0.86199575 | AF91: 0.82377919 | AK91: 0.78556263 | AP91: 0.83864119
... J109: 0.95406824 | K109: =AVERAGE(Q109,V109,AA109,AF109,AK109,AP109) -> 0.8011811 | L109: =AVERAGE(R109,W109,AB109,AG109,AL109,AQ109) -> #DIV/0! | M109: =AVERAGE(S109,X109,AC109,AH109,AM109,AR109) -> #DIV/0! | N109: =AVERAGE(T109,Y109,AD109,AI109,AN109,AS109) -> #DIV/0! | O109: =AVERAGE(U109,Z109,AE109,AJ109,AO109,AT109) -> #DIV/0! | Q109: 0.82086614 | V109: 0.7992126 | AA109: 0.79330709 | AF109: 0.83464567 | AK109: 0.80708661 | AP109: 0.7519685
J111: 0.99067066 | K111: =AVERAGE(K80:K109) -> 0.78344584 | L111: =AVERAGE(L80:L109) -> #DIV/0! | M111: =AVERAGE(M80:M109) -> #DIV/0! | N111: =AVERAGE(N80:N109) -> #DIV/0! | O111: =AVERAGE(O80:O109) -> #DIV/0! | Q111: =AVERAGE(Q80:Q109) -> 0.78120722 | R111: =AVERAGE(R80:R109) -> #DIV/0! | S111: =AVERAGE(S80:S109) -> #DIV/0! | T111: =AVERAGE(T80:T109) -> #DIV/0! | U111: =AVERAGE(U80:U109) -> #DIV/0! | V111: =AVERAGE(V80:V109) -> 0.80334883 | W111: =AVERAGE(W80:W109) -> #DIV/0! | X111: =AVERAGE(X80:X109) -> #DIV/0! | ... AT111: =AVERAGE(AT80:AT109) -> #DIV/0!
J114: k=2
Q115: 1 | V115: 2 | AA115: 3 | AF115: 4 | AK115: 5 | AP115: 6
I116: ID | J116: Task 1 | K116: Task 2 | L116: Task 3 | M116: Task 4 | N116: Task 5 | O116: Task 6 | Q116: Task 2 | R116: Task 3 | S116: Task 4 | T116: Task 5 | U116: Task 6 | V116: Task 2 | W116: Task 3 | X116: Task 4 | Y116: Task 5 | Z116: Task 6 | AA116: Task 2 | AB116: Task 3 | AC116: Task 4 | AD116: Task 5 | AE116: Task 6 | AF116: Task 2 | AG116: Task 3 | AH116: Task 4 | AI116: Task 5 | AJ116: Task 6 | AK116: Task 2 | AL116: Task 3 | AM116: Task 4 | AN116: Task 5 | AO116: Task 6 | AP116: Task 2 | AQ116: Task 3 | AR116: Task 4 | AS116: Task 5 | AT116: Task 6
J117: 0.95566667 | K117: =AVERAGE(Q117,V117,AA117,AF117,AK117,AP117) -> 0.833 | L117: =AVERAGE(R117,W117,AB117,AG117,AL117,AQ117) -> #DIV/0! | M117: =AVERAGE(S117,X117,AC117,AH117,AM117,AR117) -> #DIV/0! | N117: =AVERAGE(T117,Y117,AD117,AI117,AN117,AS117) -> #DIV/0! | O117: =AVERAGE(U117,Z117,AE117,AJ117,AO117,AT117) -> #DIV/0! | Q117: 0.776 | V117: 0.86 | AA117: 0.866 | AF117: 0.826 | AK117: 0.84 | AP117: 0.83
J118: 0.94980315 | K118: =AVERAGE(Q118,V118,AA118,AF118,AK118,AP118) -> 0.78444882 | L118: =AVERAGE(R118,W118,AB118,AG118,AL118,AQ118) -> #DIV/0! | M118: =AVERAGE(S118,X118,AC118,AH118,AM118,AR118) -> #DIV/0! | N118: =AVERAGE(T118,Y118,AD118,AI118,AN118,AS118) -> #DIV/0! | O118: =AVERAGE(U118,Z118,AE118,AJ118,AO118,AT118) -> #DIV/0! | Q118: 0.78937008 | V118: 0.7992126 | AA118: 0.77559055 | AF118: 0.81496063 | AK118: 0.79330709 | AP118: 0.73425197
J119: 0.96069994 | K119: =AVERAGE(Q119,V119,AA119,AF119,AK119,AP119) -> 0.8448078 | L119: =AVERAGE(R119,W119,AB119,AG119,AL119,AQ119) -> #DIV/0! | M119: =AVERAGE(S119,X119,AC119,AH119,AM119,AR119) -> #DIV/0! | N119: =AVERAGE(T119,Y119,AD119,AI119,AN119,AS119) -> #DIV/0! | O119: =AVERAGE(U119,Z119,AE119,AJ119,AO119,AT119) -> #DIV/0! | Q119: 0.88984509 | V119: 0.80378657 | AA119: 0.81239243 | AF119: 0.86919105 | AK119: 0.88296041 | AP119: 0.81067126
J120: 0.98039216 | K120: =AVERAGE(Q120,V120,AA120,AF120,AK120,AP120) -> 0.92075163 | L120: =AVERAGE(R120,W120,AB120,AG120,AL120,AQ120) -> #DIV/0! | M120: =AVERAGE(S120,X120,AC120,AH120,AM120,AR120) -> #DIV/0! | N120: =AVERAGE(T120,Y120,AD120,AI120,AN120,AS120) -> #DIV/0! | O120: =AVERAGE(U120,Z120,AE120,AJ120,AO120,AT120) -> #DIV/0! | Q120: 0.92401961 | V120: 0.92892157 | AA120: 0.92892157 | AF120: 0.93382353 | AK120: 0.87745098 | AP120: 0.93137255
J121: 0.97695853 | K121: =AVERAGE(Q121,V121,AA121,AF121,AK121,AP121) -> 0.88248848 | L121: =AVERAGE(R121,W121,AB121,AG121,AL121,AQ121) -> #DIV/0! | M121: =AVERAGE(S121,X121,AC121,AH121,AM121,AR121) -> #DIV/0! | N121: =AVERAGE(T121,Y121,AD121,AI121,AN121,AS121) -> #DIV/0! | O121: =AVERAGE(U121,Z121,AE121,AJ121,AO121,AT121) -> #DIV/0! | Q121: 0.90322581 | V121: 0.87788018 | AA121: 0.88709677 | AF121: 0.89170507 | AK121: 0.90322581 | AP121: 0.83179724
J122: 0.96244131 | K122: =AVERAGE(Q122,V122,AA122,AF122,AK122,AP122) -> 0.73775989 | L122: =AVERAGE(R122,W122,AB122,AG122,AL122,AQ122) -> #DIV/0! | M122: =AVERAGE(S122,X122,AC122,AH122,AM122,AR122) -> #DIV/0! | N122: =AVERAGE(T122,Y122,AD122,AI122,AN122,AS122) -> #DIV/0! | O122: =AVERAGE(U122,Z122,AE122,AJ122,AO122,AT122) -> #DIV/0! | Q122: 0.72837022 | V122: 0.67002012 | AA122: 0.77665996 | AF122: 0.71428571 | AK122: 0.75251509 | AP122: 0.78470825
J123: 0.98157051 | K123: =AVERAGE(Q123,V123,AA123,AF123,AK123,AP123) -> 0.90064103 | L123: =AVERAGE(R123,W123,AB123,AG123,AL123,AQ123) -> #DIV/0! | M123: =AVERAGE(S123,X123,AC123,AH123,AM123,AR123) -> #DIV/0! | N123: =AVERAGE(T123,Y123,AD123,AI123,AN123,AS123) -> #DIV/0! | O123: =AVERAGE(U123,Z123,AE123,AJ123,AO123,AT123) -> #DIV/0! | Q123: 0.86057692 | V123: 0.92307692 | AA123: 0.90625 | AF123: 0.88701923 | AK123: 0.92307692 | AP123: 0.90384615
J124: 0.95263158 | K124: =AVERAGE(Q124,V124,AA124,AF124,AK124,AP124) -> 0.81111111 | L124: =AVERAGE(R124,W124,AB124,AG124,AL124,AQ124) -> #DIV/0! | M124: =AVERAGE(S124,X124,AC124,AH124,AM124,AR124) -> #DIV/0! | N124: =AVERAGE(T124,Y124,AD124,AI124,AN124,AS124) -> #DIV/0! | O124: =AVERAGE(U124,Z124,AE124,AJ124,AO124,AT124) -> #DIV/0! | Q124: 0.85964912 | V124: 0.77192982 | AA124: 0.77017544 | AF124: 0.84035088 | AK124: 0.80701754 | AP124: 0.81754386
J125: 0.95592287 | K125: =AVERAGE(Q125,V125,AA125,AF125,AK125,AP125) -> 0.7572314 | L125: =AVERAGE(R125,W125,AB125,AG125,AL125,AQ125) -> #DIV/0! | M125: =AVERAGE(S125,X125,AC125,AH125,AM125,AR125) -> #DIV/0! | N125: =AVERAGE(T125,Y125,AD125,AI125,AN125,AS125) -> #DIV/0! | O125: =AVERAGE(U125,Z125,AE125,AJ125,AO125,AT125) -> #DIV/0! | Q125: 0.64049587 | V125: 0.58677686 | AA125: 0.82438017 | AF125: 0.84504132 | AK125: 0.80165289 | AP125: 0.84504132
J126: 0.9565073 | K126: =AVERAGE(Q126,V126,AA126,AF126,AK126,AP126) -> 0.81009296 | L126: =AVERAGE(R126,W126,AB126,AG126,AL126,AQ126) -> #DIV/0! | M126: =AVERAGE(S126,X126,AC126,AH126,AM126,AR126) -> #DIV/0! | N126: =AVERAGE(T126,Y126,AD126,AI126,AN126,AS126) -> #DIV/0! | O126: =AVERAGE(U126,Z126,AE126,AJ126,AO126,AT126) -> #DIV/0! | Q126: 0.75697211 | V126: 0.84661355 | AA126: 0.84860558 | AF126: 0.83266932 | AK126: 0.81075697 | AP126: 0.76494024
J127: 0.94821674 | K127: =AVERAGE(Q127,V127,AA127,AF127,AK127,AP127) -> 0.73491084 | L127: =AVERAGE(R127,W127,AB127,AG127,AL127,AQ127) -> #DIV/0! | M127: =AVERAGE(S127,X127,AC127,AH127,AM127,AR127) -> #DIV/0! | N127: =AVERAGE(T127,Y127,AD127,AI127,AN127,AS127) -> #DIV/0! | O127: =AVERAGE(U127,Z127,AE127,AJ127,AO127,AT127) -> #DIV/0! | Q127: 0.77366255 | V127: 0.78395062 | AA127: 0.66460905 | AF127: 0.73868313 | AK127: 0.78806584 | AP127: 0.66049383
J128: 0.96426044 | K128: =AVERAGE(Q128,V128,AA128,AF128,AK128,AP128) -> 0.81705591 | L128: =AVERAGE(R128,W128,AB128,AG128,AL128,AQ128) -> #DIV/0! | M128: =AVERAGE(S128,X128,AC128,AH128,AM128,AR128) -> #DIV/0! | N128: =AVERAGE(T128,Y128,AD128,AI128,AN128,AS128) -> #DIV/0! | O128: =AVERAGE(U128,Z128,AE128,AJ128,AO128,AT128) -> #DIV/0! | Q128: 0.83651805 | V128: 0.73036093 | AA128: 0.78980892 | AF128: 0.8895966 | AK128: 0.8343949 | AP128: 0.82165605
... J146: 0.95341207 | K146: =AVERAGE(Q146,V146,AA146,AF146,AK146,AP146) -> 0.77066929 | L146: =AVERAGE(R146,W146,AB146,AG146,AL146,AQ146) -> #DIV/0! | M146: =AVERAGE(S146,X146,AC146,AH146,AM146,AR146) -> #DIV/0! | N146: =AVERAGE(T146,Y146,AD146,AI146,AN146,AS146) -> #DIV/0! | O146: =AVERAGE(U146,Z146,AE146,AJ146,AO146,AT146) -> #DIV/0! | Q146: 0.78937008 | V146: 0.71850394 | AA146: 0.86220472 | AF146: 0.75 | AK146: 0.8011811 | AP146: 0.70275591
J148: 0.99084324 | K148: =AVERAGE(K117:K146) -> 0.83077919 | L148: =AVERAGE(L117:L146) -> #DIV/0! | M148: =AVERAGE(M117:M146) -> #DIV/0! | N148: =AVERAGE(N117:N146) -> #DIV/0! | O148: =AVERAGE(O117:O146) -> #DIV/0! | Q148: =AVERAGE(Q117:Q146) -> 0.83213649 | R148: =AVERAGE(R117:R146) -> #DIV/0! | S148: =AVERAGE(S117:S146) -> #DIV/0! | T148: =AVERAGE(T117:T146) -> #DIV/0! | U148: =AVERAGE(U117:U146) -> #DIV/0! | V148: =AVERAGE(V117:V146) -> 0.82400397 | W148: =AVERAGE(W117:W146) -> #DIV/0! | X148: =AVERAGE(X117:X146) -> #DIV/0! | ... AT148: =AVERAGE(AT117:AT146) -> #DIV/0!
J151: k=3
Q152: 1 | V152: 2 | AA152: 3 | AF152: 4 | AK152: 5 | AP152: 6
I153: ID | J153: Task 1 | K153: Task 2 | L153: Task 3 | M153: Task 4 | N153: Task 5 | O153: Task 6 | Q153: Task 2 | R153: Task 3 | S153: Task 4 | T153: Task 5 | U153: Task 6 | V153: Task 2 | W153: Task 3 | X153: Task 4 | Y153: Task 5 | Z153: Task 6 | AA153: Task 2 | AB153: Task 3 | AC153: Task 4 | AD153: Task 5 | AE153: Task 6 | AF153: Task 2 | AG153: Task 3 | AH153: Task 4 | AI153: Task 5 | AJ153: Task 6 | AK153: Task 2 | AL153: Task 3 | AM153: Task 4 | AN153: Task 5 | AO153: Task 6 | AP153: Task 2 | AQ153: Task 3 | AR153: Task 4 | AS153: Task 5 | AT153: Task 6
...

Sheet Person_1
J3: k=0.25
Q4: 1 | V4: 2 | AA4: 3 | AF4: 4 | AK4: 5 | AP4: 6
A5: k | B5: Task 1 | C5: Task 2 | D5: Task 3 | E5: Task 4 | F5: Task 5 | G5: Task 6 | I5: ID | J5: Task 1 | K5: Task 2 | L5: Task 3 | M5: Task 4 | N5: Task 5 | O5: Task 6 | Q5: Task 2 | R5: Task 3 | S5: Task 4 | T5: Task 5 | U5: Task 6 | V5: Task 2 | W5: Task 3 | X5: Task 4 | Y5: Task 5 | Z5: Task 6 | AA5: Task 2 | AB5: Task 3 | AC5: Task 4 | AD5: Task 5 | AE5: Task 6 | AF5: Task 2 | AG5: Task 3 | AH5: Task 4 | AI5: Task 5 | AJ5: Task 6 | AK5: Task 2 | AL5: Task 3 | AM5: Task 4 | AN5: Task 5 | AO5: Task 6 | AP5: Task 2 | AQ5: Task 3 | AR5: Task 4 | AS5: Task 5 | AT5: Task 6 | AV5: =A6 -> 0.25 | AW5: Task 2 | AX5: Task 3 | AY5: Task 4 | AZ5: Task 5 | BA5: Task 6
A6: 0.25 | B6: =AVERAGE(J6:J35) -> 0.93614896 | C6: =AVERAGE(K6:K35) -> 0.6767195 | D6: =AVERAGE(L6:L35) -> #DIV/0! | E6: =AVERAGE(M6:M35) -> #DIV/0! | F6: =AVERAGE(N6:N35) -> #DIV/0! | G6: =AVERAGE(O6:O35) -> #DIV/0! | J6: 0.95773688 | K6: =AVERAGE(Q6,V6,AA6,AF6,AK6,AP6) -> 0.6605317 | L6: =AVERAGE(R6,W6,AB6,AG6,AL6,AQ6) -> #DIV/0! | M6: =AVERAGE(S6,X6,AC6,AH6,AM6,AR6) -> #DIV/0! | N6: =AVERAGE(T6,Y6,AD6,AI6,AN6,AS6) -> #DIV/0! | O6: =AVERAGE(U6,Z6,AE6,AJ6,AO6,AT6) -> #DIV/0! | Q6: 0.72801636 | V6: 0.59100204 | AA6: 0.599182 | AF6: 0.64212679 | AK6: 0.73210634 | AP6: 0.67075665 | AV6: 1 | AW6: =$Q$37 -> 0.69501295 | AX6: =$R$37 -> #DIV/0! | AY6: =$S$37 -> #DIV/0! | AZ6: =$T$37 -> #DIV/0! | BA6: =$U$37 -> #DIV/0!
A7: 0.5 | B7: =AVERAGE(J43:J72) -> 0.93688897 | C7: =AVERAGE(K43:K72) -> 0.70334452 | D7: =AVERAGE(L43:L72) -> #DIV/0! | E7: =AVERAGE(M43:M72) -> #DIV/0! | F7: =AVERAGE(N43:N72) -> #DIV/0! | G7: =AVERAGE(O43:O72) -> #DIV/0! | J7: 0.97174535 | K7: =AVERAGE(Q7,V7,AA7,AF7,AK7,AP7) -> 0.60228898 | L7: =AVERAGE(R7,W7,AB7,AG7,AL7,AQ7) -> #DIV/0! | M7: =AVERAGE(S7,X7,AC7,AH7,AM7,AR7) -> #DIV/0! | N7: =AVERAGE(T7,Y7,AD7,AI7,AN7,AS7) -> #DIV/0! | O7: =AVERAGE(U7,Z7,AE7,AJ7,AO7,AT7) -> #DIV/0! | Q7: 0.55793991 | V7: 0.6416309 | AA7: 0.6695279 | AF7: 0.65879828 | AK7: 0.57725322 | AP7: 0.50858369 | AV7: 2 | AW7: =$V$37 -> 0.66209855 | AX7: =$W$37 -> #DIV/0! | AY7: =$X$37 -> #DIV/0! | AZ7: =$Y$37 -> #DIV/0! | BA7: =$Z$37 -> #DIV/0!
A8: 1 | B8: =AVERAGE(J80:J109) -> 0.93418296 | C8: =AVERAGE(K80:K109) -> 0.70708711 | D8: =AVERAGE(L80:L109) -> #DIV/0! | E8: =AVERAGE(M80:M109) -> #DIV/0! | F8: =AVERAGE(N80:N109) -> #DIV/0! | G8: =AVERAGE(O80:O109) -> #DIV/0! | J8: 0.84009406 | K8: =AVERAGE(Q8,V8,AA8,AF8,AK8,AP8) -> 0.64226925 | L8: =AVERAGE(R8,W8,AB8,AG8,AL8,AQ8) -> #DIV/0! | M8: =AVERAGE(S8,X8,AC8,AH8,AM8,AR8) -> #DIV/0! | N8: =AVERAGE(T8,Y8,AD8,AI8,AN8,AS8) -> #DIV/0! | O8: =AVERAGE(U8,Z8,AE8,AJ8,AO8,AT8) -> #DIV/0! | Q8: 0.59259259 | V8: 0.65079365 | AA8: 0.66313933 | AF8: 0.66313933 | AK8: 0.61728395 | AP8: 0.66666667 | AV8: 3 | AW8: =$AA$37 -> 0.68746603 | AX8: =$AB$37 -> #DIV/0! | AY8: =$AC$37 -> #DIV/0! | AZ8: =$AD$37 -> #DIV/0! | BA8: =$AE$37 -> #DIV/0!
A9: 2 | B9: =AVERAGE(J117:J146) -> 0.93727722 | C9: =AVERAGE(K117:K146) -> 0.72835621 | D9: =AVERAGE(L117:L146) -> #DIV/0! | E9: =AVERAGE(M117:M146) -> #DIV/0! | F9: =AVERAGE(N117:N146) -> #DIV/0! | G9: =AVERAGE(O117:O146) -> #DIV/0! | J9: 0.96239113 | K9: =AVERAGE(Q9,V9,AA9,AF9,AK9,AP9) -> 0.89904988 | L9: =AVERAGE(R9,W9,AB9,AG9,AL9,AQ9) -> #DIV/0! | M9: =AVERAGE(S9,X9,AC9,AH9,AM9,AR9) -> #DIV/0! | N9: =AVERAGE(T9,Y9,AD9,AI9,AN9,AS9) -> #DIV/0! | O9: =AVERAGE(U9,Z9,AE9,AJ9,AO9,AT9) -> #DIV/0! | Q9: 0.92874109 | V9: 0.91686461 | AA9: 0.89786223 | AF9: 0.9239905 | AK9: 0.82660333 | AP9: 0.90023753 | AV9: 4 | AW9: =$AF$37 -> 0.66730712 | AX9: =$AG$37 -> #DIV/0! | AY9: =$AH$37 -> #DIV/0! | AZ9: =$AI$37 -> #DIV/0! | BA9: =$AJ$37 -> #DIV/0!
A10: 3 | B10: =AVERAGE(J154:J183) -> 0.9365298 | C10: =AVERAGE(K154:K183) -> 0.73761423 | D10: =AVERAGE(L154:L183) -> #DIV/0! | E10: =AVERAGE(M154:M183) -> #DIV/0! | F10: =AVERAGE(N154:N183) -> #DIV/0! | G10: =AVERAGE(O154:O183) -> #DIV/0! | J10: 0.96223958 | K10: =AVERAGE(Q10,V10,AA10,AF10,AK10,AP10) -> 0.71571181 | L10: =AVERAGE(R10,W10,AB10,AG10,AL10,AQ10) -> #DIV/0! | M10: =AVERAGE(S10,X10,AC10,AH10,AM10,AR10) -> #DIV/0! | N10: =AVERAGE(T10,Y10,AD10,AI10,AN10,AS10) -> #DIV/0! | O10: =AVERAGE(U10,Z10,AE10,AJ10,AO10,AT10) -> #DIV/0! | Q10: 0.65104167 | V10: 0.73177083 | AA10: 0.68489583 | AF10: 0.76822917 | AK10: 0.734375 | AP10: 0.72395833 | AV10: 5 | AW10: =$AK$37 -> 0.6760716 | AX10: =$AL$37 -> #DIV/0! | AY10: =$AM$37 -> #DIV/0! | AZ10: =$AN$37 -> #DIV/0! | BA10: =$AO$37 -> #DIV/0!
J11: 0.89364035 | K11: =AVERAGE(Q11,V11,AA11,AF11,AK11,AP11) -> 0.50109649 | L11: =AVERAGE(R11,W11,AB11,AG11,AL11,AQ11) -> #DIV/0! | M11: =AVERAGE(S11,X11,AC11,AH11,AM11,AR11) -> #DIV/0! | N11: =AVERAGE(T11,Y11,AD11,AI11,AN11,AS11) -> #DIV/0! | O11: =AVERAGE(U11,Z11,AE11,AJ11,AO11,AT11) -> #DIV/0! | Q11: 0.57017544 | V11: 0.49561404 | AA11: 0.51096491 | AF11: 0.47587719 | AK11: 0.5372807 | AP11: 0.41666667 | AV11: 6 | AW11: =$AP$37 -> 0.67236076 | AX11: =$AQ$37 -> #DIV/0! | AY11: =$AR$37 -> #DIV/0! | AZ11: =$AS$37 -> #DIV/0! | BA11: =$AT$37 -> #DIV/0!
J12: 0.96901173 | K12: =AVERAGE(Q12,V12,AA12,AF12,AK12,AP12) -> 0.84505863 | L12: =AVERAGE(R12,W12,AB12,AG12,AL12,AQ12) -> #DIV/0! | M12: =AVERAGE(S12,X12,AC12,AH12,AM12,AR12) -> #DIV/0! | N12: =AVERAGE(T12,Y12,AD12,AI12,AN12,AS12) -> #DIV/0! | O12: =AVERAGE(U12,Z12,AE12,AJ12,AO12,AT12) -> #DIV/0! | Q12: 0.88442211 | V12: 0.81155779 | AA12: 0.89949749 | AF12: 0.84673367 | AK12: 0.76633166 | AP12: 0.86180905
J13: 0.96319199 | K13: =AVERAGE(Q13,V13,AA13,AF13,AK13,AP13) -> 0.82656066 | L13: =AVERAGE(R13,W13,AB13,AG13,AL13,AQ13) -> #DIV/0! | M13: =AVERAGE(S13,X13,AC13,AH13,AM13,AR13) -> #DIV/0! | N13: =AVERAGE(T13,Y13,AD13,AI13,AN13,AS13) -> #DIV/0! | O13: =AVERAGE(U13,Z13,AE13,AJ13,AO13,AT13) -> #DIV/0! | Q13: 0.87985866 | V13: 0.76855124 | AA13: 0.8745583 | AF13: 0.7385159 | AK13: 0.85335689 | AP13: 0.84452297
J14: 0.97146834 | K14: =AVERAGE(Q14,V14,AA14,AF14,AK14,AP14) -> 0.78844816 | L14: =AVERAGE(R14,W14,AB14,AG14,AL14,AQ14) -> #DIV/0! | M14: =AVERAGE(S14,X14,AC14,AH14,AM14,AR14) -> #DIV/0! | N14: =AVERAGE(T14,Y14,AD14,AI14,AN14,AS14) -> #DIV/0! | O14: =AVERAGE(U14,Z14,AE14,AJ14,AO14,AT14) -> #DIV/0! | Q14: 0.9039666 | V14: 0.63674322 | AA14: 0.83507307 | AF14: 0.80793319 | AK14: 0.73903967 | AP14: 0.80793319
J15: 0.96666667 | K15: =AVERAGE(Q15,V15,AA15,AF15,AK15,AP15) -> 0.55734767 | L15: =AVERAGE(R15,W15,AB15,AG15,AL15,AQ15) -> #DIV/0! | M15: =AVERAGE(S15,X15,AC15,AH15,AM15,AR15) -> #DIV/0! | N15: =AVERAGE(T15,Y15,AD15,AI15,AN15,AS15) -> #DIV/0! | O15: =AVERAGE(U15,Z15,AE15,AJ15,AO15,AT15) -> #DIV/0! | Q15: 0.50537634 | V15: 0.49462366 | AA15: 0.65591398 | AF15: 0.52043011 | AK15: 0.58709677 | AP15: 0.58064516 | AV15: =A7 -> 0.5 | AW15: Task 2 | AX15: Task 3 | AY15: Task 4 | AZ15: Task 5 | BA15: Task 6
J16: 0.96370684 | K16: =AVERAGE(Q16,V16,AA16,AF16,AK16,AP16) -> 0.73890063 | L16: =AVERAGE(R16,W16,AB16,AG16,AL16,AQ16) -> #DIV/0! | M16: =AVERAGE(S16,X16,AC16,AH16,AM16,AR16) -> #DIV/0! | N16: =AVERAGE(T16,Y16,AD16,AI16,AN16,AS16) -> #DIV/0! | O16: =AVERAGE(U16,Z16,AE16,AJ16,AO16,AT16) -> #DIV/0! | Q16: 0.7167019 | V16: 0.794926 | AA16: 0.75264271 | AF16: 0.7230444 | AK16: 0.7230444 | AP16: 0.7230444 | AV16: 1 | AW16: =$Q$74 -> 0.69831592 | AX16: =$R$74 -> #DIV/0! | AY16: =$S$74 -> #DIV/0! | AZ16: =$T$74 -> #DIV/0! | BA16: =$U$74 -> #DIV/0!
J17: 0.87525355 | K17: =AVERAGE(Q17,V17,AA17,AF17,AK17,AP17) -> 0.71805274 | L17: =AVERAGE(R17,W17,AB17,AG17,AL17,AQ17) -> #DIV/0! | M17: =AVERAGE(S17,X17,AC17,AH17,AM17,AR17) -> #DIV/0! | N17: =AVERAGE(T17,Y17,AD17,AI17,AN17,AS17) -> #DIV/0! | O17: =AVERAGE(U17,Z17,AE17,AJ17,AO17,AT17) -> #DIV/0! | Q17: 0.7484787 | V17: 0.72008114 | AA17: 0.70993915 | AF17: 0.77687627 | AK17: 0.72008114 | AP17: 0.63286004 | AV17: 2 | AW17: =$V$74 -> 0.69811311 | AX17: =$W$74 -> #DIV/0! | AY17: =$X$74 -> #DIV/0! | AZ17: =$Y$74 -> #DIV/0! | BA17: =$Z$74 -> #DIV/0!
J18: 0.90471814 | K18: =AVERAGE(Q18,V18,AA18,AF18,AK18,AP18) -> 0.53553922 | L18: =AVERAGE(R18,W18,AB18,AG18,AL18,AQ18) -> #DIV/0! | M18: =AVERAGE(S18,X18,AC18,AH18,AM18,AR18) -> #DIV/0! | N18: =AVERAGE(T18,Y18,AD18,AI18,AN18,AS18) -> #DIV/0! | O18: =AVERAGE(U18,Z18,AE18,AJ18,AO18,AT18) -> #DIV/0! | Q18: 0.59558824 | V18: 0.46507353 | AA18: 0.52941176 | AF18: 0.50551471 | AK18: 0.59375 | AP18: 0.52389706 | AV18: 3 | AW18: =$AA$74 -> 0.69918688 | AX18: =$AB$74 -> #DIV/0! | AY18: =$AC$74 -> #DIV/0! | AZ18: =$AD$74 -> #DIV/0! | BA18: =$AE$74 -> #DIV/0!
J19: 0.95442448 | K19: =AVERAGE(Q19,V19,AA19,AF19,AK19,AP19) -> 0.77644711 | L19: =AVERAGE(R19,W19,AB19,AG19,AL19,AQ19) -> #DIV/0! | M19: =AVERAGE(S19,X19,AC19,AH19,AM19,AR19) -> #DIV/0! | N19: =AVERAGE(T19,Y19,AD19,AI19,AN19,AS19) -> #DIV/0! | O19: =AVERAGE(U19,Z19,AE19,AJ19,AO19,AT19) -> #DIV/0! | Q19: 0.81836327 | V19: 0.83433134 | AA19: 0.70658683 | AF19: 0.71457086 | AK19: 0.80838323 | AP19: 0.77644711 | AV19: 4 | AW19: =$AF$74 -> 0.71041532 | AX19: =$AG$74 -> #DIV/0! | AY19: =$AH$74 -> #DIV/0! | AZ19: =$AI$74 -> #DIV/0! | BA19: =$AJ$74 -> #DIV/0!
J20: 0.96599327 | K20: =AVERAGE(Q20,V20,AA20,AF20,AK20,AP20) -> 0.6043771 | L20: =AVERAGE(R20,W20,AB20,AG20,AL20,AQ20) -> #DIV/0! | M20: =AVERAGE(S20,X20,AC20,AH20,AM20,AR20) -> #DIV/0! | N20: =AVERAGE(T20,Y20,AD20,AI20,AN20,AS20) -> #DIV/0! | O20: =AVERAGE(U20,Z20,AE20,AJ20,AO20,AT20) -> #DIV/0! | Q20: 0.64444444 | V20: 0.53333333 | AA20: 0.58787879 | AF20: 0.48686869 | AK20: 0.75757576 | AP20: 0.61616162 | AV20: 5 | AW20: =$AK$74 -> 0.69299221 | AX20: =$AL$74 -> #DIV/0! | AY20: =$AM$74 -> #DIV/0! | AZ20: =$AN$74 -> #DIV/0! | BA20: =$AO$74 -> #DIV/0!
J21: 0.95944104 | K21: =AVERAGE(Q21,V21,AA21,AF21,AK21,AP21) -> 0.63156101 | L21: =AVERAGE(R21,W21,AB21,AG21,AL21,AQ21) -> #DIV/0! | M21: =AVERAGE(S21,X21,AC21,AH21,AM21,AR21) -> #DIV/0! | N21: =AVERAGE(T21,Y21,AD21,AI21,AN21,AS21) -> #DIV/0! | O21: =AVERAGE(U21,Z21,AE21,AJ21,AO21,AT21) -> #DIV/0! | Q21: 0.71370143 | V21: 0.62576687 | AA21: 0.65030675 | AF21: 0.58895706 | AK21: 0.599182 | AP21: 0.61145194 | AV21: 6 | AW21: =$AP$74 -> 0.72104368 | AX21: =$AQ$74 -> #DIV/0! | AY21: =$AR$74 -> #DIV/0! | AZ21: =$AS$74 -> #DIV/0! | BA21: =$AT$74 -> #DIV/0!
J22: 0.88309353 | K22: =AVERAGE(Q22,V22,AA22,AF22,AK22,AP22) -> 0.73890887 | L22: =AVERAGE(R22,W22,AB22,AG22,AL22,AQ22) -> #DIV/0! | M22: =AVERAGE(S22,X22,AC22,AH22,AM22,AR22) -> #DIV/0! | N22: =AVERAGE(T22,Y22,AD22,AI22,AN22,AS22) -> #DIV/0! | O22: =AVERAGE(U22,Z22,AE22,AJ22,AO22,AT22) -> #DIV/0! | Q22: 0.75 | V22: 0.74100719 | AA22: 0.75179856 | AF22: 0.7176259 | AK22: 0.73920863 | AP22: 0.73381295
J23: 0.89958034 | K23: =AVERAGE(Q23,V23,AA23,AF23,AK23,AP23) -> 0.73171463 | L23: =AVERAGE(R23,W23,AB23,AG23,AL23,AQ23) -> #DIV/0! | M23: =AVERAGE(S23,X23,AC23,AH23,AM23,AR23) -> #DIV/0! | N23: =AVERAGE(T23,Y23,AD23,AI23,AN23,AS23) -> #DIV/0! | O23: =AVERAGE(U23,Z23,AE23,AJ23,AO23,AT23) -> #DIV/0! | Q23: 0.74280576 | V23: 0.73561151 | AA23: 0.75 | AF23: 0.72841727 | AK23: 0.73920863 | AP23: 0.6942446
J24: 0.96417069 | K24: =AVERAGE(Q24,V24,AA24,AF24,AK24,AP24) -> 0.75201288 | L24: =AVERAGE(R24,W24,AB24,AG24,AL24,AQ24) -> #DIV/0! | M24: =AVERAGE(S24,X24,AC24,AH24,AM24,AR24) -> #DIV/0! | N24: =AVERAGE(T24,Y24,AD24,AI24,AN24,AS24) -> #DIV/0! | O24: =AVERAGE(U24,Z24,AE24,AJ24,AO24,AT24) -> #DIV/0! | Q24: 0.83091787 | V24: 0.647343 | AA24: 0.74396135 | AF24: 0.76811594 | AK24: 0.76570048 | AP24: 0.75603865
J25: 0.89871087 | K25: =AVERAGE(Q25,V25,AA25,AF25,AK25,AP25) -> 0.49324739 | L25: =AVERAGE(R25,W25,AB25,AG25,AL25,AQ25) -> #DIV/0! | M25: =AVERAGE(S25,X25,AC25,AH25,AM25,AR25) -> #DIV/0! | N25: =AVERAGE(T25,Y25,AD25,AI25,AN25,AS25) -> #DIV/0! | O25: =AVERAGE(U25,Z25,AE25,AJ25,AO25,AT25) -> #DIV/0! | Q25: 0.54511971 | V25: 0.51565378 | AA25: 0.46961326 | AF25: 0.45856354 | AK25: 0.47882136 | AP25: 0.49171271 | AV25: =A8 -> 1 | AW25: Task 2 | AX25: Task 3 | AY25: Task 4 | AZ25: Task 5 | BA25: Task 6
J26: 0.96625 | K26: =AVERAGE(Q26,V26,AA26,AF26,AK26,AP26) -> 0.76041667 | L26: =AVERAGE(R26,W26,AB26,AG26,AL26,AQ26) -> #DIV/0! | M26: =AVERAGE(S26,X26,AC26,AH26,AM26,AR26) -> #DIV/0! | N26: =AVERAGE(T26,Y26,AD26,AI26,AN26,AS26) -> #DIV/0! | O26: =AVERAGE(U26,Z26,AE26,AJ26,AO26,AT26) -> #DIV/0! | Q26: 0.7325 | V26: 0.6775 | AA26: 0.855 | AF26: 0.85 | AK26: 0.715 | AP26: 0.7325 | AV26: 1 | AW26: =$Q$111 -> 0.6836478 | AX26: =$R$111 -> #DIV/0! | AY26: =$S$111 -> #DIV/0! | AZ26: =$T$111 -> #DIV/0! | BA26: =$U$111 -> #DIV/0!
J27: 0.95949535 | K27: =AVERAGE(Q27,V27,AA27,AF27,AK27,AP27) -> 0.82636122 | L27: =AVERAGE(R27,W27,AB27,AG27,AL27,AQ27) -> #DIV/0! | M27: =AVERAGE(S27,X27,AC27,AH27,AM27,AR27) -> #DIV/0! | N27: =AVERAGE(T27,Y27,AD27,AI27,AN27,AS27) -> #DIV/0! | O27: =AVERAGE(U27,Z27,AE27,AJ27,AO27,AT27) -> #DIV/0! | Q27: 0.84063745 | V27: 0.92828685 | AA27: 0.81673307 | AF27: 0.90836653 | AK27: 0.66733068 | AP27: 0.79681275 | AV27: 2 | AW27: =$V$111 -> 0.72178714 | AX27: =$W$111 -> #DIV/0! | AY27: =$X$111 -> #DIV/0! | AZ27: =$Y$111 -> #DIV/0! | BA27: =$Z$111 -> #DIV/0!
J28: 0.96487455 | K28: =AVERAGE(Q28,V28,AA28,AF28,AK28,AP28) -> 0.54623656 | L28: =AVERAGE(R28,W28,AB28,AG28,AL28,AQ28) -> #DIV/0! | M28: =AVERAGE(S28,X28,AC28,AH28,AM28,AR28) -> #DIV/0! | N28: =AVERAGE(T28,Y28,AD28,AI28,AN28,AS28) -> #DIV/0! | O28: =AVERAGE(U28,Z28,AE28,AJ28,AO28,AT28) -> #DIV/0! | Q28: 0.51397849 | V28: 0.49032258 | AA28: 0.6172043 | AF28: 0.48172043 | AK28: 0.54193548 | AP28: 0.63225806 | AV28: 3 | AW28: =$AA$111 -> 0.72107647 | AX28: =$AB$111 -> #DIV/0! | AY28: =$AC$111 -> #DIV/0! | AZ28: =$AD$111 -> #DIV/0! | BA28: =$AE$111 -> #DIV/0!
J29: 0.89175258 | K29: =AVERAGE(Q29,V29,AA29,AF29,AK29,AP29) -> 0.52542955 | L29: =AVERAGE(R29,W29,AB29,AG29,AL29,AQ29) -> #DIV/0! | M29: =AVERAGE(S29,X29,AC29,AH29,AM29,AR29) -> #DIV/0! | N29: =AVERAGE(T29,Y29,AD29,AI29,AN29,AS29) -> #DIV/0! | O29: =AVERAGE(U29,Z29,AE29,AJ29,AO29,AT29) -> #DIV/0! | Q29: 0.53814433 | V29: 0.53195876 | AA29: 0.56494845 | AF29: 0.42680412 | AK29: 0.53814433 | AP29: 0.55257732 | AV29: 4 | AW29: =$AF$111 -> 0.70975513 | AX29: =$AG$111 -> #DIV/0! | AY29: =$AH$111 -> #DIV/0! | AZ29: =$AI$111 -> #DIV/0! | BA29: =$AJ$111 -> #DIV/0!
J30: 0.9605475 | K30: =AVERAGE(Q30,V30,AA30,AF30,AK30,AP30) -> 0.7773752 | L30: =AVERAGE(R30,W30,AB30,AG30,AL30,AQ30) -> #DIV/0! | M30: =AVERAGE(S30,X30,AC30,AH30,AM30,AR30) -> #DIV/0! | N30: =AVERAGE(T30,Y30,AD30,AI30,AN30,AS30) -> #DIV/0! | O30: =AVERAGE(U30,Z30,AE30,AJ30,AO30,AT30) -> #DIV/0! | Q30: 0.78985507 | V30: 0.68115942 | AA30: 0.78019324 | AF30: 0.74879227 | AK30: 0.82125604 | AP30: 0.84299517 | AV30: 5 | AW30: =$AK$111 -> 0.69964612 | AX30: =$AL$111 -> #DIV/0! | AY30: =$AM$111 -> #DIV/0! | AZ30: =$AN$111 -> #DIV/0! | BA30: =$AO$111 -> #DIV/0!
J31: 0.96908939 | K31: =AVERAGE(Q31,V31,AA31,AF31,AK31,AP31) -> 0.74143693 | L31: =AVERAGE(R31,W31,AB31,AG31,AL31,AQ31) -> #DIV/0! | M31: =AVERAGE(S31,X31,AC31,AH31,AM31,AR31) -> #DIV/0! | N31: =AVERAGE(T31,Y31,AD31,AI31,AN31,AS31) -> #DIV/0! | O31: =AVERAGE(U31,Z31,AE31,AJ31,AO31,AT31) -> #DIV/0! | Q31: 0.6641604 | V31: 0.81453634 | AA31: 0.76942356 | AF31: 0.68421053 | AK31: 0.81453634 | AP31: 0.70175439 | AV31: 6 | AW31: =$AP$111 -> 0.70660999 | AX31: =$AQ$111 -> #DIV/0! | AY31: =$AR$111 -> #DIV/0! | AZ31: =$AS$111 -> #DIV/0! | BA31: =$AT$111 -> #DIV/0!
J32: 0.8914405 | K32: =AVERAGE(Q32,V32,AA32,AF32,AK32,AP32) -> 0.56367432 | L32: =AVERAGE(R32,W32,AB32,AG32,AL32,AQ32) -> #DIV/0! | M32: =AVERAGE(S32,X32,AC32,AH32,AM32,AR32) -> #DIV/0! | N32: =AVERAGE(T32,Y32,AD32,AI32,AN32,AS32) -> #DIV/0! | O32: =AVERAGE(U32,Z32,AE32,AJ32,AO32,AT32) -> #DIV/0! | Q32: 0.56993737 | V32: 0.56367432 | AA32: 0.53235908 | AF32: 0.56158664 | AK32: 0.58455115 | AP32: 0.56993737
J33: 0.88659794 | K33: =AVERAGE(Q33,V33,AA33,AF33,AK33,AP33) -> 0.52955326 | L33: =AVERAGE(R33,W33,AB33,AG33,AL33,AQ33) -> #DIV/0! | M33: =AVERAGE(S33,X33,AC33,AH33,AM33,AR33) -> #DIV/0! | N33: =AVERAGE(T33,Y33,AD33,AI33,AN33,AS33) -> #DIV/0! | O33: =AVERAGE(U33,Z33,AE33,AJ33,AO33,AT33) -> #DIV/0! | Q33: 0.59381443 | V33: 0.5257732 | AA33: 0.45979381 | AF33: 0.58969072 | AK33: 0.51752577 | AP33: 0.49072165
J34: 0.89503932 | K34: =AVERAGE(Q34,V34,AA34,AF34,AK34,AP34) -> 0.67755596 | L34: =AVERAGE(R34,W34,AB34,AG34,AL34,AQ34) -> #DIV/0! | M34: =AVERAGE(S34,X34,AC34,AH34,AM34,AR34) -> #DIV/0! | N34: =AVERAGE(T34,Y34,AD34,AI34,AN34,AS34) -> #DIV/0! | O34: =AVERAGE(U34,Z34,AE34,AJ34,AO34,AT34) -> #DIV/0! | Q34: 0.66606171 | V34: 0.65154265 | AA34: 0.66969147 | AF34: 0.66787659 | AK34: 0.6969147 | AP34: 0.71324864
J35: 0.972103 | K35: =AVERAGE(Q35,V35,AA35,AF35,AK35,AP35) -> 0.5944206 | L35: =AVERAGE(R35,W35,AB35,AG35,AL35,AQ35) -> #DIV/0! | M35: =AVERAGE(S35,X35,AC35,AH35,AM35,AR35) -> #DIV/0! | N35: =AVERAGE(T35,Y35,AD35,AI35,AN35,AS35) -> #DIV/0! | O35: =AVERAGE(U35,Z35,AE35,AJ35,AO35,AT35) -> #DIV/0! | Q35: 0.63304721 | V35: 0.64592275 | AA35: 0.61587983 | AF35: 0.58583691 | AK35: 0.48927039 | AP35: 0.59656652 | AV35: =A9 -> 2 | AW35: Task 2 | AX35: Task 3 | AY35: Task 4 | AZ35: Task 5 | BA35: Task 6
AV36: 1 | AW36: =$Q$148 -> 0.74218221 | AX36: =$R$148 -> #DIV/0! | AY36: =$S$148 -> #DIV/0! | AZ36: =$T$148 -> #DIV/0! | BA36: =$U$148 -> #DIV/0!
J37: 0.98844568 | K37: =AVERAGE(K6:K35) -> 0.6767195 | L37: =AVERAGE(L6:L35) -> #DIV/0! | M37: =AVERAGE(M6:M35) -> #DIV/0! | N37: =AVERAGE(N6:N35) -> #DIV/0! | O37: =AVERAGE(O6:O35) -> #DIV/0! | Q37: =AVERAGE(Q6:Q35) -> 0.69501295 | R37: =AVERAGE(R6:R35) -> #DIV/0! | S37: =AVERAGE(S6:S35) -> #DIV/0! | T37: =AVERAGE(T6:T35) -> #DIV/0! | U37: =AVERAGE(U6:U35) -> #DIV/0! | V37: =AVERAGE(V6:V35) -> 0.66209855 | W37: =AVERAGE(W6:W35) -> #DIV/0! | X37: =AVERAGE(X6:X35) -> #DIV/0! | ... AT37: =AVERAGE(AT6:AT35) -> #DIV/0! | AV37: 2 | AW37: =$V$148 -> 0.7393051 | AX37: =$W$148 -> #DIV/0! | AY37: =$X$148 -> #DIV/0! | AZ37: =$Y$148 -> #DIV/0! | BA37: =$Z$148 -> #DIV/0!
AV38: 3 | AW38: =$AA$148 -> 0.74251423 | AX38: =$AB$148 -> #DIV/0! | AY38: =$AC$148 -> #DIV/0! | AZ38: =$AD$148 -> #DIV/0! | BA38: =$AE$148 -> #DIV/0!
AV39: 4 | AW39: =$AF$148 -> 0.72434215 | AX39: =$AG$148 -> #DIV/0! | AY39: =$AH$148 -> #DIV/0! | AZ39: =$AI$148 -> #DIV/0! | BA39: =$AJ$148 -> #DIV/0!
J40: k=0.5 | AV40: 5 | AW40: =$AK$148 -> 0.71379219 | AX40: =$AL$148 -> #DIV/0! | AY40: =$AM$148 -> #DIV/0! | AZ40: =$AN$148 -> #DIV/0! | BA40: =$AO$148 -> #DIV/0!
Q41: 1 | V41: 2 | AA41: 3 | AF41: 4 | AK41: 5 | AP41: 6 | AV41: 6 | AW41: =$AP$148 -> 0.70800142 | AX41: =$AQ$148 -> #DIV/0! | AY41: =$AR$148 -> #DIV/0! | AZ41: =$AS$148 -> #DIV/0! | BA41: =$AT$148 -> #DIV/0!
I42: ID | J42: Task 1 | K42: Task 2 | L42: Task 3 | M42: Task 4 | N42: Task 5 | O42: Task 6 | Q42: Task 2 | R42: Task 3 | S42: Task 4 | T42: Task 5 | U42: Task 6 | V42: Task 2 | W42: Task 3 | X42: Task 4 | Y42: Task 5 | Z42: Task 6 | AA42: Task 2 | AB42: Task 3 | AC42: Task 4 | AD42: Task 5 | AE42: Task 6 | AF42: Task 2 | AG42: Task 3 | AH42: Task 4 | AI42: Task 5 | AJ42: Task 6 | AK42: Task 2 | AL42: Task 3 | AM42: Task 4 | AN42: Task 5 | AO42: Task 6 | AP42: Task 2 | AQ42: Task 3 | AR42: Task 4 | AS42: Task 5 | AT42: Task 6
J43: 0.95398773 | K43: =AVERAGE(Q43,V43,AA43,AF43,AK43,AP43) -> 0.66564417 | L43: =AVERAGE(R43,W43,AB43,AG43,AL43,AQ43) -> #DIV/0! | M43: =AVERAGE(S43,X43,AC43,AH43,AM43,AR43) -> #DIV/0! | N43: =AVERAGE(T43,Y43,AD43,AI43,AN43,AS43) -> #DIV/0! | O43: =AVERAGE(U43,Z43,AE43,AJ43,AO43,AT43) -> #DIV/0! | Q43: 0.61349693 | V43: 0.67893661 | AA43: 0.63803681 | AF43: 0.76891616 | AK43: 0.61554192 | AP43: 0.67893661
J44: 0.97174535 | K44: =AVERAGE(Q44,V44,AA44,AF44,AK44,AP44) -> 0.69706724 | L44: =AVERAGE(R44,W44,AB44,AG44,AL44,AQ44) -> #DIV/0! | M44: =AVERAGE(S44,X44,AC44,AH44,AM44,AR44) -> #DIV/0! | N44: =AVERAGE(T44,Y44,AD44,AI44,AN44,AS44) -> #DIV/0! | O44: =AVERAGE(U44,Z44,AE44,AJ44,AO44,AT44) -> #DIV/0! | Q44: 0.79399142 | V44: 0.65021459 | AA44: 0.64806867 | AF44: 0.75321888 | AK44: 0.72961373 | AP44: 0.60729614
J45: 0.82951205 | K45: =AVERAGE(Q45,V45,AA45,AF45,AK45,AP45) -> 0.62962963 | L45: =AVERAGE(R45,W45,AB45,AG45,AL45,AQ45) -> #DIV/0! | M45: =AVERAGE(S45,X45,AC45,AH45,AM45,AR45) -> #DIV/0! | N45: =AVERAGE(T45,Y45,AD45,AI45,AN45,AS45) -> #DIV/0! | O45: =AVERAGE(U45,Z45,AE45,AJ45,AO45,AT45) -> #DIV/0! | Q45: 0.68606702 | V45: 0.69135802 | AA45: 0.61375661 | AF45: 0.58377425 | AK45: 0.58906526 | AP45: 0.61375661 | AV45: =A10 -> 3 | AW45: Task 2 | AX45: Task 3 | AY45: Task 4 | AZ45: Task 5 | BA45: Task 6
J46: 0.95526524 | K46: =AVERAGE(Q46,V46,AA46,AF46,AK46,AP46) -> 0.8962787 | L46: =AVERAGE(R46,W46,AB46,AG46,AL46,AQ46) -> #DIV/0! | M46: =AVERAGE(S46,X46,AC46,AH46,AM46,AR46) -> #DIV/0! | N46: =AVERAGE(T46,Y46,AD46,AI46,AN46,AS46) -> #DIV/0! | O46: =AVERAGE(U46,Z46,AE46,AJ46,AO46,AT46) -> #DIV/0! | Q46: 0.90736342 | V46: 0.88123515 | AA46: 0.86460808 | AF46: 0.91211401 | AK46: 0.91686461 | AP46: 0.89548694 | AV46: 1 | AW46: =$Q$185 -> 0.72900701 | AX46: =$R$185 -> #DIV/0! | AY46: =$S$185 -> #DIV/0! | AZ46: =$T$185 -> #DIV/0! | BA46: =$U$185 -> #DIV/0!
J47: 0.96267361 | K47: =AVERAGE(Q47,V47,AA47,AF47,AK47,AP47) -> 0.73524306 | L47: =AVERAGE(R47,W47,AB47,AG47,AL47,AQ47) -> #DIV/0! | M47: =AVERAGE(S47,X47,AC47,AH47,AM47,AR47) -> #DIV/0! | N47: =AVERAGE(T47,Y47,AD47,AI47,AN47,AS47) -> #DIV/0! | O47: =AVERAGE(U47,Z47,AE47,AJ47,AO47,AT47) -> #DIV/0! | Q47: 0.75520833 | V47: 0.69010417 | AA47: 0.67708333 | AF47: 0.72395833 | AK47: 0.7578125 | AP47: 0.80729167 | AV47: 2 | AW47: =$V$185 -> 0.73263614 | AX47: =$W$185 -> #DIV/0! | AY47: =$X$185 -> #DIV/0! | AZ47: =$Y$185 -> #DIV/0! | BA47: =$Z$185 -> #DIV/0!
J48: 0.89327485 | K48: =AVERAGE(Q48,V48,AA48,AF48,AK48,AP48) -> 0.45358187 | L48: =AVERAGE(R48,W48,AB48,AG48,AL48,AQ48) -> #DIV/0! | M48: =AVERAGE(S48,X48,AC48,AH48,AM48,AR48) -> #DIV/0! | N48: =AVERAGE(T48,Y48,AD48,AI48,AN48,AS48) -> #DIV/0! | O48: =AVERAGE(U48,Z48,AE48,AJ48,AO48,AT48) -> #DIV/0! | Q48: 0.48903509 | V48: 0.4495614 | AA48: 0.50438596 | AF48: 0.38815789 | AK48: 0.38815789 | AP48: 0.50219298 | AV48: 3 | AW48: =$AA$185 -> 0.73129249 | AX48: =$AB$185 -> #DIV/0! | AY48: =$AC$185 -> #DIV/0! | AZ48: =$AD$185 -> #DIV/0! | BA48: =$AE$185 -> #DIV/0!
J49: 0.97110553 | K49: =AVERAGE(Q49,V49,AA49,AF49,AK49,AP49) -> 0.89237856 | L49: =AVERAGE(R49,W49,AB49,AG49,AL49,AQ49) -> #DIV/0! | M49: =AVERAGE(S49,X49,AC49,AH49,AM49,AR49) -> #DIV/0! | N49: =AVERAGE(T49,Y49,AD49,AI49,AN49,AS49) -> #DIV/0! | O49: =AVERAGE(U49,Z49,AE49,AJ49,AO49,AT49) -> #DIV/0! | Q49: 0.8919598 | V49: 0.86683417 | AA49: 0.96231156 | AF49: 0.88944724 | AK49: 0.81909548 | AP49: 0.92462312 | AV49: 4 | AW49: =$AF$185 -> 0.73255271 | AX49: =$AG$185 -> #DIV/0! | AY49: =$AH$185 -> #DIV/0! | AZ49: =$AI$185 -> #DIV/0! | BA49: =$AJ$185 -> #DIV/0!
J50: 0.96466431 | K50: =AVERAGE(Q50,V50,AA50,AF50,AK50,AP50) -> 0.79210836 | L50: =AVERAGE(R50,W50,AB50,AG50,AL50,AQ50) -> #DIV/0! | M50: =AVERAGE(S50,X50,AC50,AH50,AM50,AR50) -> #DIV/0! | N50: =AVERAGE(T50,Y50,AD50,AI50,AN50,AS50) -> #DIV/0! | O50: =AVERAGE(U50,Z50,AE50,AJ50,AO50,AT50) -> #DIV/0! | Q50: 0.69787986 | V50: 0.79858657 | AA50: 0.78091873 | AF50: 0.89045936 | AK50: 0.75795053 | AP50: 0.82685512 | AV50: 5 | AW50: =$AK$185 -> 0.74966044 | AX50: =$AL$185 -> #DIV/0! | AY50: =$AM$185 -> #DIV/0! | AZ50: =$AN$185 -> #DIV/0! | BA50: =$AO$185 -> #DIV/0!
J51: 0.97077244 | K51: =AVERAGE(Q51,V51,AA51,AF51,AK51,AP51) -> 0.78566458 | L51: =AVERAGE(R51,W51,AB51,AG51,AL51,AQ51) -> #DIV/0! | M51: =AVERAGE(S51,X51,AC51,AH51,AM51,AR51) -> #DIV/0! | N51: =AVERAGE(T51,Y51,AD51,AI51,AN51,AS51) -> #DIV/0! | O51: =AVERAGE(U51,Z51,AE51,AJ51,AO51,AT51) -> #DIV/0! | Q51: 0.76826722 | V51: 0.75991649 | AA51: 0.84551148 | AF51: 0.76409186 | AK51: 0.84133612 | AP51: 0.7348643 | AV51: 6 | AW51: =$AP$185 -> 0.75053661 | AX51: =$AQ$185 -> #DIV/0! | AY51: =$AR$185 -> #DIV/0! | AZ51: =$AS$185 -> #DIV/0! | BA51: =$AT$185 -> #DIV/0!
J52: 0.96738351 | K52: =AVERAGE(Q52,V52,AA52,AF52,AK52,AP52) -> 0.61218638 | L52: =AVERAGE(R52,W52,AB52,AG52,AL52,AQ52) -> #DIV/0! | M52: =AVERAGE(S52,X52,AC52,AH52,AM52,AR52) -> #DIV/0! | N52: =AVERAGE(T52,Y52,AD52,AI52,AN52,AS52) -> #DIV/0! | O52: =AVERAGE(U52,Z52,AE52,AJ52,AO52,AT52) -> #DIV/0! | Q52: 0.65591398 | V52: 0.52903226 | AA52: 0.64516129 | AF52: 0.68387097 | AK52: 0.58924731 | AP52: 0.56989247
J53: 0.96441156 | K53: =AVERAGE(Q53,V53,AA53,AF53,AK53,AP53) -> 0.75968992 | L53: =AVERAGE(R53,W53,AB53,AG53,AL53,AQ53) -> #DIV/0! | M53: =AVERAGE(S53,X53,AC53,AH53,AM53,AR53) -> #DIV/0! | N53: =AVERAGE(T53,Y53,AD53,AI53,AN53,AS53) -> #DIV/0! | O53: =AVERAGE(U53,Z53,AE53,AJ53,AO53,AT53) -> #DIV/0! | Q53: 0.6807611 | V53: 0.78224101 | AA53: 0.69767442 | AF53: 0.84566596 | AK53: 0.72938689 | AP53: 0.82241015
J54: 0.90162272 | K54: =AVERAGE(Q54,V54,AA54,AF54,AK54,AP54) -> 0.75490196 | L54: =AVERAGE(R54,W54,AB54,AG54,AL54,AQ54) -> #DIV/0! | M54: =AVERAGE(S54,X54,AC54,AH54,AM54,AR54) -> #DIV/0! | N54: =AVERAGE(T54,Y54,AD54,AI54,AN54,AS54) -> #DIV/0! | O54: =AVERAGE(U54,Z54,AE54,AJ54,AO54,AT54) -> #DIV/0! | Q54: 0.8356998 | V54: 0.81541582 | AA54: 0.71602434 | AF54: 0.72413793 | AK54: 0.71602434 | AP54: 0.72210953
J55: 0.90042892 | K55: =AVERAGE(Q55,V55,AA55,AF55,AK55,AP55) -> 0.56464461 | L55: =AVERAGE(R55,W55,AB55,AG55,AL55,AQ55) -> #DIV/0! | M55: =AVERAGE(S55,X55,AC55,AH55,AM55,AR55) -> #DIV/0! | N55: =AVERAGE(T55,Y55,AD55,AI55,AN55,AS55) -> #DIV/0! | O55: =AVERAGE(U55,Z55,AE55,AJ55,AO55,AT55) -> #DIV/0! | Q55: 0.52573529 | V55: 0.54227941 | AA55: 0.63051471 | AF55: 0.53125 | AK55: 0.56066176 | AP55: 0.59742647
J56: 0.95508982 | K56: =AVERAGE(Q56,V56,AA56,AF56,AK56,AP56) -> 0.81636727 | L56: =AVERAGE(R56,W56,AB56,AG56,AL56,AQ56) -> #DIV/0! | M56: =AVERAGE(S56,X56,AC56,AH56,AM56,AR56) -> #DIV/0! | N56: =AVERAGE(T56,Y56,AD56,AI56,AN56,AS56) -> #DIV/0! | O56: =AVERAGE(U56,Z56,AE56,AJ56,AO56,AT56) -> #DIV/0! | Q56: 0.81636727 | V56: 0.83033932 | AA56: 0.83832335 | AF56: 0.76646707 | AK56: 0.77644711 | AP56: 0.87025948
J57: 0.96296296 | K57: =AVERAGE(Q57,V57,AA57,AF57,AK57,AP57) -> 0.67272727 | L57: =AVERAGE(R57,W57,AB57,AG57,AL57,AQ57) -> #DIV/0! | M57: =AVERAGE(S57,X57,AC57,AH57,AM57,AR57) -> #DIV/0! | N57: =AVERAGE(T57,Y57,AD57,AI57,AN57,AS57) -> #DIV/0! | O57: =AVERAGE(U57,Z57,AE57,AJ57,AO57,AT57) -> #DIV/0! | Q57: 0.57575758 | V57: 0.59393939 | AA57: 0.67070707 | AF57: 0.76363636 | AK57: 0.66666667 | AP57: 0.76565657
J58: 0.95705521 | K58: =AVERAGE(Q58,V58,AA58,AF58,AK58,AP58) -> 0.64723926 | L58: =AVERAGE(R58,W58,AB58,AG58,AL58,AQ58) -> #DIV/0! | M58: =AVERAGE(S58,X58,AC58,AH58,AM58,AR58) -> #DIV/0! | N58: =AVERAGE(T58,Y58,AD58,AI58,AN58,AS58) -> #DIV/0! | O58: =AVERAGE(U58,Z58,AE58,AJ58,AO58,AT58) -> #DIV/0! | Q58: 0.58895706 | V58: 0.6605317 | AA58: 0.63394683 | AF58: 0.69529652 | AK58: 0.65644172 | AP58: 0.64826176
J59: 0.89568345 | K59: =AVERAGE(Q59,V59,AA59,AF59,AK59,AP59) -> 0.75479616 | L59: =AVERAGE(R59,W59,AB59,AG59,AL59,AQ59) -> #DIV/0! | M59: =AVERAGE(S59,X59,AC59,AH59,AM59,AR59) -> #DIV/0! | N59: =AVERAGE(T59,Y59,AD59,AI59,AN59,AS59) -> #DIV/0! | O59: =AVERAGE(U59,Z59,AE59,AJ59,AO59,AT59) -> #DIV/0! | Q59: 0.76978417 | V59: 0.75539568 | AA59: 0.73201439 | AF59: 0.69244604 | AK59: 0.81294964 | AP59: 0.76618705
J60: 0.89658273 | K60: =AVERAGE(Q60,V60,AA60,AF60,AK60,AP60) -> 0.74100719 | L60: =AVERAGE(R60,W60,AB60,AG60,AL60,AQ60) -> #DIV/0! | M60: =AVERAGE(S60,X60,AC60,AH60,AM60,AR60) -> #DIV/0! | N60: =AVERAGE(T60,Y60,AD60,AI60,AN60,AS60) -> #DIV/0! | O60: =AVERAGE(U60,Z60,AE60,AJ60,AO60,AT60) -> #DIV/0! | Q60: 0.71043165 | V60: 0.73201439 | AA60: 0.71582734 | AF60: 0.76438849 | AK60: 0.73021583 | AP60: 0.79316547
J61: 0.95772947 | K61: =AVERAGE(Q61,V61,AA61,AF61,AK61,AP61) -> 0.78582931 | L61: =AVERAGE(R61,W61,AB61,AG61,AL61,AQ61) -> #DIV/0! | M61: =AVERAGE(S61,X61,AC61,AH61,AM61,AR61) -> #DIV/0! | N61: =AVERAGE(T61,Y61,AD61,AI61,AN61,AS61) -> #DIV/0! | O61: =AVERAGE(U61,Z61,AE61,AJ61,AO61,AT61) -> #DIV/0! | Q61: 0.76328502 | V61: 0.7294686 | AA61: 0.83091787 | AF61: 0.82850242 | AK61: 0.79951691 | AP61: 0.76328502
J62: 0.89963168 | K62: =AVERAGE(Q62,V62,AA62,AF62,AK62,AP62) -> 0.61632904 | L62: =AVERAGE(R62,W62,AB62,AG62,AL62,AQ62) -> #DIV/0! | M62: =AVERAGE(S62,X62,AC62,AH62,AM62,AR62) -> #DIV/0! | N62: =AVERAGE(T62,Y62,AD62,AI62,AN62,AS62) -> #DIV/0! | O62: =AVERAGE(U62,Z62,AE62,AJ62,AO62,AT62) -> #DIV/0! | Q62: 0.59116022 | V62: 0.64456722 | AA62: 0.5893186 | AF62: 0.59668508 | AK62: 0.57642726 | AP62: 0.69981584
J63: 0.965 | K63: =AVERAGE(Q63,V63,AA63,AF63,AK63,AP63) -> 0.79458333 | L63: =AVERAGE(R63,W63,AB63,AG63,AL63,AQ63) -> #DIV/0! | M63: =AVERAGE(S63,X63,AC63,AH63,AM63,AR63) -> #DIV/0! | N63: =AVERAGE(T63,Y63,AD63,AI63,AN63,AS63) -> #DIV/0! | O63: =AVERAGE(U63,Z63,AE63,AJ63,AO63,AT63) -> #DIV/0! | Q63: 0.71 | V63: 0.8325 | AA63: 0.74 | AF63: 0.8325 | AK63: 0.81 | AP63: 0.8425
... J72: 0.97103004 | K72: =AVERAGE(Q72,V72,AA72,AF72,AK72,AP72) -> 0.61158798 | L72: =AVERAGE(R72,W72,AB72,AG72,AL72,AQ72) -> #DIV/0! | M72: =AVERAGE(S72,X72,AC72,AH72,AM72,AR72) -> #DIV/0! | N72: =AVERAGE(T72,Y72,AD72,AI72,AN72,AS72) -> #DIV/0! | O72: =AVERAGE(U72,Z72,AE72,AJ72,AO72,AT72) -> #DIV/0! | Q72: 0.62446352 | V72: 0.69098712 | AA72: 0.60729614 | AF72: 0.53862661 | AK72: 0.58369099 | AP72: 0.62446352
J74: 0.99256308 | K74: =AVERAGE(K43:K72) -> 0.70334452 | L74: =AVERAGE(L43:L72) -> #DIV/0! | M74: =AVERAGE(M43:M72) -> #DIV/0! | N74: =AVERAGE(N43:N72) -> #DIV/0! | O74: =AVERAGE(O43:O72) -> #DIV/0! | Q74: =AVERAGE(Q43:Q72) -> 0.69831592 | R74: =AVERAGE(R43:R72) -> #DIV/0! | S74: =AVERAGE(S43:S72) -> #DIV/0! | T74: =AVERAGE(T43:T72) -> #DIV/0! | U74: =AVERAGE(U43:U72) -> #DIV/0! | V74: =AVERAGE(V43:V72) -> 0.69811311 | W74: =AVERAGE(W43:W72) -> #DIV/0! | X74: =AVERAGE(X43:X72) -> #DIV/0! | ... AT74: =AVERAGE(AT43:AT72) -> #DIV/0!
J77: k=1
Q78: 1 | V78: 2 | AA78: 3 | AF78: 4 | AK78: 5 | AP78: 6
I79: ID | J79: Task 1 | K79: Task 2 | L79: Task 3 | M79: Task 4 | N79: Task 5 | O79: Task 6 | Q79: Task 2 | R79: Task 3 | S79: Task 4 | T79: Task 5 | U79: Task 6 | V79: Task 2 | W79: Task 3 | X79: Task 4 | Y79: Task 5 | Z79: Task 6 | AA79: Task 2 | AB79: Task 3 | AC79: Task 4 | AD79: Task 5 | AE79: Task 6 | AF79: Task 2 | AG79: Task 3 | AH79: Task 4 | AI79: Task 5 | AJ79: Task 6 | AK79: Task 2 | AL79: Task 3 | AM79: Task 4 | AN79: Task 5 | AO79: Task 6 | AP79: Task 2 | AQ79: Task 3 | AR79: Task 4 | AS79: Task 5 | AT79: Task 6
J80: 0.95773688 | K80: =AVERAGE(Q80,V80,AA80,AF80,AK80,AP80) -> 0.68711656 | L80: =AVERAGE(R80,W80,AB80,AG80,AL80,AQ80) -> #DIV/0! | M80: =AVERAGE(S80,X80,AC80,AH80,AM80,AR80) -> #DIV/0! | N80: =AVERAGE(T80,Y80,AD80,AI80,AN80,AS80) -> #DIV/0! | O80: =AVERAGE(U80,Z80,AE80,AJ80,AO80,AT80) -> #DIV/0! | Q80: 0.68711656 | V80: 0.62781186 | AA80: 0.7402863 | AF80: 0.61554192 | AK80: 0.75460123 | AP80: 0.69734151
J81: 0.97281831 | K81: =AVERAGE(Q81,V81,AA81,AF81,AK81,AP81) -> 0.62875536 | L81: =AVERAGE(R81,W81,AB81,AG81,AL81,AQ81) -> #DIV/0! | M81: =AVERAGE(S81,X81,AC81,AH81,AM81,AR81) -> #DIV/0! | N81: =AVERAGE(T81,Y81,AD81,AI81,AN81,AS81) -> #DIV/0! | O81: =AVERAGE(U81,Z81,AE81,AJ81,AO81,AT81) -> #DIV/0! | Q81: 0.52145923 | V81: 0.66523605 | AA81: 0.74463519 | AF81: 0.66094421 | AK81: 0.61587983 | AP81: 0.56437768
J82: 0.85420341 | K82: =AVERAGE(Q82,V82,AA82,AF82,AK82,AP82) -> 0.62757202 | L82: =AVERAGE(R82,W82,AB82,AG82,AL82,AQ82) -> #DIV/0! | M82: =AVERAGE(S82,X82,AC82,AH82,AM82,AR82) -> #DIV/0! | N82: =AVERAGE(T82,Y82,AD82,AI82,AN82,AS82) -> #DIV/0! | O82: =AVERAGE(U82,Z82,AE82,AJ82,AO82,AT82) -> #DIV/0! | Q82: 0.59964727 | V82: 0.68077601 | AA82: 0.62786596 | AF82: 0.6031746 | AK82: 0.62962963 | AP82: 0.62433862
J83: 0.95764054 | K83: =AVERAGE(Q83,V83,AA83,AF83,AK83,AP83) -> 0.89707047 | L83: =AVERAGE(R83,W83,AB83,AG83,AL83,AQ83) -> #DIV/0! | M83: =AVERAGE(S83,X83,AC83,AH83,AM83,AR83) -> #DIV/0! | N83: =AVERAGE(T83,Y83,AD83,AI83,AN83,AS83) -> #DIV/0! | O83: =AVERAGE(U83,Z83,AE83,AJ83,AO83,AT83) -> #DIV/0! | Q83: 0.9216152 | V83: 0.91448931 | AA83: 0.87885986 | AF83: 0.83847981 | AK83: 0.9239905 | AP83: 0.90498812
J84: 0.96397569 | K84: =AVERAGE(Q84,V84,AA84,AF84,AK84,AP84) -> 0.76866319 | L84: =AVERAGE(R84,W84,AB84,AG84,AL84,AQ84) -> #DIV/0! | M84: =AVERAGE(S84,X84,AC84,AH84,AM84,AR84) -> #DIV/0! | N84: =AVERAGE(T84,Y84,AD84,AI84,AN84,AS84) -> #DIV/0! | O84: =AVERAGE(U84,Z84,AE84,AJ84,AO84,AT84) -> #DIV/0! | Q84: 0.73958333 | V84: 0.84635417 | AA84: 0.76302083 | AF84: 0.77083333 | AK84: 0.72916667 | AP84: 0.76302083
J85: 0.89766082 | K85: =AVERAGE(Q85,V85,AA85,AF85,AK85,AP85) -> 0.49415205 | L85: =AVERAGE(R85,W85,AB85,AG85,AL85,AQ85) -> #DIV/0! | M85: =AVERAGE(S85,X85,AC85,AH85,AM85,AR85) -> #DIV/0! | N85: =AVERAGE(T85,Y85,AD85,AI85,AN85,AS85) -> #DIV/0! | O85: =AVERAGE(U85,Z85,AE85,AJ85,AO85,AT85) -> #DIV/0! | Q85: 0.49342105 | V85: 0.51315789 | AA85: 0.51754386 | AF85: 0.57236842 | AK85: 0.35526316 | AP85: 0.51315789
J86: 0.96943049 | K86: =AVERAGE(Q86,V86,AA86,AF86,AK86,AP86) -> 0.86599665 | L86: =AVERAGE(R86,W86,AB86,AG86,AL86,AQ86) -> #DIV/0! | M86: =AVERAGE(S86,X86,AC86,AH86,AM86,AR86) -> #DIV/0! | N86: =AVERAGE(T86,Y86,AD86,AI86,AN86,AS86) -> #DIV/0! | O86: =AVERAGE(U86,Z86,AE86,AJ86,AO86,AT86) -> #DIV/0! | Q86: 0.92462312 | V86: 0.75376884 | AA86: 0.81909548 | AF86: 0.87437186 | AK86: 0.92713568 | AP86: 0.89698492
J87: 0.96319199 | K87: =AVERAGE(Q87,V87,AA87,AF87,AK87,AP87) -> 0.79122497 | L87: =AVERAGE(R87,W87,AB87,AG87,AL87,AQ87) -> #DIV/0! | M87: =AVERAGE(S87,X87,AC87,AH87,AM87,AR87) -> #DIV/0! | N87: =AVERAGE(T87,Y87,AD87,AI87,AN87,AS87) -> #DIV/0! | O87: =AVERAGE(U87,Z87,AE87,AJ87,AO87,AT87) -> #DIV/0! | Q87: 0.75618375 | V87: 0.81625442 | AA87: 0.80388693 | AF87: 0.85689046 | AK87: 0.87279152 | AP87: 0.64134276
J88: 0.9697286 | K88: =AVERAGE(Q88,V88,AA88,AF88,AK88,AP88) -> 0.8434238 | L88: =AVERAGE(R88,W88,AB88,AG88,AL88,AQ88) -> #DIV/0! | M88: =AVERAGE(S88,X88,AC88,AH88,AM88,AR88) -> #DIV/0! | N88: =AVERAGE(T88,Y88,AD88,AI88,AN88,AS88) -> #DIV/0! | O88: =AVERAGE(U88,Z88,AE88,AJ88,AO88,AT88) -> #DIV/0! | Q88: 0.83298539 | V88: 0.80584551 | AA88: 0.84759916 | AF88: 0.8308977 | AK88: 0.83924843 | AP88: 0.9039666
J89: 0.96666667 | K89: =AVERAGE(Q89,V89,AA89,AF89,AK89,AP89) -> 0.62078853 | L89: =AVERAGE(R89,W89,AB89,AG89,AL89,AQ89) -> #DIV/0! | M89: =AVERAGE(S89,X89,AC89,AH89,AM89,AR89) -> #DIV/0! | N89: =AVERAGE(T89,Y89,AD89,AI89,AN89,AS89) -> #DIV/0! | O89: =AVERAGE(U89,Z89,AE89,AJ89,AO89,AT89) -> #DIV/0! | Q89: 0.5827957 | V89: 0.69462366 | AA89: 0.72043011 | AF89: 0.58924731 | AK89: 0.53333333 | AP89: 0.60430108
J90: 0.96652572 | K90: =AVERAGE(Q90,V90,AA90,AF90,AK90,AP90) -> 0.81818182 | L90: =AVERAGE(R90,W90,AB90,AG90,AL90,AQ90) -> #DIV/0! | M90: =AVERAGE(S90,X90,AC90,AH90,AM90,AR90) -> #DIV/0! | N90: =AVERAGE(T90,Y90,AD90,AI90,AN90,AS90) -> #DIV/0! | O90: =AVERAGE(U90,Z90,AE90,AJ90,AO90,AT90) -> #DIV/0! | Q90: 0.65116279 | V90: 0.9154334 | AA90: 0.90274841 | AF90: 0.80972516 | AK90: 0.81395349 | AP90: 0.81606765
J91: 0.88066261 | K91: =AVERAGE(Q91,V91,AA91,AF91,AK91,AP91) -> 0.71872887 | L91: =AVERAGE(R91,W91,AB91,AG91,AL91,AQ91) -> #DIV/0! | M91: =AVERAGE(S91,X91,AC91,AH91,AM91,AR91) -> #DIV/0! | N91: =AVERAGE(T91,Y91,AD91,AI91,AN91,AS91) -> #DIV/0! | O91: =AVERAGE(U91,Z91,AE91,AJ91,AO91,AT91) -> #DIV/0! | Q91: 0.71805274 | V91: 0.68965517 | AA91: 0.67139959 | AF91: 0.73022312 | AK91: 0.73833671 | AP91: 0.76470588
... J109: 0.97353362 | K109: =AVERAGE(Q109,V109,AA109,AF109,AK109,AP109) -> 0.5758226 | L109: =AVERAGE(R109,W109,AB109,AG109,AL109,AQ109) -> #DIV/0! | M109: =AVERAGE(S109,X109,AC109,AH109,AM109,AR109) -> #DIV/0! | N109: =AVERAGE(T109,Y109,AD109,AI109,AN109,AS109) -> #DIV/0! | O109: =AVERAGE(U109,Z109,AE109,AJ109,AO109,AT109) -> #DIV/0! | Q109: 0.55793991 | V109: 0.56437768 | AA109: 0.62446352 | AF109: 0.58583691 | AK109: 0.54077253 | AP109: 0.58154506
J111: 0.99067066 | K111: =AVERAGE(K80:K109) -> 0.70708711 | L111: =AVERAGE(L80:L109) -> #DIV/0! | M111: =AVERAGE(M80:M109) -> #DIV/0! | N111: =AVERAGE(N80:N109) -> #DIV/0! | O111: =AVERAGE(O80:O109) -> #DIV/0! | Q111: =AVERAGE(Q80:Q109) -> 0.6836478 | R111: =AVERAGE(R80:R109) -> #DIV/0! | S111: =AVERAGE(S80:S109) -> #DIV/0! | T111: =AVERAGE(T80:T109) -> #DIV/0! | U111: =AVERAGE(U80:U109) -> #DIV/0! | V111: =AVERAGE(V80:V109) -> 0.72178714 | W111: =AVERAGE(W80:W109) -> #DIV/0! | X111: =AVERAGE(X80:X109) -> #DIV/0! | ... AT111: =AVERAGE(AT80:AT109) -> #DIV/0!
J114: k=2
Q115: 1 | V115: 2 | AA115: 3 | AF115: 4 | AK115: 5 | AP115: 6
I116: ID | J116: Task 1 | K116: Task 2 | L116: Task 3 | M116: Task 4 | N116: Task 5 | O116: Task 6 | Q116: Task 2 | R116: Task 3 | S116: Task 4 | T116: Task 5 | U116: Task 6 | V116: Task 2 | W116: Task 3 | X116: Task 4 | Y116: Task 5 | Z116: Task 6 | AA116: Task 2 | AB116: Task 3 | AC116: Task 4 | AD116: Task 5 | AE116: Task 6 | AF116: Task 2 | AG116: Task 3 | AH116: Task 4 | AI116: Task 5 | AJ116: Task 6 | AK116: Task 2 | AL116: Task 3 | AM116: Task 4 | AN116: Task 5 | AO116: Task 6 | AP116: Task 2 | AQ116: Task 3 | AR116: Task 4 | AS116: Task 5 | AT116: Task 6
J117: 0.95978187 | K117: =AVERAGE(Q117,V117,AA117,AF117,AK117,AP117) -> 0.7068848 | L117: =AVERAGE(R117,W117,AB117,AG117,AL117,AQ117) -> #DIV/0! | M117: =AVERAGE(S117,X117,AC117,AH117,AM117,AR117) -> #DIV/0! | N117: =AVERAGE(T117,Y117,AD117,AI117,AN117,AS117) -> #DIV/0! | O117: =AVERAGE(U117,Z117,AE117,AJ117,AO117,AT117) -> #DIV/0! | Q117: 0.73210634 | V117: 0.77709611 | AA117: 0.6993865 | AF117: 0.6400818 | AK117: 0.75255624 | AP117: 0.6400818
J118: 0.97353362 | K118: =AVERAGE(Q118,V118,AA118,AF118,AK118,AP118) -> 0.65844063 | L118: =AVERAGE(R118,W118,AB118,AG118,AL118,AQ118) -> #DIV/0! | M118: =AVERAGE(S118,X118,AC118,AH118,AM118,AR118) -> #DIV/0! | N118: =AVERAGE(T118,Y118,AD118,AI118,AN118,AS118) -> #DIV/0! | O118: =AVERAGE(U118,Z118,AE118,AJ118,AO118,AT118) -> #DIV/0! | Q118: 0.75321888 | V118: 0.62875536 | AA118: 0.63304721 | AF118: 0.74892704 | AK118: 0.63948498 | AP118: 0.5472103
J119: 0.84391534 | K119: =AVERAGE(Q119,V119,AA119,AF119,AK119,AP119) -> 0.67078189 | L119: =AVERAGE(R119,W119,AB119,AG119,AL119,AQ119) -> #DIV/0! | M119: =AVERAGE(S119,X119,AC119,AH119,AM119,AR119) -> #DIV/0! | N119: =AVERAGE(T119,Y119,AD119,AI119,AN119,AS119) -> #DIV/0! | O119: =AVERAGE(U119,Z119,AE119,AJ119,AO119,AT119) -> #DIV/0! | Q119: 0.64550265 | V119: 0.63315697 | AA119: 0.6984127 | AF119: 0.69312169 | AK119: 0.63844797 | AP119: 0.71604938
J120: 0.96159937 | K120: =AVERAGE(Q120,V120,AA120,AF120,AK120,AP120) -> 0.90894695 | L120: =AVERAGE(R120,W120,AB120,AG120,AL120,AQ120) -> #DIV/0! | M120: =AVERAGE(S120,X120,AC120,AH120,AM120,AR120) -> #DIV/0! | N120: =AVERAGE(T120,Y120,AD120,AI120,AN120,AS120) -> #DIV/0! | O120: =AVERAGE(U120,Z120,AE120,AJ120,AO120,AT120) -> #DIV/0! | Q120: 0.89311164 | V120: 0.90261283 | AA120: 0.90736342 | AF120: 0.93824228 | AK120: 0.89548694 | AP120: 0.91686461
J121: 0.96614583 | K121: =AVERAGE(Q121,V121,AA121,AF121,AK121,AP121) -> 0.73003472 | L121: =AVERAGE(R121,W121,AB121,AG121,AL121,AQ121) -> #DIV/0! | M121: =AVERAGE(S121,X121,AC121,AH121,AM121,AR121) -> #DIV/0! | N121: =AVERAGE(T121,Y121,AD121,AI121,AN121,AS121) -> #DIV/0! | O121: =AVERAGE(U121,Z121,AE121,AJ121,AO121,AT121) -> #DIV/0! | Q121: 0.78645833 | V121: 0.69010417 | AA121: 0.76302083 | AF121: 0.8125 | AK121: 0.6328125 | AP121: 0.6953125
J122: 0.89692982 | K122: =AVERAGE(Q122,V122,AA122,AF122,AK122,AP122) -> 0.58369883 | L122: =AVERAGE(R122,W122,AB122,AG122,AL122,AQ122) -> #DIV/0! | M122: =AVERAGE(S122,X122,AC122,AH122,AM122,AR122) -> #DIV/0! | N122: =AVERAGE(T122,Y122,AD122,AI122,AN122,AS122) -> #DIV/0! | O122: =AVERAGE(U122,Z122,AE122,AJ122,AO122,AT122) -> #DIV/0! | Q122: 0.5877193 | V122: 0.60745614 | AA122: 0.63157895 | AF122: 0.58552632 | AK122: 0.51096491 | AP122: 0.57894737
J123: 0.96943049 | K123: =AVERAGE(Q123,V123,AA123,AF123,AK123,AP123) -> 0.90536013 | L123: =AVERAGE(R123,W123,AB123,AG123,AL123,AQ123) -> #DIV/0! | M123: =AVERAGE(S123,X123,AC123,AH123,AM123,AR123) -> #DIV/0! | N123: =AVERAGE(T123,Y123,AD123,AI123,AN123,AS123) -> #DIV/0! | O123: =AVERAGE(U123,Z123,AE123,AJ123,AO123,AT123) -> #DIV/0! | Q123: 0.87688442 | V123: 0.9321608 | AA123: 0.89447236 | AF123: 0.88190955 | AK123: 0.92964824 | AP123: 0.91708543
J124: 0.96378092 | K124: =AVERAGE(Q124,V124,AA124,AF124,AK124,AP124) -> 0.87161366 | L124: =AVERAGE(R124,W124,AB124,AG124,AL124,AQ124) -> #DIV/0! | M124: =AVERAGE(S124,X124,AC124,AH124,AM124,AR124) -> #DIV/0! | N124: =AVERAGE(T124,Y124,AD124,AI124,AN124,AS124) -> #DIV/0! | O124: =AVERAGE(U124,Z124,AE124,AJ124,AO124,AT124) -> #DIV/0! | Q124: 0.93992933 | V124: 0.90459364 | AA124: 0.86219081 | AF124: 0.91696113 | AK124: 0.81095406 | AP124: 0.795053
J125: 0.97146834 | K125: =AVERAGE(Q125,V125,AA125,AF125,AK125,AP125) -> 0.79436326 | L125: =AVERAGE(R125,W125,AB125,AG125,AL125,AQ125) -> #DIV/0! | M125: =AVERAGE(S125,X125,AC125,AH125,AM125,AR125) -> #DIV/0! | N125: =AVERAGE(T125,Y125,AD125,AI125,AN125,AS125) -> #DIV/0! | O125: =AVERAGE(U125,Z125,AE125,AJ125,AO125,AT125) -> #DIV/0! | Q125: 0.782881 | V125: 0.83298539 | AA125: 0.8914405 | AF125: 0.70354906 | AK125: 0.73695198 | AP125: 0.81837161
J126: 0.96666667 | K126: =AVERAGE(Q126,V126,AA126,AF126,AK126,AP126) -> 0.64516129 | L126: =AVERAGE(R126,W126,AB126,AG126,AL126,AQ126) -> #DIV/0! | M126: =AVERAGE(S126,X126,AC126,AH126,AM126,AR126) -> #DIV/0! | N126: =AVERAGE(T126,Y126,AD126,AI126,AN126,AS126) -> #DIV/0! | O126: =AVERAGE(U126,Z126,AE126,AJ126,AO126,AT126) -> #DIV/0! | Q126: 0.70967742 | V126: 0.69032258 | AA126: 0.65591398 | AF126: 0.62150538 | AK126: 0.55483871 | AP126: 0.63870968
J127: 0.96370684 | K127: =AVERAGE(Q127,V127,AA127,AF127,AK127,AP127) -> 0.74770965 | L127: =AVERAGE(R127,W127,AB127,AG127,AL127,AQ127) -> #DIV/0! | M127: =AVERAGE(S127,X127,AC127,AH127,AM127,AR127) -> #DIV/0! | N127: =AVERAGE(T127,Y127,AD127,AI127,AN127,AS127) -> #DIV/0! | O127: =AVERAGE(U127,Z127,AE127,AJ127,AO127,AT127) -> #DIV/0! | Q127: 0.86257928 | V127: 0.70401691 | AA127: 0.73995772 | AF127: 0.70613108 | AK127: 0.7653277 | AP127: 0.70824524
J128: 0.90669371 | K128: =AVERAGE(Q128,V128,AA128,AF128,AK128,AP128) -> 0.77045301 | L128: =AVERAGE(R128,W128,AB128,AG128,AL128,AQ128) -> #DIV/0! | M128: =AVERAGE(S128,X128,AC128,AH128,AM128,AR128) -> #DIV/0! | N128: =AVERAGE(T128,Y128,AD128,AI128,AN128,AS128) -> #DIV/0! | O128: =AVERAGE(U128,Z128,AE128,AJ128,AO128,AT128) -> #DIV/0! | Q128: 0.76673428 | V128: 0.80730223 | AA128: 0.76470588 | AF128: 0.7505071 | AK128: 0.78296146 | AP128: 0.7505071
... J146: 0.97389127 | K146: =AVERAGE(Q146,V146,AA146,AF146,AK146,AP146) -> 0.60944206 | L146: =AVERAGE(R146,W146,AB146,AG146,AL146,AQ146) -> #DIV/0! | M146: =AVERAGE(S146,X146,AC146,AH146,AM146,AR146) -> #DIV/0! | N146: =AVERAGE(T146,Y146,AD146,AI146,AN146,AS146) -> #DIV/0! | O146: =AVERAGE(U146,Z146,AE146,AJ146,AO146,AT146) -> #DIV/0! | Q146: 0.53862661 | V146: 0.55364807 | AA146: 0.70171674 | AF146: 0.64377682 | AK146: 0.5944206 | AP146: 0.62446352
J148: 0.99084324 | K148: =AVERAGE(K117:K146) -> 0.72835621 | L148: =AVERAGE(L117:L146) -> #DIV/0! | M148: =AVERAGE(M117:M146) -> #DIV/0! | N148: =AVERAGE(N117:N146) -> #DIV/0! | O148: =AVERAGE(O117:O146) -> #DIV/0! | Q148: =AVERAGE(Q117:Q146) -> 0.74218221 | R148: =AVERAGE(R117:R146) -> #DIV/0! | S148: =AVERAGE(S117:S146) -> #DIV/0! | T148: =AVERAGE(T117:T146) -> #DIV/0! | U148: =AVERAGE(U117:U146) -> #DIV/0! | V148: =AVERAGE(V117:V146) -> 0.7393051 | W148: =AVERAGE(W117:W146) -> #DIV/0! | X148: =AVERAGE(X117:X146) -> #DIV/0! | ... AT148: =AVERAGE(AT117:AT146) -> #DIV/0!
J151: k=3
Q152: 1 | V152: 2 | AA152: 3 | AF152: 4 | AK152: 5 | AP152: 6
I153: ID | J153: Task 1 | K153: Task 2 | L153: Task 3 | M153: Task 4 | N153: Task 5 | O153: Task 6 | Q153: Task 2 | R153: Task 3 | S153: Task 4 | T153: Task 5 | U153: Task 6 | V153: Task 2 | W153: Task 3 | X153: Task 4 | Y153: Task 5 | Z153: Task 6 | AA153: Task 2 | AB153: Task 3 | AC153: Task 4 | AD153: Task 5 | AE153: Task 6 | AF153: Task 2 | AG153: Task 3 | AH153: Task 4 | AI153: Task 5 | AJ153: Task 6 | AK153: Task 2 | AL153: Task 3 | AM153: Task 4 | AN153: Task 5 | AO153: Task 6 | AP153: Task 2 | AQ153: Task 3 | AR153: Task 4 | AS153: Task 5 | AT153: Task 6
...

Sheet Person_2
J3: k=0.25
Q4: 1 | V4: 2 | AA4: 3 | AF4: 4 | AK4: 5 | AP4: 6
A5: k | B5: Task 1 | C5: Task 2 | D5: Task 3 | E5: Task 4 | F5: Task 5 | G5: Task 6 | I5: ID | J5: Task 1 | K5: Task 2 | L5: Task 3 | M5: Task 4 | N5: Task 5 | O5: Task 6 | Q5: Task 2 | R5: Task 3 | S5: Task 4 | T5: Task 5 | U5: Task 6 | V5: Task 2 | W5: Task 3 | X5: Task 4 | Y5: Task 5 | Z5: Task 6 | AA5: Task 2 | AB5: Task 3 | AC5: Task 4 | AD5: Task 5 | AE5: Task 6 | AF5: Task 2 | AG5: Task 3 | AH5: Task 4 | AI5: Task 5 | AJ5: Task 6 | AK5: Task 2 | AL5: Task 3 | AM5: Task 4 | AN5: Task 5 | AO5: Task 6 | AP5: Task 2 | AQ5: Task 3 | AR5: Task 4 | AS5: Task 5 | AT5: Task 6 | AV5: =A6 -> 0.25 | AW5: Task 2 | AX5: Task 3 | AY5: Task 4 | AZ5: Task 5 | BA5: Task 6
A6: 0.25 | B6: =AVERAGE(J6:J35) -> 0.98800682 | C6: =AVERAGE(K6:K35) -> 0.83977432 | D6: =AVERAGE(L6:L35) -> #DIV/0! | E6: =AVERAGE(M6:M35) -> #DIV/0! | F6: =AVERAGE(N6:N35) -> #DIV/0! | G6: =AVERAGE(O6:O35) -> #DIV/0! | J6: 0.99390244 | K6: =AVERAGE(Q6,V6,AA6,AF6,AK6,AP6) -> 0.87703252 | L6: =AVERAGE(R6,W6,AB6,AG6,AL6,AQ6) -> #DIV/0! | M6: =AVERAGE(S6,X6,AC6,AH6,AM6,AR6) -> #DIV/0! | N6: =AVERAGE(T6,Y6,AD6,AI6,AN6,AS6) -> #DIV/0! | O6: =AVERAGE(U6,Z6,AE6,AJ6,AO6,AT6) -> #DIV/0! | Q6: 0.93089431 | V6: 0.89227642 | AA6: 0.92073171 | AF6: 0.86788618 | AK6: 0.90243902 | AP6: 0.74796748 | AV6: 1 | AW6: =$Q$37 -> 0.83116237 | AX6: =$R$37 -> #DIV/0! | AY6: =$S$37 -> #DIV/0! | AZ6: =$T$37 -> #DIV/0! | BA6: =$U$37 -> #DIV/0!
A7: 0.5 | B7: =AVERAGE(J43:J72) -> 0.98811749 | C7: =AVERAGE(K43:K72) -> 0.86032135 | D7: =AVERAGE(L43:L72) -> #DIV/0! | E7: =AVERAGE(M43:M72) -> #DIV/0! | F7: =AVERAGE(N43:N72) -> #DIV/0! | G7: =AVERAGE(O43:O72) -> #DIV/0! | J7: 0.98874365 | K7: =AVERAGE(Q7,V7,AA7,AF7,AK7,AP7) -> 0.77777778 | L7: =AVERAGE(R7,W7,AB7,AG7,AL7,AQ7) -> #DIV/0! | M7: =AVERAGE(S7,X7,AC7,AH7,AM7,AR7) -> #DIV/0! | N7: =AVERAGE(T7,Y7,AD7,AI7,AN7,AS7) -> #DIV/0! | O7: =AVERAGE(U7,Z7,AE7,AJ7,AO7,AT7) -> #DIV/0! | Q7: 0.64705882 | V7: 0.80392157 | AA7: 0.8453159 | AF7: 0.68409586 | AK7: 0.81481481 | AP7: 0.87145969 | AV7: 2 | AW7: =$V$37 -> 0.8535087 | AX7: =$W$37 -> #DIV/0! | AY7: =$X$37 -> #DIV/0! | AZ7: =$Y$37 -> #DIV/0! | BA7: =$Z$37 -> #DIV/0!
A8: 1 | B8: =AVERAGE(J80:J109) -> 0.98817145 | C8: =AVERAGE(K80:K109) -> 0.86103677 | D8: =AVERAGE(L80:L109) -> #DIV/0! | E8: =AVERAGE(M80:M109) -> #DIV/0! | F8: =AVERAGE(N80:N109) -> #DIV/0! | G8: =AVERAGE(O80:O109) -> #DIV/0! | J8: 0.98702422 | K8: =AVERAGE(Q8,V8,AA8,AF8,AK8,AP8) -> 0.93310265 | L8: =AVERAGE(R8,W8,AB8,AG8,AL8,AQ8) -> #DIV/0! | M8: =AVERAGE(S8,X8,AC8,AH8,AM8,AR8) -> #DIV/0! | N8: =AVERAGE(T8,Y8,AD8,AI8,AN8,AS8) -> #DIV/0! | O8: =AVERAGE(U8,Z8,AE8,AJ8,AO8,AT8) -> #DIV/0! | Q8: 0.90138408 | V8: 0.96020761 | AA8: 0.9550173 | AF8: 0.92906574 | AK8: 0.88408304 | AP8: 0.96885813 | AV8: 3 | AW8: =$AA$37 -> 0.86202213 | AX8: =$AB$37 -> #DIV/0! | AY8: =$AC$37 -> #DIV/0! | AZ8: =$AD$37 -> #DIV/0! | BA8: =$AE$37 -> #DIV/0!
A9: 2 | B9: =AVERAGE(J117:J146) -> 0.98784424 | C9: =AVERAGE(K117:K146) -> 0.90563102 | D9: =AVERAGE(L117:L146) -> #DIV/0! | E9: =AVERAGE(M117:M146) -> #DIV/0! | F9: =AVERAGE(N117:N146) -> #DIV/0! | G9: =AVERAGE(O117:O146) -> #DIV/0! | J9: 0.98607796 | K9: =AVERAGE(Q9,V9,AA9,AF9,AK9,AP9) -> 0.96618934 | L9: =AVERAGE(R9,W9,AB9,AG9,AL9,AQ9) -> #DIV/0! | M9: =AVERAGE(S9,X9,AC9,AH9,AM9,AR9) -> #DIV/0! | N9: =AVERAGE(T9,Y9,AD9,AI9,AN9,AS9) -> #DIV/0! | O9: =AVERAGE(U9,Z9,AE9,AJ9,AO9,AT9) -> #DIV/0! | Q9: 0.96897375 | V9: 0.95704057 | AA9: 0.9451074 | AF9: 0.97136038 | AK9: 0.97136038 | AP9: 0.98329356 | AV9: 4 | AW9: =$AF$37 -> 0.79618854 | AX9: =$AG$37 -> #DIV/0! | AY9: =$AH$37 -> #DIV/0! | AZ9: =$AI$37 -> #DIV/0! | BA9: =$AJ$37 -> #DIV/0!
A10: 3 | B10: =AVERAGE(J154:J183) -> 0.98797343 | C10: =AVERAGE(K154:K183) -> 0.92763189 | D10: =AVERAGE(L154:L183) -> #DIV/0! | E10: =AVERAGE(M154:M183) -> #DIV/0! | F10: =AVERAGE(N154:N183) -> #DIV/0! | G10: =AVERAGE(O154:O183) -> #DIV/0! | J10: 0.98679515 | K10: =AVERAGE(Q10,V10,AA10,AF10,AK10,AP10) -> 0.88793719 | L10: =AVERAGE(R10,W10,AB10,AG10,AL10,AQ10) -> #DIV/0! | M10: =AVERAGE(S10,X10,AC10,AH10,AM10,AR10) -> #DIV/0! | N10: =AVERAGE(T10,Y10,AD10,AI10,AN10,AS10) -> #DIV/0! | O10: =AVERAGE(U10,Z10,AE10,AJ10,AO10,AT10) -> #DIV/0! | Q10: 0.93361884 | V10: 0.91648822 | AA10: 0.85010707 | AF10: 0.84154176 | AK10: 0.87152034 | AP10: 0.9143469 | AV10: 5 | AW10: =$AK$37 -> 0.8641581 | AX10: =$AL$37 -> #DIV/0! | AY10: =$AM$37 -> #DIV/0! | AZ10: =$AN$37 -> #DIV/0! | BA10: =$AO$37 -> #DIV/0!
J11: 0.99240781 | K11: =AVERAGE(Q11,V11,AA11,AF11,AK11,AP11) -> 0.80621837 | L11: =AVERAGE(R11,W11,AB11,AG11,AL11,AQ11) -> #DIV/0! | M11: =AVERAGE(S11,X11,AC11,AH11,AM11,AR11) -> #DIV/0! | N11: =AVERAGE(T11,Y11,AD11,AI11,AN11,AS11) -> #DIV/0! | O11: =AVERAGE(U11,Z11,AE11,AJ11,AO11,AT11) -> #DIV/0! | Q11: 0.670282 | V11: 0.94793926 | AA11: 0.88286334 | AF11: 0.76572668 | AK11: 0.77440347 | AP11: 0.79609544 | AV11: 6 | AW11: =$AP$37 -> 0.83160605 | AX11: =$AQ$37 -> #DIV/0! | AY11: =$AR$37 -> #DIV/0! | AZ11: =$AS$37 -> #DIV/0! | BA11: =$AT$37 -> #DIV/0!
J12: 0.98316062 | K12: =AVERAGE(Q12,V12,AA12,AF12,AK12,AP12) -> 0.90803109 | L12: =AVERAGE(R12,W12,AB12,AG12,AL12,AQ12) -> #DIV/0! | M12: =AVERAGE(S12,X12,AC12,AH12,AM12,AR12) -> #DIV/0! | N12: =AVERAGE(T12,Y12,AD12,AI12,AN12,AS12) -> #DIV/0! | O12: =AVERAGE(U12,Z12,AE12,AJ12,AO12,AT12) -> #DIV/0! | Q12: 0.9015544 | V12: 0.86787565 | AA12: 0.91968912 | AF12: 0.89637306 | AK12: 0.92487047 | AP12: 0.93782383
J13: 0.98254986 | K13: =AVERAGE(Q13,V13,AA13,AF13,AK13,AP13) -> 0.88782051 | L13: =AVERAGE(R13,W13,AB13,AG13,AL13,AQ13) -> #DIV/0! | M13: =AVERAGE(S13,X13,AC13,AH13,AM13,AR13) -> #DIV/0! | N13: =AVERAGE(T13,Y13,AD13,AI13,AN13,AS13) -> #DIV/0! | O13: =AVERAGE(U13,Z13,AE13,AJ13,AO13,AT13) -> #DIV/0! | Q13: 0.92735043 | V13: 0.94017094 | AA13: 0.95940171 | AF13: 0.74358974 | AK13: 0.85470085 | AP13: 0.9017094
J14: 0.98206474 | K14: =AVERAGE(Q14,V14,AA14,AF14,AK14,AP14) -> 0.84033246 | L14: =AVERAGE(R14,W14,AB14,AG14,AL14,AQ14) -> #DIV/0! | M14: =AVERAGE(S14,X14,AC14,AH14,AM14,AR14) -> #DIV/0! | N14: =AVERAGE(T14,Y14,AD14,AI14,AN14,AS14) -> #DIV/0! | O14: =AVERAGE(U14,Z14,AE14,AJ14,AO14,AT14) -> #DIV/0! | Q14: 0.80052493 | V14: 0.90288714 | AA14: 0.87139108 | AF14: 0.90026247 | AK14: 0.79527559 | AP14: 0.77165354
J15: 0.98953824 | K15: =AVERAGE(Q15,V15,AA15,AF15,AK15,AP15) -> 0.78463203 | L15: =AVERAGE(R15,W15,AB15,AG15,AL15,AQ15) -> #DIV/0! | M15: =AVERAGE(S15,X15,AC15,AH15,AM15,AR15) -> #DIV/0! | N15: =AVERAGE(T15,Y15,AD15,AI15,AN15,AS15) -> #DIV/0! | O15: =AVERAGE(U15,Z15,AE15,AJ15,AO15,AT15) -> #DIV/0! | Q15: 0.73160173 | V15: 0.83549784 | AA15: 0.85714286 | AF15: 0.86796537 | AK15: 0.79220779 | AP15: 0.62337662 | AV15: =A7 -> 0.5 | AW15: Task 2 | AX15: Task 3 | AY15: Task 4 | AZ15: Task 5 | BA15: Task 6
J16: 0.98075241 | K16: =AVERAGE(Q16,V16,AA16,AF16,AK16,AP16) -> 0.8600175 | L16: =AVERAGE(R16,W16,AB16,AG16,AL16,AQ16) -> #DIV/0! | M16: =AVERAGE(S16,X16,AC16,AH16,AM16,AR16) -> #DIV/0! | N16: =AVERAGE(T16,Y16,AD16,AI16,AN16,AS16) -> #DIV/0! | O16: =AVERAGE(U16,Z16,AE16,AJ16,AO16,AT16) -> #DIV/0! | Q16: 0.88188976 | V16: 0.832021 | AA16: 0.88451444 | AF16: 0.88976378 | AK16: 0.89238845 | AP16: 0.77952756 | AV16: 1 | AW16: =$Q$74 -> 0.87744559 | AX16: =$R$74 -> #DIV/0! | AY16: =$S$74 -> #DIV/0! | AZ16: =$T$74 -> #DIV/0! | BA16: =$U$74 -> #DIV/0!
J17: 0.98910412 | K17: =AVERAGE(Q17,V17,AA17,AF17,AK17,AP17) -> 0.87046005 | L17: =AVERAGE(R17,W17,AB17,AG17,AL17,AQ17) -> #DIV/0! | M17: =AVERAGE(S17,X17,AC17,AH17,AM17,AR17) -> #DIV/0! | N17: =AVERAGE(T17,Y17,AD17,AI17,AN17,AS17) -> #DIV/0! | O17: =AVERAGE(U17,Z17,AE17,AJ17,AO17,AT17) -> #DIV/0! | Q17: 0.91767554 | V17: 0.91283293 | AA17: 0.89588378 | AF17: 0.94188862 | AK17: 0.937046 | AP17: 0.61743341 | AV17: 2 | AW17: =$V$74 -> 0.89841247 | AX17: =$W$74 -> #DIV/0! | AY17: =$X$74 -> #DIV/0! | AZ17: =$Y$74 -> #DIV/0! | BA17: =$Z$74 -> #DIV/0!
J18: 0.98929664 | K18: =AVERAGE(Q18,V18,AA18,AF18,AK18,AP18) -> 0.80366972 | L18: =AVERAGE(R18,W18,AB18,AG18,AL18,AQ18) -> #DIV/0! | M18: =AVERAGE(S18,X18,AC18,AH18,AM18,AR18) -> #DIV/0! | N18: =AVERAGE(T18,Y18,AD18,AI18,AN18,AS18) -> #DIV/0! | O18: =AVERAGE(U18,Z18,AE18,AJ18,AO18,AT18) -> #DIV/0! | Q18: 0.72293578 | V18: 0.88623853 | AA18: 0.79449541 | AF18: 0.6733945 | AK18: 0.80733945 | AP18: 0.93761468 | AV18: 3 | AW18: =$AA$74 -> 0.81448973 | AX18: =$AB$74 -> #DIV/0! | AY18: =$AC$74 -> #DIV/0! | AZ18: =$AD$74 -> #DIV/0! | BA18: =$AE$74 -> #DIV/0!
J19: 0.98515982 | K19: =AVERAGE(Q19,V19,AA19,AF19,AK19,AP19) -> 0.92865297 | L19: =AVERAGE(R19,W19,AB19,AG19,AL19,AQ19) -> #DIV/0! | M19: =AVERAGE(S19,X19,AC19,AH19,AM19,AR19) -> #DIV/0! | N19: =AVERAGE(T19,Y19,AD19,AI19,AN19,AS19) -> #DIV/0! | O19: =AVERAGE(U19,Z19,AE19,AJ19,AO19,AT19) -> #DIV/0! | Q19: 0.92123288 | V19: 0.95719178 | AA19: 0.92294521 | AF19: 0.96061644 | AK19: 0.875 | AP19: 0.93493151 | AV19: 4 | AW19: =$AF$74 -> 0.77296592 | AX19: =$AG$74 -> #DIV/0! | AY19: =$AH$74 -> #DIV/0! | AZ19: =$AI$74 -> #DIV/0! | BA19: =$AJ$74 -> #DIV/0!
J20: 0.99322493 | K20: =AVERAGE(Q20,V20,AA20,AF20,AK20,AP20) -> 0.79607046 | L20: =AVERAGE(R20,W20,AB20,AG20,AL20,AQ20) -> #DIV/0! | M20: =AVERAGE(S20,X20,AC20,AH20,AM20,AR20) -> #DIV/0! | N20: =AVERAGE(T20,Y20,AD20,AI20,AN20,AS20) -> #DIV/0! | O20: =AVERAGE(U20,Z20,AE20,AJ20,AO20,AT20) -> #DIV/0! | Q20: 0.90853659 | V20: 0.72560976 | AA20: 0.63821138 | AF20: 0.88617886 | AK20: 0.75609756 | AP20: 0.86178862 | AV20: 5 | AW20: =$AK$74 -> 0.91162767 | AX20: =$AL$74 -> #DIV/0! | AY20: =$AM$74 -> #DIV/0! | AZ20: =$AN$74 -> #DIV/0! | BA20: =$AO$74 -> #DIV/0!
J21: 0.99254743 | K21: =AVERAGE(Q21,V21,AA21,AF21,AK21,AP21) -> 0.89363144 | L21: =AVERAGE(R21,W21,AB21,AG21,AL21,AQ21) -> #DIV/0! | M21: =AVERAGE(S21,X21,AC21,AH21,AM21,AR21) -> #DIV/0! | N21: =AVERAGE(T21,Y21,AD21,AI21,AN21,AS21) -> #DIV/0! | O21: =AVERAGE(U21,Z21,AE21,AJ21,AO21,AT21) -> #DIV/0! | Q21: 0.93902439 | V21: 0.90650407 | AA21: 0.88821138 | AF21: 0.94308943 | AK21: 0.94105691 | AP21: 0.74390244 | AV21: 6 | AW21: =$AP$74 -> 0.88698675 | AX21: =$AQ$74 -> #DIV/0! | AY21: =$AR$74 -> #DIV/0! | AZ21: =$AS$74 -> #DIV/0! | BA21: =$AT$74 -> #DIV/0!
J22: 0.98049645 | K22: =AVERAGE(Q22,V22,AA22,AF22,AK22,AP22) -> 0.76595745 | L22: =AVERAGE(R22,W22,AB22,AG22,AL22,AQ22) -> #DIV/0! | M22: =AVERAGE(S22,X22,AC22,AH22,AM22,AR22) -> #DIV/0! | N22: =AVERAGE(T22,Y22,AD22,AI22,AN22,AS22) -> #DIV/0! | O22: =AVERAGE(U22,Z22,AE22,AJ22,AO22,AT22) -> #DIV/0! | Q22: 0.92978723 | V22: 0.85106383 | AA22: 0.88297872 | AF22: 0.46595745 | AK22: 0.78297872 | AP22: 0.68297872
J23: 0.98475177 | K23: =AVERAGE(Q23,V23,AA23,AF23,AK23,AP23) -> 0.81241135 | L23: =AVERAGE(R23,W23,AB23,AG23,AL23,AQ23) -> #DIV/0! | M23: =AVERAGE(S23,X23,AC23,AH23,AM23,AR23) -> #DIV/0! | N23: =AVERAGE(T23,Y23,AD23,AI23,AN23,AS23) -> #DIV/0! | O23: =AVERAGE(U23,Z23,AE23,AJ23,AO23,AT23) -> #DIV/0! | Q23: 0.69574468 | V23: 0.82340426 | AA23: 0.87659574 | AF23: 0.85531915 | AK23: 0.8893617 | AP23: 0.73404255
J24: 0.99429913 | K24: =AVERAGE(Q24,V24,AA24,AF24,AK24,AP24) -> 0.88195842 | L24: =AVERAGE(R24,W24,AB24,AG24,AL24,AQ24) -> #DIV/0! | M24: =AVERAGE(S24,X24,AC24,AH24,AM24,AR24) -> #DIV/0! | N24: =AVERAGE(T24,Y24,AD24,AI24,AN24,AS24) -> #DIV/0! | O24: =AVERAGE(U24,Z24,AE24,AJ24,AO24,AT24) -> #DIV/0! | Q24: 0.86519115 | V24: 0.92957746 | AA24: 0.83299799 | AF24: 0.8832998 | AK24: 0.9637827 | AP24: 0.81690141
J25: 0.98692214 | K25: =AVERAGE(Q25,V25,AA25,AF25,AK25,AP25) -> 0.81234793 | L25: =AVERAGE(R25,W25,AB25,AG25,AL25,AQ25) -> #DIV/0! | M25: =AVERAGE(S25,X25,AC25,AH25,AM25,AR25) -> #DIV/0! | N25: =AVERAGE(T25,Y25,AD25,AI25,AN25,AS25) -> #DIV/0! | O25: =AVERAGE(U25,Z25,AE25,AJ25,AO25,AT25) -> #DIV/0! | Q25: 0.63321168 | V25: 0.89416058 | AA25: 0.82664234 | AF25: 0.75364964 | AK25: 0.88321168 | AP25: 0.88321168 | AV25: =A8 -> 1 | AW25: Task 2 | AX25: Task 3 | AY25: Task 4 | AZ25: Task 5 | BA25: Task 6
J26: 0.98673835 | K26: =AVERAGE(Q26,V26,AA26,AF26,AK26,AP26) -> 0.72544803 | L26: =AVERAGE(R26,W26,AB26,AG26,AL26,AQ26) -> #DIV/0! | M26: =AVERAGE(S26,X26,AC26,AH26,AM26,AR26) -> #DIV/0! | N26: =AVERAGE(T26,Y26,AD26,AI26,AN26,AS26) -> #DIV/0! | O26: =AVERAGE(U26,Z26,AE26,AJ26,AO26,AT26) -> #DIV/0! | Q26: 0.87311828 | V26: 0.80215054 | AA26: 0.87526882 | AF26: 0.11612903 | AK26: 0.89462366 | AP26: 0.79139785 | AV26: 1 | AW26: =$Q$111 -> 0.89148763 | AX26: =$R$111 -> #DIV/0! | AY26: =$S$111 -> #DIV/0! | AZ26: =$T$111 -> #DIV/0! | BA26: =$U$111 -> #DIV/0!
J27: 0.9863124 | K27: =AVERAGE(Q27,V27,AA27,AF27,AK27,AP27) -> 0.93438003 | L27: =AVERAGE(R27,W27,AB27,AG27,AL27,AQ27) -> #DIV/0! | M27: =AVERAGE(S27,X27,AC27,AH27,AM27,AR27) -> #DIV/0! | N27: =AVERAGE(T27,Y27,AD27,AI27,AN27,AS27) -> #DIV/0! | O27: =AVERAGE(U27,Z27,AE27,AJ27,AO27,AT27) -> #DIV/0! | Q27: 0.94927536 | V27: 0.92028986 | AA27: 0.92753623 | AF27: 0.89855072 | AK27: 0.96135266 | AP27: 0.94927536 | AV27: 2 | AW27: =$V$111 -> 0.90754691 | AX27: =$W$111 -> #DIV/0! | AY27: =$X$111 -> #DIV/0! | AZ27: =$Y$111 -> #DIV/0! | BA27: =$Z$111 -> #DIV/0!
J28: 0.99134199 | K28: =AVERAGE(Q28,V28,AA28,AF28,AK28,AP28) -> 0.78751804 | L28: =AVERAGE(R28,W28,AB28,AG28,AL28,AQ28) -> #DIV/0! | M28: =AVERAGE(S28,X28,AC28,AH28,AM28,AR28) -> #DIV/0! | N28: =AVERAGE(T28,Y28,AD28,AI28,AN28,AS28) -> #DIV/0! | O28: =AVERAGE(U28,Z28,AE28,AJ28,AO28,AT28) -> #DIV/0! | Q28: 0.87878788 | V28: 0.74025974 | AA28: 0.71645022 | AF28: 0.75757576 | AK28: 0.78787879 | AP28: 0.84415584 | AV28: 3 | AW28: =$AA$111 -> 0.83109212 | AX28: =$AB$111 -> #DIV/0! | AY28: =$AC$111 -> #DIV/0! | AZ28: =$AD$111 -> #DIV/0! | BA28: =$AE$111 -> #DIV/0!
J29: 0.99595142 | K29: =AVERAGE(Q29,V29,AA29,AF29,AK29,AP29) -> 0.68387314 | L29: =AVERAGE(R29,W29,AB29,AG29,AL29,AQ29) -> #DIV/0! | M29: =AVERAGE(S29,X29,AC29,AH29,AM29,AR29) -> #DIV/0! | N29: =AVERAGE(T29,Y29,AD29,AI29,AN29,AS29) -> #DIV/0! | O29: =AVERAGE(U29,Z29,AE29,AJ29,AO29,AT29) -> #DIV/0! | Q29: 0.44736842 | V29: 0.59109312 | AA29: 0.62955466 | AF29: 0.62955466 | AK29: 0.94939271 | AP29: 0.8562753 | AV29: 4 | AW29: =$AF$111 -> 0.7211392 | AX29: =$AG$111 -> #DIV/0! | AY29: =$AH$111 -> #DIV/0! | AZ29: =$AI$111 -> #DIV/0! | BA29: =$AJ$111 -> #DIV/0!
J30: 0.99295775 | K30: =AVERAGE(Q30,V30,AA30,AF30,AK30,AP30) -> 0.8648558 | L30: =AVERAGE(R30,W30,AB30,AG30,AL30,AQ30) -> #DIV/0! | M30: =AVERAGE(S30,X30,AC30,AH30,AM30,AR30) -> #DIV/0! | N30: =AVERAGE(T30,Y30,AD30,AI30,AN30,AS30) -> #DIV/0! | O30: =AVERAGE(U30,Z30,AE30,AJ30,AO30,AT30) -> #DIV/0! | Q30: 0.85110664 | V30: 0.90744467 | AA30: 0.92756539 | AF30: 0.91750503 | AK30: 0.67404427 | AP30: 0.91146881 | AV30: 5 | AW30: =$AK$111 -> 0.90313631 | AX30: =$AL$111 -> #DIV/0! | AY30: =$AM$111 -> #DIV/0! | AZ30: =$AN$111 -> #DIV/0! | BA30: =$AO$111 -> #DIV/0!
J31: 0.99323362 | K31: =AVERAGE(Q31,V31,AA31,AF31,AK31,AP31) -> 0.86253561 | L31: =AVERAGE(R31,W31,AB31,AG31,AL31,AQ31) -> #DIV/0! | M31: =AVERAGE(S31,X31,AC31,AH31,AM31,AR31) -> #DIV/0! | N31: =AVERAGE(T31,Y31,AD31,AI31,AN31,AS31) -> #DIV/0! | O31: =AVERAGE(U31,Z31,AE31,AJ31,AO31,AT31) -> #DIV/0! | Q31: 0.77136752 | V31: 0.89102564 | AA31: 0.73717949 | AF31: 0.92948718 | AK31: 0.95512821 | AP31: 0.89102564 | AV31: 6 | AW31: =$AP$111 -> 0.91181849 | AX31: =$AQ$111 -> #DIV/0! | AY31: =$AR$111 -> #DIV/0! | AZ31: =$AS$111 -> #DIV/0! | BA31: =$AT$111 -> #DIV/0!
J32: 0.98582996 | K32: =AVERAGE(Q32,V32,AA32,AF32,AK32,AP32) -> 0.79554656 | L32: =AVERAGE(R32,W32,AB32,AG32,AL32,AQ32) -> #DIV/0! | M32: =AVERAGE(S32,X32,AC32,AH32,AM32,AR32) -> #DIV/0! | N32: =AVERAGE(T32,Y32,AD32,AI32,AN32,AS32) -> #DIV/0! | O32: =AVERAGE(U32,Z32,AE32,AJ32,AO32,AT32) -> #DIV/0! | Q32: 0.81983806 | V32: 0.82591093 | AA32: 0.89878543 | AF32: 0.86842105 | AK32: 0.77327935 | AP32: 0.58704453
J33: 0.99527665 | K33: =AVERAGE(Q33,V33,AA33,AF33,AK33,AP33) -> 0.69635628 | L33: =AVERAGE(R33,W33,AB33,AG33,AL33,AQ33) -> #DIV/0! | M33: =AVERAGE(S33,X33,AC33,AH33,AM33,AR33) -> #DIV/0! | N33: =AVERAGE(T33,Y33,AD33,AI33,AN33,AS33) -> #DIV/0! | O33: =AVERAGE(U33,Z33,AE33,AJ33,AO33,AT33) -> #DIV/0! | Q33: 0.89068826 | V33: 0.58299595 | AA33: 0.82591093 | AF33: 0.16194332 | AK33: 0.82591093 | AP33: 0.89068826
J34: 0.97608851 | K34: =AVERAGE(Q34,V34,AA34,AF34,AK34,AP34) -> 0.9318344 | L34: =AVERAGE(R34,W34,AB34,AG34,AL34,AQ34) -> #DIV/0! | M34: =AVERAGE(S34,X34,AC34,AH34,AM34,AR34) -> #DIV/0! | N34: =AVERAGE(T34,Y34,AD34,AI34,AN34,AS34) -> #DIV/0! | O34: =AVERAGE(U34,Z34,AE34,AJ34,AO34,AT34) -> #DIV/0! | Q34: 0.8993576 | V34: 0.88222698 | AA34: 0.95931478 | AF34: 0.94646681 | AK34: 0.97002141 | AP34: 0.93361884
J35: 0.98765432 | K35: =AVERAGE(Q35,V35,AA35,AF35,AK35,AP35) -> 0.81663036 | L35: =AVERAGE(R35,W35,AB35,AG35,AL35,AQ35) -> #DIV/0! | M35: =AVERAGE(S35,X35,AC35,AH35,AM35,AR35) -> #DIV/0! | N35: =AVERAGE(T35,Y35,AD35,AI35,AN35,AS35) -> #DIV/0! | O35: =AVERAGE(U35,Z35,AE35,AJ35,AO35,AT35) -> #DIV/0! | Q35: 0.7254902 | V35: 0.71895425 | AA35: 0.91285403 | AF35: 0.93899782 | AK35: 0.81917211 | AP35: 0.78431373 | AV35: =A9 -> 2 | AW35: Task 2 | AX35: Task 3 | AY35: Task 4 | AZ35: Task 5 | BA35: Task 6
AV36: 1 | AW36: =$Q$148 -> 0.93839639 | AX36: =$R$148 -> #DIV/0! | AY36: =$S$148 -> #DIV/0! | AZ36: =$T$148 -> #DIV/0! | BA36: =$U$148 -> #DIV/0!
J37: 0.98844568 | K37: =AVERAGE(K6:K35) -> 0.83977432 | L37: =AVERAGE(L6:L35) -> #DIV/0! | M37: =AVERAGE(M6:M35) -> #DIV/0! | N37: =AVERAGE(N6:N35) -> #DIV/0! | O37: =AVERAGE(O6:O35) -> #DIV/0! | Q37: =AVERAGE(Q6:Q35) -> 0.83116237 | R37: =AVERAGE(R6:R35) -> #DIV/0! | S37: =AVERAGE(S6:S35) -> #DIV/0! | T37: =AVERAGE(T6:T35) -> #DIV/0! | U37: =AVERAGE(U6:U35) -> #DIV/0! | V37: =AVERAGE(V6:V35) -> 0.8535087 | W37: =AVERAGE(W6:W35) -> #DIV/0! | X37: =AVERAGE(X6:X35) -> #DIV/0! | ... AT37: =AVERAGE(AT6:AT35) -> #DIV/0! | AV37: 2 | AW37: =$V$148 -> 0.92620604 | AX37: =$W$148 -> #DIV/0! | AY37: =$X$148 -> #DIV/0! | AZ37: =$Y$148 -> #DIV/0! | BA37: =$Z$148 -> #DIV/0!
AV38: 3 | AW38: =$AA$148 -> 0.88821364 | AX38: =$AB$148 -> #DIV/0! | AY38: =$AC$148 -> #DIV/0! | AZ38: =$AD$148 -> #DIV/0! | BA38: =$AE$148 -> #DIV/0!
AV39: 4 | AW39: =$AF$148 -> 0.83170658 | AX39: =$AG$148 -> #DIV/0! | AY39: =$AH$148 -> #DIV/0! | AZ39: =$AI$148 -> #DIV/0! | BA39: =$AJ$148 -> #DIV/0!
J40: k=0.5 | AV40: 5 | AW40: =$AK$148 -> 0.9226554 | AX40: =$AL$148 -> #DIV/0! | AY40: =$AM$148 -> #DIV/0! | AZ40: =$AN$148 -> #DIV/0! | BA40: =$AO$148 -> #DIV/0!
Q41: 1 | V41: 2 | AA41: 3 | AF41: 4 | AK41: 5 | AP41: 6 | AV41: 6 | AW41: =$AP$148 -> 0.92660805 | AX41: =$AQ$148 -> #DIV/0! | AY41: =$AR$148 -> #DIV/0! | AZ41: =$AS$148 -> #DIV/0! | BA41: =$AT$148 -> #DIV/0!
I42: ID | J42: Task 1 | K42: Task 2 | L42: Task 3 | M42: Task 4 | N42: Task 5 | O42: Task 6 | Q42: Task 2 | R42: Task 3 | S42: Task 4 | T42: Task 5 | U42: Task 6 | V42: Task 2 | W42: Task 3 | X42: Task 4 | Y42: Task 5 | Z42: Task 6 | AA42: Task 2 | AB42: Task 3 | AC42: Task 4 | AD42: Task 5 | AE42: Task 6 | AF42: Task 2 | AG42: Task 3 | AH42: Task 4 | AI42: Task 5 | AJ42: Task 6 | AK42: Task 2 | AL42: Task 3 | AM42: Task 4 | AN42: Task 5 | AO42: Task 6 | AP42: Task 2 | AQ42: Task 3 | AR42: Task 4 | AS42: Task 5 | AT42: Task 6
J43: 0.99186992 | K43: =AVERAGE(Q43,V43,AA43,AF43,AK43,AP43) -> 0.9454607 | L43: =AVERAGE(R43,W43,AB43,AG43,AL43,AQ43) -> #DIV/0! | M43: =AVERAGE(S43,X43,AC43,AH43,AM43,AR43) -> #DIV/0! | N43: =AVERAGE(T43,Y43,AD43,AI43,AN43,AS43) -> #DIV/0! | O43: =AVERAGE(U43,Z43,AE43,AJ43,AO43,AT43) -> #DIV/0! | Q43: 0.96747967 | V43: 0.92276423 | AA43: 0.93902439 | AF43: 0.94105691 | AK43: 0.94512195 | AP43: 0.95731707
J44: 0.98874365 | K44: =AVERAGE(Q44,V44,AA44,AF44,AK44,AP44) -> 0.8362382 | L44: =AVERAGE(R44,W44,AB44,AG44,AL44,AQ44) -> #DIV/0! | M44: =AVERAGE(S44,X44,AC44,AH44,AM44,AR44) -> #DIV/0! | N44: =AVERAGE(T44,Y44,AD44,AI44,AN44,AS44) -> #DIV/0! | O44: =AVERAGE(U44,Z44,AE44,AJ44,AO44,AT44) -> #DIV/0! | Q44: 0.93899782 | V44: 0.94553377 | AA44: 0.80174292 | AF44: 0.83442266 | AK44: 0.77995643 | AP44: 0.7167756
J45: 0.98702422 | K45: =AVERAGE(Q45,V45,AA45,AF45,AK45,AP45) -> 0.82929642 | L45: =AVERAGE(R45,W45,AB45,AG45,AL45,AQ45) -> #DIV/0! | M45: =AVERAGE(S45,X45,AC45,AH45,AM45,AR45) -> #DIV/0! | N45: =AVERAGE(T45,Y45,AD45,AI45,AN45,AS45) -> #DIV/0! | O45: =AVERAGE(U45,Z45,AE45,AJ45,AO45,AT45) -> #DIV/0! | Q45: 0.95155709 | V45: 0.86678201 | AA45: 0.43771626 | AF45: 0.79584775 | AK45: 0.96885813 | AP45: 0.9550173 | AV45: =A10 -> 3 | AW45: Task 2 | AX45: Task 3 | AY45: Task 4 | AZ45: Task 5 | BA45: Task 6
J46: 0.9840891 | K46: =AVERAGE(Q46,V46,AA46,AF46,AK46,AP46) -> 0.96618934 | L46: =AVERAGE(R46,W46,AB46,AG46,AL46,AQ46) -> #DIV/0! | M46: =AVERAGE(S46,X46,AC46,AH46,AM46,AR46) -> #DIV/0! | N46: =AVERAGE(T46,Y46,AD46,AI46,AN46,AS46) -> #DIV/0! | O46: =AVERAGE(U46,Z46,AE46,AJ46,AO46,AT46) -> #DIV/0! | Q46: 0.94033413 | V46: 0.96897375 | AA46: 0.97136038 | AF46: 0.96658711 | AK46: 0.98329356 | AP46: 0.96658711 | AV46: 1 | AW46: =$Q$185 -> 0.92740769 | AX46: =$R$185 -> #DIV/0! | AY46: =$S$185 -> #DIV/0! | AZ46: =$T$185 -> #DIV/0! | BA46: =$U$185 -> #DIV/0!
J47: 0.98679515 | K47: =AVERAGE(Q47,V47,AA47,AF47,AK47,AP47) -> 0.80406852 | L47: =AVERAGE(R47,W47,AB47,AG47,AL47,AQ47) -> #DIV/0! | M47: =AVERAGE(S47,X47,AC47,AH47,AM47,AR47) -> #DIV/0! | N47: =AVERAGE(T47,Y47,AD47,AI47,AN47,AS47) -> #DIV/0! | O47: =AVERAGE(U47,Z47,AE47,AJ47,AO47,AT47) -> #DIV/0! | Q47: 0.96573876 | V47: 0.93147752 | AA47: 0.16916488 | AF47: 0.90792291 | AK47: 0.92291221 | AP47: 0.92719486 | AV47: 2 | AW47: =$V$185 -> 0.9493934 | AX47: =$W$185 -> #DIV/0! | AY47: =$X$185 -> #DIV/0! | AZ47: =$Y$185 -> #DIV/0! | BA47: =$Z$185 -> #DIV/0!
J48: 0.99313087 | K48: =AVERAGE(Q48,V48,AA48,AF48,AK48,AP48) -> 0.81489516 | L48: =AVERAGE(R48,W48,AB48,AG48,AL48,AQ48) -> #DIV/0! | M48: =AVERAGE(S48,X48,AC48,AH48,AM48,AR48) -> #DIV/0! | N48: =AVERAGE(T48,Y48,AD48,AI48,AN48,AS48) -> #DIV/0! | O48: =AVERAGE(U48,Z48,AE48,AJ48,AO48,AT48) -> #DIV/0! | Q48: 0.90455531 | V48: 0.85249458 | AA48: 0.87201735 | AF48: 0.55097614 | AK48: 0.82646421 | AP48: 0.88286334 | AV48: 3 | AW48: =$AA$185 -> 0.85126297 | AX48: =$AB$185 -> #DIV/0! | AY48: =$AC$185 -> #DIV/0! | AZ48: =$AD$185 -> #DIV/0! | BA48: =$AE$185 -> #DIV/0!
J49: 0.97668394 | K49: =AVERAGE(Q49,V49,AA49,AF49,AK49,AP49) -> 0.67962003 | L49: =AVERAGE(R49,W49,AB49,AG49,AL49,AQ49) -> #DIV/0! | M49: =AVERAGE(S49,X49,AC49,AH49,AM49,AR49) -> #DIV/0! | N49: =AVERAGE(T49,Y49,AD49,AI49,AN49,AS49) -> #DIV/0! | O49: =AVERAGE(U49,Z49,AE49,AJ49,AO49,AT49) -> #DIV/0! | Q49: 0.89896373 | V49: 0.9611399 | AA49: 0.37046632 | AF49: 0.077720207 | AK49: 0.83678756 | AP49: 0.93264249 | AV49: 4 | AW49: =$AF$185 -> 0.94119722 | AX49: =$AG$185 -> #DIV/0! | AY49: =$AH$185 -> #DIV/0! | AZ49: =$AI$185 -> #DIV/0! | BA49: =$AJ$185 -> #DIV/0!
J50: 0.98290598 | K50: =AVERAGE(Q50,V50,AA50,AF50,AK50,AP50) -> 0.81339031 | L50: =AVERAGE(R50,W50,AB50,AG50,AL50,AQ50) -> #DIV/0! | M50: =AVERAGE(S50,X50,AC50,AH50,AM50,AR50) -> #DIV/0! | N50: =AVERAGE(T50,Y50,AD50,AI50,AN50,AS50) -> #DIV/0! | O50: =AVERAGE(U50,Z50,AE50,AJ50,AO50,AT50) -> #DIV/0! | Q50: 0.93803419 | V50: 0.76282051 | AA50: 0.9508547 | AF50: 0.5 | AK50: 0.77564103 | AP50: 0.95299145 | AV50: 5 | AW50: =$AK$185 -> 0.94516133 | AX50: =$AL$185 -> #DIV/0! | AY50: =$AM$185 -> #DIV/0! | AZ50: =$AN$185 -> #DIV/0! | BA50: =$AO$185 -> #DIV/0!
J51: 0.97944007 | K51: =AVERAGE(Q51,V51,AA51,AF51,AK51,AP51) -> 0.8600175 | L51: =AVERAGE(R51,W51,AB51,AG51,AL51,AQ51) -> #DIV/0! | M51: =AVERAGE(S51,X51,AC51,AH51,AM51,AR51) -> #DIV/0! | N51: =AVERAGE(T51,Y51,AD51,AI51,AN51,AS51) -> #DIV/0! | O51: =AVERAGE(U51,Z51,AE51,AJ51,AO51,AT51) -> #DIV/0! | Q51: 0.85301837 | V51: 0.80314961 | AA51: 0.90551181 | AF51: 0.90813648 | AK51: 0.89501312 | AP51: 0.79527559 | AV51: 6 | AW51: =$AP$185 -> 0.9513687 | AX51: =$AQ$185 -> #DIV/0! | AY51: =$AR$185 -> #DIV/0! | AZ51: =$AS$185 -> #DIV/0! | BA51: =$AT$185 -> #DIV/0!
J52: 0.99134199 | K52: =AVERAGE(Q52,V52,AA52,AF52,AK52,AP52) -> 0.84090909 | L52: =AVERAGE(R52,W52,AB52,AG52,AL52,AQ52) -> #DIV/0! | M52: =AVERAGE(S52,X52,AC52,AH52,AM52,AR52) -> #DIV/0! | N52: =AVERAGE(T52,Y52,AD52,AI52,AN52,AS52) -> #DIV/0! | O52: =AVERAGE(U52,Z52,AE52,AJ52,AO52,AT52) -> #DIV/0! | Q52: 0.91558442 | V52: 0.73809524 | AA52: 0.87012987 | AF52: 0.75974026 | AK52: 0.87445887 | AP52: 0.88744589
J53: 0.97769029 | K53: =AVERAGE(Q53,V53,AA53,AF53,AK53,AP53) -> 0.86614173 | L53: =AVERAGE(R53,W53,AB53,AG53,AL53,AQ53) -> #DIV/0! | M53: =AVERAGE(S53,X53,AC53,AH53,AM53,AR53) -> #DIV/0! | N53: =AVERAGE(T53,Y53,AD53,AI53,AN53,AS53) -> #DIV/0! | O53: =AVERAGE(U53,Z53,AE53,AJ53,AO53,AT53) -> #DIV/0! | Q53: 0.832021 | V53: 0.87401575 | AA53: 0.88188976 | AF53: 0.82677165 | AK53: 0.93963255 | AP53: 0.84251969
J54: 0.98950767 | K54: =AVERAGE(Q54,V54,AA54,AF54,AK54,AP54) -> 0.89346247 | L54: =AVERAGE(R54,W54,AB54,AG54,AL54,AQ54) -> #DIV/0! | M54: =AVERAGE(S54,X54,AC54,AH54,AM54,AR54) -> #DIV/0! | N54: =AVERAGE(T54,Y54,AD54,AI54,AN54,AS54) -> #DIV/0! | O54: =AVERAGE(U54,Z54,AE54,AJ54,AO54,AT54) -> #DIV/0! | Q54: 0.95399516 | V54: 0.91041162 | AA54: 0.69733656 | AF54: 0.94188862 | AK54: 0.94915254 | AP54: 0.90799031
J55: 0.98868502 | K55: =AVERAGE(Q55,V55,AA55,AF55,AK55,AP55) -> 0.84617737 | L55: =AVERAGE(R55,W55,AB55,AG55,AL55,AQ55) -> #DIV/0! | M55: =AVERAGE(S55,X55,AC55,AH55,AM55,AR55) -> #DIV/0! | N55: =AVERAGE(T55,Y55,AD55,AI55,AN55,AS55) -> #DIV/0! | O55: =AVERAGE(U55,Z55,AE55,AJ55,AO55,AT55) -> #DIV/0! | Q55: 0.54678899 | V55: 0.88440367 | AA55: 0.86788991 | AF55: 0.96146789 | AK55: 0.95779817 | AP55: 0.8587156
J56: 0.98715753 | K56: =AVERAGE(Q56,V56,AA56,AF56,AK56,AP56) -> 0.85159817 | L56: =AVERAGE(R56,W56,AB56,AG56,AL56,AQ56) -> #DIV/0! | M56: =AVERAGE(S56,X56,AC56,AH56,AM56,AR56) -> #DIV/0! | N56: =AVERAGE(T56,Y56,AD56,AI56,AN56,AS56) -> #DIV/0! | O56: =AVERAGE(U56,Z56,AE56,AJ56,AO56,AT56) -> #DIV/0! | Q56: 0.97945205 | V56: 0.94006849 | AA56: 0.96917808 | AF56: 0.29452055 | AK56: 0.97431507 | AP56: 0.95205479
J57: 0.99356369 | K57: =AVERAGE(Q57,V57,AA57,AF57,AK57,AP57) -> 0.90650407 | L57: =AVERAGE(R57,W57,AB57,AG57,AL57,AQ57) -> #DIV/0! | M57: =AVERAGE(S57,X57,AC57,AH57,AM57,AR57) -> #DIV/0! | N57: =AVERAGE(T57,Y57,AD57,AI57,AN57,AS57) -> #DIV/0! | O57: =AVERAGE(U57,Z57,AE57,AJ57,AO57,AT57) -> #DIV/0! | Q57: 0.9004065 | V57: 0.94308943 | AA57: 0.90243902 | AF57: 0.8800813 | AK57: 0.96544715 | AP57: 0.84756098
J58: 0.99424119 | K58: =AVERAGE(Q58,V58,AA58,AF58,AK58,AP58) -> 0.84620596 | L58: =AVERAGE(R58,W58,AB58,AG58,AL58,AQ58) -> #DIV/0! | M58: =AVERAGE(S58,X58,AC58,AH58,AM58,AR58) -> #DIV/0! | N58: =AVERAGE(T58,Y58,AD58,AI58,AN58,AS58) -> #DIV/0! | O58: =AVERAGE(U58,Z58,AE58,AJ58,AO58,AT58) -> #DIV/0! | Q58: 0.85569106 | V58: 0.86585366 | AA58: 0.91869919 | AF58: 0.71138211 | AK58: 0.88414634 | AP58: 0.84146341
J59: 0.98687943 | K59: =AVERAGE(Q59,V59,AA59,AF59,AK59,AP59) -> 0.84893617 | L59: =AVERAGE(R59,W59,AB59,AG59,AL59,AQ59) -> #DIV/0! | M59: =AVERAGE(S59,X59,AC59,AH59,AM59,AR59) -> #DIV/0! | N59: =AVERAGE(T59,Y59,AD59,AI59,AN59,AS59) -> #DIV/0! | O59: =AVERAGE(U59,Z59,AE59,AJ59,AO59,AT59) -> #DIV/0! | Q59: 0.75531915 | V59: 0.91276596 | AA59: 0.64255319 | AF59: 0.92765957 | AK59: 0.95531915 | AP59: 0.9
J60: 0.98333333 | K60: =AVERAGE(Q60,V60,AA60,AF60,AK60,AP60) -> 0.91241135 | L60: =AVERAGE(R60,W60,AB60,AG60,AL60,AQ60) -> #DIV/0! | M60: =AVERAGE(S60,X60,AC60,AH60,AM60,AR60) -> #DIV/0! | N60: =AVERAGE(T60,Y60,AD60,AI60,AN60,AS60) -> #DIV/0! | O60: =AVERAGE(U60,Z60,AE60,AJ60,AO60,AT60) -> #DIV/0! | Q60: 0.92978723 | V60: 0.95531915 | AA60: 0.86595745 | AF60: 0.94255319 | AK60: 0.8893617 | AP60: 0.89148936
J61: 0.99429913 | K61: =AVERAGE(Q61,V61,AA61,AF61,AK61,AP61) -> 0.92756539 | L61: =AVERAGE(R61,W61,AB61,AG61,AL61,AQ61) -> #DIV/0! | M61: =AVERAGE(S61,X61,AC61,AH61,AM61,AR61) -> #DIV/0! | N61: =AVERAGE(T61,Y61,AD61,AI61,AN61,AS61) -> #DIV/0! | O61: =AVERAGE(U61,Z61,AE61,AJ61,AO61,AT61) -> #DIV/0! | Q61: 0.8832998 | V61: 0.93360161 | AA61: 0.92555332 | AF61: 0.89939638 | AK61: 0.96579477 | AP61: 0.95774648
J62: 0.98509732 | K62: =AVERAGE(Q62,V62,AA62,AF62,AK62,AP62) -> 0.90480535 | L62: =AVERAGE(R62,W62,AB62,AG62,AL62,AQ62) -> #DIV/0! | M62: =AVERAGE(S62,X62,AC62,AH62,AM62,AR62) -> #DIV/0! | N62: =AVERAGE(T62,Y62,AD62,AI62,AN62,AS62) -> #DIV/0! | O62: =AVERAGE(U62,Z62,AE62,AJ62,AO62,AT62) -> #DIV/0! | Q62: 0.87956204 | V62: 0.94525547 | AA62: 0.93613139 | AF62: 0.83941606 | AK62: 0.94160584 | AP62: 0.88686131
J63: 0.990681 | K63: =AVERAGE(Q63,V63,AA63,AF63,AK63,AP63) -> 0.86989247 | L63: =AVERAGE(R63,W63,AB63,AG63,AL63,AQ63) -> #DIV/0! | M63: =AVERAGE(S63,X63,AC63,AH63,AM63,AR63) -> #DIV/0! | N63: =AVERAGE(T63,Y63,AD63,AI63,AN63,AS63) -> #DIV/0! | O63: =AVERAGE(U63,Z63,AE63,AJ63,AO63,AT63) -> #DIV/0! | Q63: 0.92688172 | V63: 0.87526882 | AA63: 0.90967742 | AF63: 0.8516129 | AK63: 0.87526882 | AP63: 0.78064516
... J72: 0.98620189 | K72: =AVERAGE(Q72,V72,AA72,AF72,AK72,AP72) -> 0.79266521 | L72: =AVERAGE(R72,W72,AB72,AG72,AL72,AQ72) -> #DIV/0! | M72: =AVERAGE(S72,X72,AC72,AH72,AM72,AR72) -> #DIV/0! | N72: =AVERAGE(T72,Y72,AD72,AI72,AN72,AS72) -> #DIV/0! | O72: =AVERAGE(U72,Z72,AE72,AJ72,AO72,AT72) -> #DIV/0! | Q72: 0.83224401 | V72: 0.83006536 | AA72: 0.93899782 | AF72: 0.34640523 | AK72: 0.88888889 | AP72: 0.91938998
J74: 0.99256308 | K74: =AVERAGE(K43:K72) -> 0.86032135 | L74: =AVERAGE(L43:L72) -> #DIV/0! | M74: =AVERAGE(M43:M72) -> #DIV/0! | N74: =AVERAGE(N43:N72) -> #DIV/0! | O74: =AVERAGE(O43:O72) -> #DIV/0! | Q74: =AVERAGE(Q43:Q72) -> 0.87744559 | R74: =AVERAGE(R43:R72) -> #DIV/0! | S74: =AVERAGE(S43:S72) -> #DIV/0! | T74: =AVERAGE(T43:T72) -> #DIV/0! | U74: =AVERAGE(U43:U72) -> #DIV/0! | V74: =AVERAGE(V43:V72) -> 0.89841247 | W74: =AVERAGE(W43:W72) -> #DIV/0! | X74: =AVERAGE(X43:X72) -> #DIV/0! | ... AT74: =AVERAGE(AT43:AT72) -> #DIV/0!
J77: k=1
Q78: 1 | V78: 2 | AA78: 3 | AF78: 4 | AK78: 5 | AP78: 6
I79: ID | J79: Task 1 | K79: Task 2 | L79: Task 3 | M79: Task 4 | N79: Task 5 | O79: Task 6 | Q79: Task 2 | R79: Task 3 | S79: Task 4 | T79: Task 5 | U79: Task 6 | V79: Task 2 | W79: Task 3 | X79: Task 4 | Y79: Task 5 | Z79: Task 6 | AA79: Task 2 | AB79: Task 3 | AC79: Task 4 | AD79: Task 5 | AE79: Task 6 | AF79: Task 2 | AG79: Task 3 | AH79: Task 4 | AI79: Task 5 | AJ79: Task 6 | AK79: Task 2 | AL79: Task 3 | AM79: Task 4 | AN79: Task 5 | AO79: Task 6 | AP79: Task 2 | AQ79: Task 3 | AR79: Task 4 | AS79: Task 5 | AT79: Task 6
J80: 0.99254743 | K80: =AVERAGE(Q80,V80,AA80,AF80,AK80,AP80) -> 0.86856369 | L80: =AVERAGE(R80,W80,AB80,AG80,AL80,AQ80) -> #DIV/0! | M80: =AVERAGE(S80,X80,AC80,AH80,AM80,AR80) -> #DIV/0! | N80: =AVERAGE(T80,Y80,AD80,AI80,AN80,AS80) -> #DIV/0! | O80: =AVERAGE(U80,Z80,AE80,AJ80,AO80,AT80) -> #DIV/0! | Q80: 0.91666667 | V80: 0.97560976 | AA80: 0.96544715 | AF80: 0.42276423 | AK80: 0.98170732 | AP80: 0.94918699
J81: 0.98838054 | K81: =AVERAGE(Q81,V81,AA81,AF81,AK81,AP81) -> 0.88198983 | L81: =AVERAGE(R81,W81,AB81,AG81,AL81,AQ81) -> #DIV/0! | M81: =AVERAGE(S81,X81,AC81,AH81,AM81,AR81) -> #DIV/0! | N81: =AVERAGE(T81,Y81,AD81,AI81,AN81,AS81) -> #DIV/0! | O81: =AVERAGE(U81,Z81,AE81,AJ81,AO81,AT81) -> #DIV/0! | Q81: 0.88453159 | V81: 0.81263617 | AA81: 0.93464052 | AF81: 0.94989107 | AK81: 0.80610022 | AP81: 0.90413943
J82: 0.98673587 | K82: =AVERAGE(Q82,V82,AA82,AF82,AK82,AP82) -> 0.9544406 | L82: =AVERAGE(R82,W82,AB82,AG82,AL82,AQ82) -> #DIV/0! | M82: =AVERAGE(S82,X82,AC82,AH82,AM82,AR82) -> #DIV/0! | N82: =AVERAGE(T82,Y82,AD82,AI82,AN82,AS82) -> #DIV/0! | O82: =AVERAGE(U82,Z82,AE82,AJ82,AO82,AT82) -> #DIV/0! | Q82: 0.98096886 | V82: 0.96712803 | AA82: 0.92214533 | AF82: 0.97404844 | AK82: 0.97577855 | AP82: 0.90657439
J83: 0.9840891 | K83: =AVERAGE(Q83,V83,AA83,AF83,AK83,AP83) -> 0.96857597 | L83: =AVERAGE(R83,W83,AB83,AG83,AL83,AQ83) -> #DIV/0! | M83: =AVERAGE(S83,X83,AC83,AH83,AM83,AR83) -> #DIV/0! | N83: =AVERAGE(T83,Y83,AD83,AI83,AN83,AS83) -> #DIV/0! | O83: =AVERAGE(U83,Z83,AE83,AJ83,AO83,AT83) -> #DIV/0! | Q83: 0.96897375 | V83: 0.98090692 | AA83: 0.94988067 | AF83: 0.97852029 | AK83: 0.97136038 | AP83: 0.96181384
J84: 0.98394004 | K84: =AVERAGE(Q84,V84,AA84,AF84,AK84,AP84) -> 0.9468237 | L84: =AVERAGE(R84,W84,AB84,AG84,AL84,AQ84) -> #DIV/0! | M84: =AVERAGE(S84,X84,AC84,AH84,AM84,AR84) -> #DIV/0! | N84: =AVERAGE(T84,Y84,AD84,AI84,AN84,AS84) -> #DIV/0! | O84: =AVERAGE(U84,Z84,AE84,AJ84,AO84,AT84) -> #DIV/0! | Q84: 0.9764454 | V84: 0.97216274 | AA84: 0.91220557 | AF84: 0.92933619 | AK84: 0.92505353 | AP84: 0.96573876
J85: 0.99240781 | K85: =AVERAGE(Q85,V85,AA85,AF85,AK85,AP85) -> 0.76030369 | L85: =AVERAGE(R85,W85,AB85,AG85,AL85,AQ85) -> #DIV/0! | M85: =AVERAGE(S85,X85,AC85,AH85,AM85,AR85) -> #DIV/0! | N85: =AVERAGE(T85,Y85,AD85,AI85,AN85,AS85) -> #DIV/0! | O85: =AVERAGE(U85,Z85,AE85,AJ85,AO85,AT85) -> #DIV/0! | Q85: 0.80043384 | V85: 0.61822126 | AA85: 0.95444685 | AF85: 0.35791757 | AK85: 0.90238612 | AP85: 0.92841649
J86: 0.97884283 | K86: =AVERAGE(Q86,V86,AA86,AF86,AK86,AP86) -> 0.92487047 | L86: =AVERAGE(R86,W86,AB86,AG86,AL86,AQ86) -> #DIV/0! | M86: =AVERAGE(S86,X86,AC86,AH86,AM86,AR86) -> #DIV/0! | N86: =AVERAGE(T86,Y86,AD86,AI86,AN86,AS86) -> #DIV/0! | O86: =AVERAGE(U86,Z86,AE86,AJ86,AO86,AT86) -> #DIV/0! | Q86: 0.95854922 | V86: 0.92487047 | AA86: 0.9119171 | AF86: 0.90673575 | AK86: 0.9119171 | AP86: 0.93523316
J87: 0.98112536 | K87: =AVERAGE(Q87,V87,AA87,AF87,AK87,AP87) -> 0.91239316 | L87: =AVERAGE(R87,W87,AB87,AG87,AL87,AQ87) -> #DIV/0! | M87: =AVERAGE(S87,X87,AC87,AH87,AM87,AR87) -> #DIV/0! | N87: =AVERAGE(T87,Y87,AD87,AI87,AN87,AS87) -> #DIV/0! | O87: =AVERAGE(U87,Z87,AE87,AJ87,AO87,AT87) -> #DIV/0! | Q87: 0.83333333 | V87: 0.96581197 | AA87: 0.81837607 | AF87: 0.92307692 | AK87: 0.95940171 | AP87: 0.97435897
J88: 0.9855643 | K88: =AVERAGE(Q88,V88,AA88,AF88,AK88,AP88) -> 0.84776903 | L88: =AVERAGE(R88,W88,AB88,AG88,AL88,AQ88) -> #DIV/0! | M88: =AVERAGE(S88,X88,AC88,AH88,AM88,AR88) -> #DIV/0! | N88: =AVERAGE(T88,Y88,AD88,AI88,AN88,AS88) -> #DIV/0! | O88: =AVERAGE(U88,Z88,AE88,AJ88,AO88,AT88) -> #DIV/0! | Q88: 0.76377953 | V88: 0.84514436 | AA88: 0.79265092 | AF88: 0.97637795 | AK88: 0.84514436 | AP88: 0.86351706
J89: 0.99098124 | K89: =AVERAGE(Q89,V89,AA89,AF89,AK89,AP89) -> 0.89213564 | L89: =AVERAGE(R89,W89,AB89,AG89,AL89,AQ89) -> #DIV/0! | M89: =AVERAGE(S89,X89,AC89,AH89,AM89,AR89) -> #DIV/0! | N89: =AVERAGE(T89,Y89,AD89,AI89,AN89,AS89) -> #DIV/0! | O89: =AVERAGE(U89,Z89,AE89,AJ89,AO89,AT89) -> #DIV/0! | Q89: 0.86147186 | V89: 0.80735931 | AA89: 0.8961039 | AF89: 0.95238095 | AK89: 0.97402597 | AP89: 0.86147186
J90: 0.98075241 | K90: =AVERAGE(Q90,V90,AA90,AF90,AK90,AP90) -> 0.8967629 | L90: =AVERAGE(R90,W90,AB90,AG90,AL90,AQ90) -> #DIV/0! | M90: =AVERAGE(S90,X90,AC90,AH90,AM90,AR90) -> #DIV/0! | N90: =AVERAGE(T90,Y90,AD90,AI90,AN90,AS90) -> #DIV/0! | O90: =AVERAGE(U90,Z90,AE90,AJ90,AO90,AT90) -> #DIV/0! | Q90: 0.9343832 | V90: 0.88976378 | AA90: 0.91076115 | AF90: 0.83989501 | AK90: 0.88188976 | AP90: 0.92388451
J91: 0.98789346 | K91: =AVERAGE(Q91,V91,AA91,AF91,AK91,AP91) -> 0.87126715 | L91: =AVERAGE(R91,W91,AB91,AG91,AL91,AQ91) -> #DIV/0! | M91: =AVERAGE(S91,X91,AC91,AH91,AM91,AR91) -> #DIV/0! | N91: =AVERAGE(T91,Y91,AD91,AI91,AN91,AS91) -> #DIV/0! | O91: =AVERAGE(U91,Z91,AE91,AJ91,AO91,AT91) -> #DIV/0! | Q91: 0.968523 | V91: 0.73849879 | AA91: 0.9346247 | AF91: 0.66101695 | AK91: 0.96368039 | AP91: 0.96125908
... J109: 0.98910675 | K109: =AVERAGE(Q109,V109,AA109,AF109,AK109,AP109) -> 0.80718954 | L109: =AVERAGE(R109,W109,AB109,AG109,AL109,AQ109) -> #DIV/0! | M109: =AVERAGE(S109,X109,AC109,AH109,AM109,AR109) -> #DIV/0! | N109: =AVERAGE(T109,Y109,AD109,AI109,AN109,AS109) -> #DIV/0! | O109: =AVERAGE(U109,Z109,AE109,AJ109,AO109,AT109) -> #DIV/0! | Q109: 0.74945534 | V109: 0.90413943 | AA109: 0.88888889 | AF109: 0.83006536 | AK109: 0.5708061 | AP109: 0.89978214
J111: 0.99067066 | K111: =AVERAGE(K80:K109) -> 0.86103677 | L111: =AVERAGE(L80:L109) -> #DIV/0! | M111: =AVERAGE(M80:M109) -> #DIV/0! | N111: =AVERAGE(N80:N109) -> #DIV/0! | O111: =AVERAGE(O80:O109) -> #DIV/0! | Q111: =AVERAGE(Q80:Q109) -> 0.89148763 | R111: =AVERAGE(R80:R109) -> #DIV/0! | S111: =AVERAGE(S80:S109) -> #DIV/0! | T111: =AVERAGE(T80:T109) -> #DIV/0! | U111: =AVERAGE(U80:U109) -> #DIV/0! | V111: =AVERAGE(V80:V109) -> 0.90754691 | W111: =AVERAGE(W80:W109) -> #DIV/0! | X111: =AVERAGE(X80:X109) -> #DIV/0! | ... AT111: =AVERAGE(AT80:AT109) -> #DIV/0!
J114: k=2
Q115: 1 | V115: 2 | AA115: 3 | AF115: 4 | AK115: 5 | AP115: 6
I116: ID | J116: Task 1 | K116: Task 2 | L116: Task 3 | M116: Task 4 | N116: Task 5 | O116: Task 6 | Q116: Task 2 | R116: Task 3 | S116: Task 4 | T116: Task 5 | U116: Task 6 | V116: Task 2 | W116: Task 3 | X116: Task 4 | Y116: Task 5 | Z116: Task 6 | AA116: Task 2 | AB116: Task 3 | AC116: Task 4 | AD116: Task 5 | AE116: Task 6 | AF116: Task 2 | AG116: Task 3 | AH116: Task 4 | AI116: Task 5 | AJ116: Task 6 | AK116: Task 2 | AL116: Task 3 | AM116: Task 4 | AN116: Task 5 | AO116: Task 6 | AP116: Task 2 | AQ116: Task 3 | AR116: Task 4 | AS116: Task 5 | AT116: Task 6
J117: 0.99119241 | K117: =AVERAGE(Q117,V117,AA117,AF117,AK117,AP117) -> 0.95325203 | L117: =AVERAGE(R117,W117,AB117,AG117,AL117,AQ117) -> #DIV/0! | M117: =AVERAGE(S117,X117,AC117,AH117,AM117,AR117) -> #DIV/0! | N117: =AVERAGE(T117,Y117,AD117,AI117,AN117,AS117) -> #DIV/0! | O117: =AVERAGE(U117,Z117,AE117,AJ117,AO117,AT117) -> #DIV/0! | Q117: 0.94715447 | V117: 0.96544715 | AA117: 0.95934959 | AF117: 0.91869919 | AK117: 0.9695122 | AP117: 0.95934959
J118: 0.98801743 | K118: =AVERAGE(Q118,V118,AA118,AF118,AK118,AP118) -> 0.92774147 | L118: =AVERAGE(R118,W118,AB118,AG118,AL118,AQ118) -> #DIV/0! | M118: =AVERAGE(S118,X118,AC118,AH118,AM118,AR118) -> #DIV/0! | N118: =AVERAGE(T118,Y118,AD118,AI118,AN118,AS118) -> #DIV/0! | O118: =AVERAGE(U118,Z118,AE118,AJ118,AO118,AT118) -> #DIV/0! | Q118: 0.91285403 | V118: 0.89760349 | AA118: 0.93899782 | AF118: 0.97603486 | AK118: 0.88017429 | AP118: 0.96078431
J119: 0.98673587 | K119: =AVERAGE(Q119,V119,AA119,AF119,AK119,AP119) -> 0.93944637 | L119: =AVERAGE(R119,W119,AB119,AG119,AL119,AQ119) -> #DIV/0! | M119: =AVERAGE(S119,X119,AC119,AH119,AM119,AR119) -> #DIV/0! | N119: =AVERAGE(T119,Y119,AD119,AI119,AN119,AS119) -> #DIV/0! | O119: =AVERAGE(U119,Z119,AE119,AJ119,AO119,AT119) -> #DIV/0! | Q119: 0.79065744 | V119: 0.98096886 | AA119: 0.93598616 | AF119: 0.97058824 | AK119: 0.97750865 | AP119: 0.98096886
J120: 0.98289578 | K120: =AVERAGE(Q120,V120,AA120,AF120,AK120,AP120) -> 0.96658711 | L120: =AVERAGE(R120,W120,AB120,AG120,AL120,AQ120) -> #DIV/0! | M120: =AVERAGE(S120,X120,AC120,AH120,AM120,AR120) -> #DIV/0! | N120: =AVERAGE(T120,Y120,AD120,AI120,AN120,AS120) -> #DIV/0! | O120: =AVERAGE(U120,Z120,AE120,AJ120,AO120,AT120) -> #DIV/0! | Q120: 0.94272076 | V120: 0.9522673 | AA120: 0.97136038 | AF120: 0.98090692 | AK120: 0.96897375 | AP120: 0.98329356
J121: 0.98501071 | K121: =AVERAGE(Q121,V121,AA121,AF121,AK121,AP121) -> 0.95503212 | L121: =AVERAGE(R121,W121,AB121,AG121,AL121,AQ121) -> #DIV/0! | M121: =AVERAGE(S121,X121,AC121,AH121,AM121,AR121) -> #DIV/0! | N121: =AVERAGE(T121,Y121,AD121,AI121,AN121,AS121) -> #DIV/0! | O121: =AVERAGE(U121,Z121,AE121,AJ121,AO121,AT121) -> #DIV/0! | Q121: 0.95289079 | V121: 0.91220557 | AA121: 0.95717345 | AF121: 0.97002141 | AK121: 0.97430407 | AP121: 0.96359743
J122: 0.99204628 | K122: =AVERAGE(Q122,V122,AA122,AF122,AK122,AP122) -> 0.8879248 | L122: =AVERAGE(R122,W122,AB122,AG122,AL122,AQ122) -> #DIV/0! | M122: =AVERAGE(S122,X122,AC122,AH122,AM122,AR122) -> #DIV/0! | N122: =AVERAGE(T122,Y122,AD122,AI122,AN122,AS122) -> #DIV/0! | O122: =AVERAGE(U122,Z122,AE122,AJ122,AO122,AT122) -> #DIV/0! | Q122: 0.94143167 | V122: 0.89804772 | AA122: 0.88503254 | AF122: 0.94793926 | AK122: 0.77657267 | AP122: 0.87852495
J123: 0.98402418 | K123: =AVERAGE(Q123,V123,AA123,AF123,AK123,AP123) -> 0.94818653 | L123: =AVERAGE(R123,W123,AB123,AG123,AL123,AQ123) -> #DIV/0! | M123: =AVERAGE(S123,X123,AC123,AH123,AM123,AR123) -> #DIV/0! | N123: =AVERAGE(T123,Y123,AD123,AI123,AN123,AS123) -> #DIV/0! | O123: =AVERAGE(U123,Z123,AE123,AJ123,AO123,AT123) -> #DIV/0! | Q123: 0.96891192 | V123: 0.94041451 | AA123: 0.95595855 | AF123: 0.9507772 | AK123: 0.92746114 | AP123: 0.94559585
J124: 0.98290598 | K124: =AVERAGE(Q124,V124,AA124,AF124,AK124,AP124) -> 0.80021368 | L124: =AVERAGE(R124,W124,AB124,AG124,AL124,AQ124) -> #DIV/0! | M124: =AVERAGE(S124,X124,AC124,AH124,AM124,AR124) -> #DIV/0! | N124: =AVERAGE(T124,Y124,AD124,AI124,AN124,AS124) -> #DIV/0! | O124: =AVERAGE(U124,Z124,AE124,AJ124,AO124,AT124) -> #DIV/0! | Q124: 0.85897436 | V124: 0.95299145 | AA124: 0.42735043 | AF124: 0.79487179 | AK124: 0.96153846 | AP124: 0.80555556
J125: 0.98337708 | K125: =AVERAGE(Q125,V125,AA125,AF125,AK125,AP125) -> 0.87051619 | L125: =AVERAGE(R125,W125,AB125,AG125,AL125,AQ125) -> #DIV/0! | M125: =AVERAGE(S125,X125,AC125,AH125,AM125,AR125) -> #DIV/0! | N125: =AVERAGE(T125,Y125,AD125,AI125,AN125,AS125) -> #DIV/0! | O125: =AVERAGE(U125,Z125,AE125,AJ125,AO125,AT125) -> #DIV/0! | Q125: 0.91338583 | V125: 0.69028871 | AA125: 0.94750656 | AF125: 0.8503937 | AK125: 0.9343832 | AP125: 0.88713911
J126: 0.99134199 | K126: =AVERAGE(Q126,V126,AA126,AF126,AK126,AP126) -> 0.83658009 | L126: =AVERAGE(R126,W126,AB126,AG126,AL126,AQ126) -> #DIV/0! | M126: =AVERAGE(S126,X126,AC126,AH126,AM126,AR126) -> #DIV/0! | N126: =AVERAGE(T126,Y126,AD126,AI126,AN126,AS126) -> #DIV/0! | O126: =AVERAGE(U126,Z126,AE126,AJ126,AO126,AT126) -> #DIV/0! | Q126: 0.83116883 | V126: 0.85714286 | AA126: 0.82251082 | AF126: 0.76406926 | AK126: 0.93073593 | AP126: 0.81385281
J127: 0.97987752 | K127: =AVERAGE(Q127,V127,AA127,AF127,AK127,AP127) -> 0.92738408 | L127: =AVERAGE(R127,W127,AB127,AG127,AL127,AQ127) -> #DIV/0! | M127: =AVERAGE(S127,X127,AC127,AH127,AM127,AR127) -> #DIV/0! | N127: =AVERAGE(T127,Y127,AD127,AI127,AN127,AS127) -> #DIV/0! | O127: =AVERAGE(U127,Z127,AE127,AJ127,AO127,AT127) -> #DIV/0! | Q127: 0.90288714 | V127: 0.93700787 | AA127: 0.95013123 | AF127: 0.90288714 | AK127: 0.92388451 | AP127: 0.94750656
J128: 0.98829701 | K128: =AVERAGE(Q128,V128,AA128,AF128,AK128,AP128) -> 0.83414044 | L128: =AVERAGE(R128,W128,AB128,AG128,AL128,AQ128) -> #DIV/0! | M128: =AVERAGE(S128,X128,AC128,AH128,AM128,AR128) -> #DIV/0! | N128: =AVERAGE(T128,Y128,AD128,AI128,AN128,AS128) -> #DIV/0! | O128: =AVERAGE(U128,Z128,AE128,AJ128,AO128,AT128) -> #DIV/0! | Q128: 0.96610169 | V128: 0.94188862 | AA128: 0.86924939 | AF128: 0.29782082 | AK128: 0.96368039 | AP128: 0.96610169
... J146: 0.98910675 | K146: =AVERAGE(Q146,V146,AA146,AF146,AK146,AP146) -> 0.90123457 | L146: =AVERAGE(R146,W146,AB146,AG146,AL146,AQ146) -> #DIV/0! | M146: =AVERAGE(S146,X146,AC146,AH146,AM146,AR146) -> #DIV/0! | N146: =AVERAGE(T146,Y146,AD146,AI146,AN146,AS146) -> #DIV/0! | O146: =AVERAGE(U146,Z146,AE146,AJ146,AO146,AT146) -> #DIV/0! | Q146: 0.93681917 | V146: 0.87799564 | AA146: 0.94989107 | AF146: 0.81481481 | AK146: 0.89324619 | AP146: 0.93464052
J148: 0.99084324 | K148: =AVERAGE(K117:K146) -> 0.90563102 | L148: =AVERAGE(L117:L146) -> #DIV/0! | M148: =AVERAGE(M117:M146) -> #DIV/0! | N148: =AVERAGE(N117:N146) -> #DIV/0! | O148: =AVERAGE(O117:O146) -> #DIV/0! | Q148: =AVERAGE(Q117:Q146) -> 0.93839639 | R148: =AVERAGE(R117:R146) -> #DIV/0! | S148: =AVERAGE(S117:S146) -> #DIV/0! | T148: =AVERAGE(T117:T146) -> #DIV/0! | U148: =AVERAGE(U117:U146) -> #DIV/0! | V148: =AVERAGE(V117:V146) -> 0.92620604 | W148: =AVERAGE(W117:W146) -> #DIV/0! | X148: =AVERAGE(X117:X146) -> #DIV/0! | ... AT148: =AVERAGE(AT117:AT146) -> #DIV/0!
J151: k=3
Q152: 1 | V152: 2 | AA152: 3 | AF152: 4 | AK152: 5 | AP152: 6
I153: ID | J153: Task 1 | K153: Task 2 | L153: Task 3 | M153: Task 4 | N153: Task 5 | O153: Task 6 | Q153: Task 2 | R153: Task 3 | S153: Task 4 | T153: Task 5 | U153: Task 6 | V153: Task 2 | W153: Task 3 | X153: Task 4 | Y153: Task 5 | Z153: Task 6 | AA153: Task 2 | AB153: Task 3 | AC153: Task 4 | AD153: Task 5 | AE153: Task 6 | AF153: Task 2 | AG153: Task 3 | AH153: Task 4 | AI153: Task 5 | AJ153: Task 6 | AK153: Task 2 | AL153: Task 3 | AM153: Task 4 | AN153: Task 5 | AO153: Task 6 | AP153: Task 2 | AQ153: Task 3 | AR153: Task 4 | AS153: Task 5 | AT153: Task 6
...

Sheet Statistics
H3: Person 1 | N3: Person 2 | T3: Person 3
G4: Task 1 | H4: Task 2 | I4: Task 3 | J4: Task 4 | K4: Task 5 | L4: Task 6 | M4: Task 1 | N4: Task 2 | O4: Task 3 | P4: Task 4 | Q4: Task 5 | R4: Task 6 | S4: Task 1 | T4: Task 2 | U4: Task 3 | V4: Task 4 | W4: Task 5 | X4: Task 6
F5: 0.25 | G5: =Person_0!B6 -> 0.96560007 | H5: =Person_0!C6 -> 0.78004217 | I5: =Person_0!D6 -> #DIV/0! | J5: =Person_0!E6 -> #DIV/0! | K5: =Person_0!F6 -> #DIV/0! | L5: =Person_0!G6 -> #DIV/0! | M5: =Person_1!B6 -> 0.93614896 | N5: =Person_1!C6 -> 0.6767195 | O5: =Person_1!D6 -> #DIV/0! | P5: =Person_1!E6 -> #DIV/0! | Q5: =Person_1!F6 -> #DIV/0! | R5: =Person_1!G6 -> #DIV/0! | S5: =Person_2!B6 -> 0.98800682 | T5: =Person_2!C6 -> 0.83977432 | U5: =Person_2!D6 -> #DIV/0! | V5: =Person_2!E6 -> #DIV/0! | W5: =Person_2!F6 -> #DIV/0! | X5: =Person_2!G6 -> #DIV/0!
F6: 0.5 | G6: =Person_0!B7 -> 0.96591873 | H6: =Person_0!C7 -> 0.80606715 | I6: =Person_0!D7 -> #DIV/0! | J6: =Person_0!E7 -> #DIV/0! | K6: =Person_0!F7 -> #DIV/0! | L6: =Person_0!G7 -> #DIV/0! | M6: =Person_1!B7 -> 0.93688897 | N6: =Person_1!C7 -> 0.70334452 | O6: =Person_1!D7 -> #DIV/0! | P6: =Person_1!E7 -> #DIV/0! | Q6: =Person_1!F7 -> #DIV/0! | R6: =Person_1!G7 -> #DIV/0! | S6: =Person_2!B7 -> 0.98811749 | T6: =Person_2!C7 -> 0.86032135 | U6: =Person_2!D7 -> #DIV/0! | V6: =Person_2!E7 -> #DIV/0! | W6: =Person_2!F7 -> #DIV/0! | X6: =Person_2!G7 -> #DIV/0!
F7: 1 | G7: =Person_0!B8 -> 0.96612148 | H7: =Person_0!C8 -> 0.78344584 | I7: =Person_0!D8 -> #DIV/0! | J7: =Person_0!E8 -> #DIV/0! | K7: =Person_0!F8 -> #DIV/0! | L7: =Person_0!G8 -> #DIV/0! | M7: =Person_1!B8 -> 0.93418296 | N7: =Person_1!C8 -> 0.70708711 | O7: =Person_1!D8 -> #DIV/0! | P7: =Person_1!E8 -> #DIV/0! | Q7: =Person_1!F8 -> #DIV/0! | R7: =Person_1!G8 -> #DIV/0! | S7: =Person_2!B8 -> 0.98817145 | T7: =Person_2!C8 -> 0.86103677 | U7: =Person_2!D8 -> #DIV/0! | V7: =Person_2!E8 -> #DIV/0! | W7: =Person_2!F8 -> #DIV/0! | X7: =Person_2!G8 -> #DIV/0!
F8: 2 | G8: =Person_0!B9 -> 0.96527543 | H8: =Person_0!C9 -> 0.83077919 | I8: =Person_0!D9 -> #DIV/0! | J8: =Person_0!E9 -> #DIV/0! | K8: =Person_0!F9 -> #DIV/0! | L8: =Person_0!G9 -> #DIV/0! | M8: =Person_1!B9 -> 0.93727722 | N8: =Person_1!C9 -> 0.72835621 | O8: =Person_1!D9 -> #DIV/0! | P8: =Person_1!E9 -> #DIV/0! | Q8: =Person_1!F9 -> #DIV/0! | R8: =Person_1!G9 -> #DIV/0! | S8: =Person_2!B9 -> 0.98784424 | T8: =Person_2!C9 -> 0.90563102 | U8: =Person_2!D9 -> #DIV/0! | V8: =Person_2!E9 -> #DIV/0! | W8: =Person_2!F9 -> #DIV/0! | X8: =Person_2!G9 -> #DIV/0!
F9: 3 | G9: =Person_0!B10 -> 0.96510655 | H9: =Person_0!C10 -> 0.83320577 | I9: =Person_0!D10 -> #DIV/0! | J9: =Person_0!E10 -> #DIV/0! | K9: =Person_0!F10 -> #DIV/0! | L9: =Person_0!G10 -> #DIV/0! | M9: =Person_1!B10 -> 0.9365298 | N9: =Person_1!C10 -> 0.73761423 | O9: =Person_1!D10 -> #DIV/0! | P9: =Person_1!E10 -> #DIV/0! | Q9: =Person_1!F10 -> #DIV/0! | R9: =Person_1!G10 -> #DIV/0! | S9: =Person_2!B10 -> 0.98797343 | T9: =Person_2!C10 -> 0.92763189 | U9: =Person_2!D10 -> #DIV/0! | V9: =Person_2!E10 -> #DIV/0! | W9: =Person_2!F10 -> #DIV/0! | X9: =Person_2!G10 -> #DIV/0!
G11: Person 1 | H11: Person 2 | I11: Person 3
G12: Task 2 | H12: Task 2 | I12: Task 2
F13: 0.25 | G13: 0.78004217 | H13: 0.6767195 | I13: 0.83977432
F14: 0.5 | G14: 0.80606715 | H14: 0.70334452 | I14: 0.86032135
F15: 1 | G15: 0.78344584 | H15: 0.70708711 | I15: 0.86103677
F16: 2 | G16: 0.83077919 | H16: 0.72835621 | I16: 0.90563102
F17: 3 | G17: 0.83320577 | H17: 0.73761423 | I17: 0.92763189

Sheet Scenario_Analysis
J5: ID | K5: P1 (0.25) | L5: P1 (0.5) | M5: P1 (1.0) | N5: P1 (2.0) | O5: P1 (3.0) | P5: P2 (0.25) | Q5: P2 (0.5) | R5: P2 (1.0) | S5: P2 (2.0) | T5: P2 (3.0) | U5: P3 (0.25) | V5: P3 (0.5) | W5: P3 (1.0) | X5: P3 (2.0) | Y5: P3 (3.0)
J6: 1 | K6: =Person_0!J6 -> 0.95633333 | L6: =Person_0!J43 -> 0.95433333 | M6: =Person_0!J80 -> 0.95566667 | N6: =Person_0!J117 -> 0.95566667 | O6: =Person_0!J154 -> 0.953 | P6: =Person_1!J6 -> 0.95773688 | Q6: =Person_1!J43 -> 0.95398773 | R6: =Person_1!J80 -> 0.95773688 | S6: =Person_1!J117 -> 0.95978187 | T6: =Person_1!J154 -> 0.95807771 | U6: =Person_2!J6 -> 0.99390244 | V6: =Person_2!J43 -> 0.99186992 | W6: =Person_2!J80 -> 0.99254743 | X6: =Person_2!J117 -> 0.99119241 | Y6: =Person_2!J154 -> 0.99153117
J7: 2 | K7: =Person_0!J7 -> 0.95275591 | L7: =Person_0!J44 -> 0.95505249 | M7: =Person_0!J81 -> 0.95669291 | N7: =Person_0!J118 -> 0.94980315 | O7: =Person_0!J155 -> 0.95275591 | P7: =Person_1!J7 -> 0.97174535 | Q7: =Person_1!J44 -> 0.97174535 | R7: =Person_1!J81 -> 0.97281831 | S7: =Person_1!J118 -> 0.97353362 | T7: =Person_1!J155 -> 0.97174535 | U7: =Person_2!J7 -> 0.98874365 | V7: =Person_2!J44 -> 0.98874365 | W7: =Person_2!J81 -> 0.98838054 | X7: =Person_2!J118 -> 0.98801743 | Y7: =Person_2!J155 -> 0.98910675
J8: 3 | K8: =Person_0!J8 -> 0.95926563 | L8: =Person_0!J45 -> 0.96012622 | M8: =Person_0!J82 -> 0.96012622 | N8: =Person_0!J119 -> 0.96069994 | O8: =Person_0!J156 -> 0.9595525 | P8: =Person_1!J8 -> 0.84009406 | Q8: =Person_1!J45 -> 0.82951205 | R8: =Person_1!J82 -> 0.85420341 | S8: =Person_1!J119 -> 0.84391534 | T8: =Person_1!J156 -> 0.82510288 | U8: =Person_2!J8 -> 0.98702422 | V8: =Person_2!J45 -> 0.98702422 | W8: =Person_2!J82 -> 0.98673587 | X8: =Person_2!J119 -> 0.98673587 | Y8: =Person_2!J156 -> 0.98875433
J9: 4 | K9: =Person_0!J9 -> 0.97875817 | L9: =Person_0!J46 -> 0.9754902 | M9: =Person_0!J83 -> 0.98039216 | N9: =Person_0!J120 -> 0.98039216 | O9: =Person_0!J157 -> 0.97017974 | P9: =Person_1!J9 -> 0.96239113 | Q9: =Person_1!J46 -> 0.95526524 | R9: =Person_1!J83 -> 0.95764054 | S9: =Person_1!J120 -> 0.96159937 | T9: =Person_1!J157 -> 0.95882819 | U9: =Person_2!J9 -> 0.98607796 | V9: =Person_2!J46 -> 0.9840891 | W9: =Person_2!J83 -> 0.9840891 | X9: =Person_2!J120 -> 0.98289578 | Y9: =Person_2!J157 -> 0.98766905
J10: 5 | K10: =Person_0!J10 -> 0.97427035 | L10: =Person_0!J47 -> 0.9735023 | M10: =Person_0!J84 -> 0.97427035 | N10: =Person_0!J121 -> 0.97695853 | O10: =Person_0!J158 -> 0.97619048 | P10: =Person_1!J10 -> 0.96223958 | Q10: =Person_1!J47 -> 0.96267361 | R10: =Person_1!J84 -> 0.96397569 | S10: =Person_1!J121 -> 0.96614583 | T10: =Person_1!J158 -> 0.96527778 | U10: =Person_2!J10 -> 0.98679515 | V10: =Person_2!J47 -> 0.98679515 | W10: =Person_2!J84 -> 0.98394004 | X10: =Person_2!J121 -> 0.98501071 | Y10: =Person_2!J158 -> 0.98608137
J11: 6 | K11: =Person_0!J11 -> 0.97015426 | L11: =Person_0!J48 -> 0.9637827 | M11: =Person_0!J85 -> 0.96545942 | N11: =Person_0!J122 -> 0.96244131 | O11: =Person_0!J159 -> 0.96344735 | P11: =Person_1!J11 -> 0.89364035 | Q11: =Person_1!J48 -> 0.89327485 | R11: =Person_1!J85 -> 0.89766082 | S11: =Person_1!J122 -> 0.89692982 | T11: =Person_1!J159 -> 0.88633041 | U11: =Person_2!J11 -> 0.99240781 | V11: =Person_2!J48 -> 0.99313087 | W11: =Person_2!J85 -> 0.99240781 | X11: =Person_2!J122 -> 0.99204628 | Y11: =Person_2!J159 -> 0.99204628
J12: 7 | K12: =Person_0!J12 -> 0.98477564 | L12: =Person_0!J49 -> 0.98637821 | M12: =Person_0!J86 -> 0.98277244 | N12: =Person_0!J123 -> 0.98157051 | O12: =Person_0!J160 -> 0.98918269 | P12: =Person_1!J12 -> 0.96901173 | Q12: =Person_1!J49 -> 0.97110553 | R12: =Person_1!J86 -> 0.96943049 | S12: =Person_1!J123 -> 0.96943049 | T12: =Person_1!J160 -> 0.97319933 | U12: =Person_2!J12 -> 0.98316062 | V12: =Person_2!J49 -> 0.97668394 | W12: =Person_2!J86 -> 0.97884283 | X12: =Person_2!J123 -> 0.98402418 | Y12: =Person_2!J160 -> 0.97797927
J13: 8 | K13: =Person_0!J13 -> 0.95263158 | L13: =Person_0!J50 -> 0.95204678 | M13: =Person_0!J87 -> 0.95380117 | N13: =Person_0!J124 -> 0.95263158 | O13: =Person_0!J161 -> 0.95380117 | P13: =Person_1!J13 -> 0.96319199 | Q13: =Person_1!J50 -> 0.96466431 | R13: =Person_1!J87 -> 0.96319199 | S13: =Person_1!J124 -> 0.96378092 | T13: =Person_1!J161 -> 0.96319199 | U13: =Person_2!J13 -> 0.98254986 | V13: =Person_2!J50 -> 0.98290598 | W13: =Person_2!J87 -> 0.98112536 | X13: =Person_2!J124 -> 0.98290598 | Y13: =Person_2!J161 -> 0.98041311
J14: 9 | K14: =Person_0!J14 -> 0.95764463 | L14: =Person_0!J51 -> 0.95661157 | M14: =Person_0!J88 -> 0.9600551 | N14: =Person_0!J125 -> 0.95592287 | O14: =Person_0!J162 -> 0.95867769 | P14: =Person_1!J14 -> 0.97146834 | Q14: =Person_1!J51 -> 0.97077244 | R14: =Person_1!J88 -> 0.9697286 | S14: =Person_1!J125 -> 0.97146834 | T14: =Person_1!J162 -> 0.97320807 | U14: =Person_2!J14 -> 0.98206474 | V14: =Person_2!J51 -> 0.97944007 | W14: =Person_2!J88 -> 0.9855643 | X14: =Person_2!J125 -> 0.98337708 | Y14: =Person_2!J162 -> 0.98206474
J15: 10 | K15: =Person_0!J15 -> 0.95683931 | L15: =Person_0!J52 -> 0.95285525 | M15: =Person_0!J89 -> 0.95517928 | N15: =Person_0!J126 -> 0.9565073 | O15: =Person_0!J163 -> 0.95517928 | P15: =Person_1!J15 -> 0.96666667 | Q15: =Person_1!J52 -> 0.96738351 | R15: =Person_1!J89 -> 0.96666667 | S15: =Person_1!J126 -> 0.96666667 | T15: =Person_1!J163 -> 0.96451613 | U15: =Person_2!J15 -> 0.98953824 | V15: =Person_2!J52 -> 0.99134199 | W15: =Person_2!J89 -> 0.99098124 | X15: =Person_2!J126 -> 0.99134199 | Y15: =Person_2!J163 -> 0.99170274
J16: 11 | K16: =Person_0!J16 -> 0.95096022 | L16: =Person_0!J53 -> 0.94821674 | M16: =Person_0!J90 -> 0.9526749 | N16: =Person_0!J127 -> 0.94821674 | O16: =Person_0!J164 -> 0.94581619 | P16: =Person_1!J16 -> 0.96370684 | Q16: =Person_1!J53 -> 0.96441156 | R16: =Person_1!J90 -> 0.96652572 | S16: =Person_1!J127 -> 0.96370684 | T16: =Person_1!J164 -> 0.96370684 | U16: =Person_2!J16 -> 0.98075241 | V16: =Person_2!J53 -> 0.97769029 | W16: =Person_2!J90 -> 0.98075241 | X16: =Person_2!J127 -> 0.97987752 | Y16: =Person_2!J164 -> 0.97812773
J17: 12 | K17: =Person_0!J17 -> 0.9670913 | L17: =Person_0!J54 -> 0.96638358 | M17: =Person_0!J91 -> 0.9670913 | N17: =Person_0!J128 -> 0.96426044 | O17: =Person_0!J165 -> 0.96426044 | P17: =Person_1!J17 -> 0.87525355 | Q17: =Person_1!J54 -> 0.90162272 | R17: =Person_1!J91 -> 0.88066261 | S17: =Person_1!J128 -> 0.90669371 | T17: =Person_1!J165 -> 0.87964841 | U17: =Person_2!J17 -> 0.98910412 | V17: =Person_2!J54 -> 0.98950767 | W17: =Person_2!J91 -> 0.98789346 | X17: =Person_2!J128 -> 0.98829701 | Y17: =Person_2!J165 -> 0.98708636
... J35: 30 | K35: =Person_0!J35 -> 0.95374016 | L35: =Person_0!J72 -> 0.95734908 | M35: =Person_0!J109 -> 0.95406824 | N35: =Person_0!J146 -> 0.95341207 | O35: =Person_0!J183 -> 0.95374016 | P35: =Person_1!J35 -> 0.972103 | Q35: =Person_1!J72 -> 0.97103004 | R35: =Person_1!J109 -> 0.97353362 | S35: =Person_1!J146 -> 0.97389127 | T35: =Person_1!J183 -> 0.9713877 | U35: =Person_2!J35 -> 0.98765432 | V35: =Person_2!J72 -> 0.98620189 | W35: =Person_2!J109 -> 0.98910675 | X35: =Person_2!J146 -> 0.98910675 | Y35: =Person_2!J183 -> 0.98765432
J43: ID | K43: P1 (0.25) | L43: P1 (0.5) | M43: P1 (1.0) | N43: P1 (2.0) | O43: P1 (3.0) | P43: P2 (0.25) | Q43: P2 (0.5) | R43: P2 (1.0) | S43: P2 (2.0) | T43: P2 (3.0) | U43: P3 (0.25) | V43: P3 (0.5) | W43: P3 (1.0) | X43: P3 (2.0) | Y43: P3 (3.0)
J44: 1 | K44: =Person_0!K6 -> 0.79633333 | L44: =Person_0!K43 -> 0.80066667 | M44: =Person_0!K80 -> 0.73633333 | N44: =Person_0!K117 -> 0.833 | O44: =Person_0!K154 -> 0.86133333 | P44: =Person_1!K6 -> 0.6605317 | Q44: =Person_1!K43 -> 0.66564417 | R44: =Person_1!K80 -> 0.68711656 | S44: =Person_1!K117 -> 0.7068848 | T44: =Person_1!K154 -> 0.68677573 | U44: =Person_2!K6 -> 0.87703252 | V44: =Person_2!K43 -> 0.9454607 | W44: =Person_2!K80 -> 0.86856369 | X44: =Person_2!K117 -> 0.95325203 | Y44: =Person_2!K154 -> 0.95528455
J45: 2 | K45: =Person_0!K7 -> 0.69389764 | L45: =Person_0!K44 -> 0.7644357 | M45: =Person_0!K81 -> 0.77559055 | N45: =Person_0!K118 -> 0.78444882 | O45: =Person_0!K155 -> 0.76706037 | P45: =Person_1!K7 -> 0.60228898 | Q45: =Person_1!K44 -> 0.69706724 | R45: =Person_1!K81 -> 0.62875536 | S45: =Person_1!K118 -> 0.65844063 | T45: =Person_1!K155 -> 0.65915594 | U45: =Person_2!K7 -> 0.77777778 | V45: =Person_2!K44 -> 0.8362382 | W45: =Person_2!K81 -> 0.88198983 | X45: =Person_2!K118 -> 0.92774147 | Y45: =Person_2!K155 -> 0.94952796
J46: 3 | K46: =Person_0!K8 -> 0.79718876 | L46: =Person_0!K45 -> 0.84652897 | M46: =Person_0!K82 -> 0.82989099 | N46: =Person_0!K119 -> 0.8448078 | O46: =Person_0!K156 -> 0.8740677 | P46: =Person_1!K8 -> 0.64226925 | Q46: =Person_1!K45 -> 0.62962963 | R46: =Person_1!K82 -> 0.62757202 | S46: =Person_1!K119 -> 0.67078189 | T46: =Person_1!K156 -> 0.68783069 | U46: =Person_2!K8 -> 0.93310265 | V46: =Person_2!K45 -> 0.82929642 | W46: =Person_2!K82 -> 0.9544406 | X46: =Person_2!K119 -> 0.93944637 | Y46: =Person_2!K156 -> 0.95934256
J47: 4 | K47: =Person_0!K9 -> 0.88235294 | L47: =Person_0!K46 -> 0.89174837 | M47: =Person_0!K83 -> 0.84313725 | N47: =Person_0!K120 -> 0.92075163 | O47: =Person_0!K157 -> 0.91993464 | P47: =Person_1!K9 -> 0.89904988 | Q47: =Person_1!K46 -> 0.8962787 | R47: =Person_1!K83 -> 0.89707047 | S47: =Person_1!K120 -> 0.90894695 | T47: =Person_1!K157 -> 0.91488519 | U47: =Person_2!K9 -> 0.96618934 | V47: =Person_2!K46 -> 0.96618934 | W47: =Person_2!K83 -> 0.96857597 | X47: =Person_2!K120 -> 0.96658711 | Y47: =Person_2!K157 -> 0.96897375
J48: 5 | K48: =Person_0!K10 -> 0.81989247 | L48: =Person_0!K47 -> 0.85714286 | M48: =Person_0!K84 -> 0.87634409 | N48: =Person_0!K121 -> 0.88248848 | O48: =Person_0!K158 -> 0.89439324 | P48: =Person_1!K10 -> 0.71571181 | Q48: =Person_1!K47 -> 0.73524306 | R48: =Person_1!K84 -> 0.76866319 | S48: =Person_1!K121 -> 0.73003472 | T48: =Person_1!K158 -> 0.77387153 | U48: =Person_2!K10 -> 0.88793719 | V48: =Person_2!K47 -> 0.80406852 | W48: =Person_2!K84 -> 0.9468237 | X48: =Person_2!K121 -> 0.95503212 | Y48: =Person_2!K158 -> 0.96002855
J49: 6 | K49: =Person_0!K11 -> 0.65560027 | L49: =Person_0!K48 -> 0.76056338 | M49: =Person_0!K85 -> 0.70020121 | N49: =Person_0!K122 -> 0.73775989 | O49: =Person_0!K159 -> 0.69181757 | P49: =Person_1!K11 -> 0.50109649 | Q49: =Person_1!K48 -> 0.45358187 | R49: =Person_1!K85 -> 0.49415205 | S49: =Person_1!K122 -> 0.58369883 | T49: =Person_1!K159 -> 0.55628655 | U49: =Person_2!K11 -> 0.80621837 | V49: =Person_2!K48 -> 0.81489516 | W49: =Person_2!K85 -> 0.76030369 | X49: =Person_2!K122 -> 0.8879248 | Y49: =Person_2!K159 -> 0.92299349
J50: 7 | K50: =Person_0!K12 -> 0.82011218 | L50: =Person_0!K49 -> 0.875 | M50: =Person_0!K86 -> 0.77924679 | N50: =Person_0!K123 -> 0.90064103 | O50: =Person_0!K160 -> 0.91987179 | P50: =Person_1!K12 -> 0.84505863 | Q50: =Person_1!K49 -> 0.89237856 | R50: =Person_1!K86 -> 0.86599665 | S50: =Person_1!K123 -> 0.90536013 | T50: =Person_1!K160 -> 0.90033501 | U50: =Person_2!K12 -> 0.90803109 | V50: =Person_2!K49 -> 0.67962003 | W50: =Person_2!K86 -> 0.92487047 | X50: =Person_2!K123 -> 0.94818653 | Y50: =Person_2!K160 -> 0.90025907
J51: 8 | K51: =Person_0!K13 -> 0.73304094 | L51: =Person_0!K50 -> 0.77865497 | M51: =Person_0!K87 -> 0.77836257 | N51: =Person_0!K124 -> 0.81111111 | O51: =Person_0!K161 -> 0.75672515 | P51: =Person_1!K13 -> 0.82656066 | Q51: =Person_1!K50 -> 0.79210836 | R51: =Person_1!K87 -> 0.79122497 | S51: =Person_1!K124 -> 0.87161366 | T51: =Person_1!K161 -> 0.85718492 | U51: =Person_2!K13 -> 0.88782051 | V51: =Person_2!K50 -> 0.81339031 | W51: =Person_2!K87 -> 0.91239316 | X51: =Person_2!K124 -> 0.80021368 | Y51: =Person_2!K161 -> 0.88675214
J52: 9 | K52: =Person_0!K14 -> 0.74517906 | L52: =Person_0!K51 -> 0.73932507 | M52: =Person_0!K88 -> 0.60881543 | N52: =Person_0!K125 -> 0.7572314 | O52: =Person_0!K162 -> 0.77995868 | P52: =Person_1!K14 -> 0.78844816 | Q52: =Person_1!K51 -> 0.78566458 | R52: =Person_1!K88 -> 0.8434238 | S52: =Person_1!K125 -> 0.79436326 | T52: =Person_1!K162 -> 0.77487822 | U52: =Person_2!K14 -> 0.84033246 | V52: =Person_2!K51 -> 0.8600175 | W52: =Person_2!K88 -> 0.84776903 | X52: =Person_2!K125 -> 0.87051619 | Y52: =Person_2!K162 -> 0.90813648
J53: 10 | K53: =Person_0!K15 -> 0.71580345 | L53: =Person_0!K52 -> 0.75830013 | M53: =Person_0!K89 -> 0.82104914 | N53: =Person_0!K126 -> 0.81009296 | O53: =Person_0!K163 -> 0.79216467 | P53: =Person_1!K15 -> 0.55734767 | Q53: =Person_1!K52 -> 0.61218638 | R53: =Person_1!K89 -> 0.62078853 | S53: =Person_1!K126 -> 0.64516129 | T53: =Person_1!K163 -> 0.6218638 | U53: =Person_2!K15 -> 0.78463203 | V53: =Person_2!K52 -> 0.84090909 | W53: =Person_2!K89 -> 0.89213564 | X53: =Person_2!K126 -> 0.83658009 | Y53: =Person_2!K163 -> 0.89213564
J54: 11 | K54: =Person_0!K16 -> 0.70438957 | L54: =Person_0!K53 -> 0.71364883 | M54: =Person_0!K90 -> 0.66495199 | N54: =Person_0!K127 -> 0.73491084 | O54: =Person_0!K164 -> 0.78326475 | P54: =Person_1!K16 -> 0.73890063 | Q54: =Person_1!K53 -> 0.75968992 | R54: =Person_1!K90 -> 0.81818182 | S54: =Person_1!K127 -> 0.74770965 | T54: =Person_1!K164 -> 0.78047921 | U54: =Person_2!K16 -> 0.8600175 | V54: =Person_2!K53 -> 0.86614173 | W54: =Person_2!K90 -> 0.8967629 | X54: =Person_2!K127 -> 0.92738408 | Y54: =Person_2!K164 -> 0.93263342
J55: 12 | K55: =Person_0!K17 -> 0.81245577 | L55: =Person_0!K54 -> 0.80219391 | M55: =Person_0!K91 -> 0.81493277 | N55: =Person_0!K128 -> 0.81705591 | O55: =Person_0!K165 -> 0.81528662 | P55: =Person_1!K17 -> 0.71805274 | Q55: =Person_1!K54 -> 0.75490196 | R55: =Person_1!K91 -> 0.71872887 | S55: =Person_1!K128 -> 0.77045301 | T55: =Person_1!K165 -> 0.75524003 | U55: =Person_2!K17 -> 0.87046005 | V55: =Person_2!K54 -> 0.89346247 | W55: =Person_2!K91 -> 0.87126715 | X55: =Person_2!K128 -> 0.83414044 | Y55: =Person_2!K165 -> 0.92816788
... J73: 30 | K73: =Person_0!K35 -> 0.73622047 | L73: =Person_0!K72 -> 0.7355643 | M73: =Person_0!K109 -> 0.8011811 | N73: =Person_0!K146 -> 0.77066929 | O73: =Person_0!K183 -> 0.79855643 | P73: =Person_1!K35 -> 0.5944206 | Q73: =Person_1!K72 -> 0.61158798 | R73: =Person_1!K109 -> 0.5758226 | S73: =Person_1!K146 -> 0.60944206 | T73: =Person_1!K183 -> 0.62124464 | U73: =Person_2!K35 -> 0.81663036 | V73: =Person_2!K72 -> 0.79266521 | W73: =Person_2!K109 -> 0.80718954 | X73: =Person_2!K146 -> 0.90123457 | Y73: =Person_2!K183 -> 0.92846768
J81: ID | K81: =K43 -> P1 (0.25) | L81: =L43 -> P1 (0.5) | M81: =M43 -> P1 (1.0) | N81: =N43 -> P1 (2.0) | O81: =O43 -> P1 (3.0) | P81: =P43 -> P2 (0.25) | Q81: =Q43 -> P2 (0.5) | R81: =R43 -> P2 (1.0) | ... Y81: =Y43 -> P3 (3.0)
J82: 1 | K82: =Person_0!L6 -> #DIV/0! | L82: =Person_0!L43 -> #DIV/0! | M82: =Person_0!L80 -> #DIV/0! | N82: =Person_0!L117 -> #DIV/0! | O82: =Person_0!L154 -> #DIV/0! | P82: =Person_1!L6 -> #DIV/0! | Q82: =Person_1!L43 -> #DIV/0! | R82: =Person_1!L80 -> #DIV/0! | S82: =Person_1!L117 -> #DIV/0! | T82: =Person_1!L154 -> #DIV/0! | U82: =Person_2!L6 -> #DIV/0! | V82: =Person_2!L43 -> #DIV/0! | W82: =Person_2!L80 -> #DIV/0! | X82: =Person_2!L117 -> #DIV/0! | Y82: =Person_2!L154 -> #DIV/0!
J83: 2 | K83: =Person_0!L7 -> #DIV/0! | L83: =Person_0!L44 -> #DIV/0! | M83: =Person_0!L81 -> #DIV/0! | N83: =Person_0!L118 -> #DIV/0! | O83: =Person_0!L155 -> #DIV/0! | P83: =Person_1!L7 -> #DIV/0! | Q83: =Person_1!L44 -> #DIV/0! | R83: =Person_1!L81 -> #DIV/0! | S83: =Person_1!L118 -> #DIV/0! | T83: =Person_1!L155 -> #DIV/0! | U83: =Person_2!L7 -> #DIV/0! | V83: =Person_2!L44 -> #DIV/0! | W83: =Person_2!L81 -> #DIV/0! | X83: =Person_2!L118 -> #DIV/0! | Y83: =Person_2!L155 -> #DIV/0!
J84: 3 | K84: =Person_0!L8 -> #DIV/0! | L84: =Person_0!L45 -> #DIV/0! | M84: =Person_0!L82 -> #DIV/0! | N84: =Person_0!L119 -> #DIV/0! | O84: =Person_0!L156 -> #DIV/0! | P84: =Person_1!L8 -> #DIV/0! | Q84: =Person_1!L45 -> #DIV/0! | R84: =Person_1!L82 -> #DIV/0! | S84: =Person_1!L119 -> #DIV/0! | T84: =Person_1!L156 -> #DIV/0! | U84: =Person_2!L8 -> #DIV/0! | V84: =Person_2!L45 -> #DIV/0! | W84: =Person_2!L82 -> #DIV/0! | X84: =Person_2!L119 -> #DIV/0! | Y84: =Person_2!L156 -> #DIV/0!
J85: 4 | K85: =Person_0!L9 -> #DIV/0! | L85: =Person_0!L46 -> #DIV/0! | M85: =Person_0!L83 -> #DIV/0! | N85: =Person_0!L120 -> #DIV/0! | O85: =Person_0!L157 -> #DIV/0! | P85: =Person_1!L9 -> #DIV/0! | Q85: =Person_1!L46 -> #DIV/0! | R85: =Person_1!L83 -> #DIV/0! | S85: =Person_1!L120 -> #DIV/0! | T85: =Person_1!L157 -> #DIV/0! | U85: =Person_2!L9 -> #DIV/0! | V85: =Person_2!L46 -> #DIV/0! | W85: =Person_2!L83 -> #DIV/0! | X85: =Person_2!L120 -> #DIV/0! | Y85: =Person_2!L157 -> #DIV/0!
J86: 5 | K86: =Person_0!L10 -> #DIV/0! | L86: =Person_0!L47 -> #DIV/0! | M86: =Person_0!L84 -> #DIV/0! | N86: =Person_0!L121 -> #DIV/0! | O86: =Person_0!L158 -> #DIV/0! | P86: =Person_1!L10 -> #DIV/0! | Q86: =Person_1!L47 -> #DIV/0! | R86: =Person_1!L84 -> #DIV/0! | S86: =Person_1!L121 -> #DIV/0! | T86: =Person_1!L158 -> #DIV/0! | U86: =Person_2!L10 -> #DIV/0! | V86: =Person_2!L47 -> #DIV/0! | W86: =Person_2!L84 -> #DIV/0! | X86: =Person_2!L121 -> #DIV/0! | Y86: =Person_2!L158 -> #DIV/0!
J87: 6 | K87: =Person_0!L11 -> #DIV/0! | L87: =Person_0!L48 -> #DIV/0! | M87: =Person_0!L85 -> #DIV/0! | N87: =Person_0!L122 -> #DIV/0! | O87: =Person_0!L159 -> #DIV/0! | P87: =Person_1!L11 -> #DIV/0! | Q87: =Person_1!L48 -> #DIV/0! | R87: =Person_1!L85 -> #DIV/0! | S87: =Person_1!L122 -> #DIV/0! | T87: =Person_1!L159 -> #DIV/0! | U87: =Person_2!L11 -> #DIV/0! | V87: =Person_2!L48 -> #DIV/0! | W87: =Person_2!L85 -> #DIV/0! | X87: =Person_2!L122 -> #DIV/0! | Y87: =Person_2!L159 -> #DIV/0!
J88: 7 | K88: =Person_0!L12 -> #DIV/0! | L88: =Person_0!L49 -> #DIV/0! | M88: =Person_0!L86 -> #DIV/0! | N88: =Person_0!L123 -> #DIV/0! | O88: =Person_0!L160 -> #DIV/0! | P88: =Person_1!L12 -> #DIV/0! | Q88: =Person_1!L49 -> #DIV/0! | R88: =Person_1!L86 -> #DIV/0! | S88: =Person_1!L123 -> #DIV/0! | T88: =Person_1!L160 -> #DIV/0! | U88: =Person_2!L12 -> #DIV/0! | V88: =Person_2!L49 -> #DIV/0! | W88: =Person_2!L86 -> #DIV/0! | X88: =Person_2!L123 -> #DIV/0! | Y88: =Person_2!L160 -> #DIV/0!
J89: 8 | K89: =Person_0!L13 -> #DIV/0! | L89: =Person_0!L50 -> #DIV/0! | M89: =Person_0!L87 -> #DIV/0! | N89: =Person_0!L124 -> #DIV/0! | O89: =Person_0!L161 -> #DIV/0! | P89: =Person_1!L13 -> #DIV/0! | Q89: =Person_1!L50 -> #DIV/0! | R89: =Person_1!L87 -> #DIV/0! | S89: =Person_1!L124 -> #DIV/0! | T89: =Person_1!L161 -> #DIV/0! | U89: =Person_2!L13 -> #DIV/0! | V89: =Person_2!L50 -> #DIV/0! | W89: =Person_2!L87 -> #DIV/0! | X89: =Person_2!L124 -> #DIV/0! | Y89: =Person_2!L161 -> #DIV/0!
J90: 9 | K90: =Person_0!L14 -> #DIV/0! | L90: =Person_0!L51 -> #DIV/0! | M90: =Person_0!L88 -> #DIV/0! | N90: =Person_0!L125 -> #DIV/0! | O90: =Person_0!L162 -> #DIV/0! | P90: =Person_1!L14 -> #DIV/0! | Q90: =Person_1!L51 -> #DIV/0! | R90: =Person_1!L88 -> #DIV/0! | S90: =Person_1!L125 -> #DIV/0! | T90: =Person_1!L162 -> #DIV/0! | U90: =Person_2!L14 -> #DIV/0! | V90: =Person_2!L51 -> #DIV/0! | W90: =Person_2!L88 -> #DIV/0! | X90: =Person_2!L125 -> #DIV/0! | Y90: =Person_2!L162 -> #DIV/0!
J91: 10 | K91: =Person_0!L15 -> #DIV/0! | L91: =Person_0!L52 -> #DIV/0! | M91: =Person_0!L89 -> #DIV/0! | N91: =Person_0!L126 -> #DIV/0! | O91: =Person_0!L163 -> #DIV/0! | P91: =Person_1!L15 -> #DIV/0! | Q91: =Person_1!L52 -> #DIV/0! | R91: =Person_1!L89 -> #DIV/0! | S91: =Person_1!L126 -> #DIV/0! | T91: =Person_1!L163 -> #DIV/0! | U91: =Person_2!L15 -> #DIV/0! | V91: =Person_2!L52 -> #DIV/0! | W91: =Person_2!L89 -> #DIV/0! | X91: =Person_2!L126 -> #DIV/0! | Y91: =Person_2!L163 -> #DIV/0!
J92: 11 | K92: =Person_0!L16 -> #DIV/0! | L92: =Person_0!L53 -> #DIV/0! | M92: =Person_0!L90 -> #DIV/0! | N92: =Person_0!L127 -> #DIV/0! | O92: =Person_0!L164 -> #DIV/0! | P92: =Person_1!L16 -> #DIV/0! | Q92: =Person_1!L53 -> #DIV/0! | R92: =Person_1!L90 -> #DIV/0! | S92: =Person_1!L127 -> #DIV/0! | T92: =Person_1!L164 -> #DIV/0! | U92: =Person_2!L16 -> #DIV/0! | V92: =Person_2!L53 -> #DIV/0! | W92: =Person_2!L90 -> #DIV/0! | X92: =Person_2!L127 -> #DIV/0! | Y92: =Person_2!L164 -> #DIV/0!
J93: 12 | K93: =Person_0!L17 -> #DIV/0! | L93: =Person_0!L54 -> #DIV/0! | M93: =Person_0!L91 -> #DIV/0! | N93: =Person_0!L128 -> #DIV/0! | O93: =Person_0!L165 -> #DIV/0! | P93: =Person_1!L17 -> #DIV/0! | Q93: =Person_1!L54 -> #DIV/0! | R93: =Person_1!L91 -> #DIV/0! | S93: =Person_1!L128 -> #DIV/0! | T93: =Person_1!L165 -> #DIV/0! | U93: =Person_2!L17 -> #DIV/0! | V93: =Person_2!L54 -> #DIV/0! | W93: =Person_2!L91 -> #DIV/0! | X93: =Person_2!L128 -> #DIV/0! | Y93: =Person_2!L165 -> #DIV/0!
... J111: 30 | K111: =Person_0!L35 -> #DIV/0! | L111: =Person_0!L72 -> #DIV/0! | M111: =Person_0!L109 -> #DIV/0! | N111: =Person_0!L146 -> #DIV/0! | O111: =Person_0!L183 -> #DIV/0! | P111: =Person_1!L35 -> #DIV/0! | Q111: =Person_1!L72 -> #DIV/0! | R111: =Person_1!L109 -> #DIV/0! | S111: =Person_1!L146 -> #DIV/0! | T111: =Person_1!L183 -> #DIV/0! | U111: =Person_2!L35 -> #DIV/0! | V111: =Person_2!L72 -> #DIV/0! | W111: =Person_2!L109 -> #DIV/0! | X111: =Person_2!L146 -> #DIV/0! | Y111: =Person_2!L183 -> #DIV/0!
J120: ID | K120: =K43 -> P1 (0.25) | L120: =L43 -> P1 (0.5) | M120: =M43 -> P1 (1.0) | N120: =N43 -> P1 (2.0) | O120: =O43 -> P1 (3.0) | P120: =P43 -> P2 (0.25) | Q120: =Q43 -> P2 (0.5) | R120: =R43 -> P2 (1.0) | ... Y120: =Y43 -> P3 (3.0)
J121: 1 | K121: =Person_0!M6 -> #DIV/0! | L121: =Person_0!M43 -> #DIV/0! | M121: =Person_0!M80 -> #DIV/0! | N121: =Person_0!M117 -> #DIV/0! | O121: =Person_0!M154 -> #DIV/0! | P121: =Person_1!M6 -> #DIV/0! | Q121: =Person_1!M43 -> #DIV/0! | R121: =Person_1!M80 -> #DIV/0! | S121: =Person_1!M117 -> #DIV/0! | T121: =Person_1!M154 -> #DIV/0! | U121: =Person_2!M6 -> #DIV/0! | V121: =Person_2!M43 -> #DIV/0! | W121: =Person_2!M80 -> #DIV/0! | X121: =Person_2!M117 -> #DIV/0! | Y121: =Person_2!M154 -> #DIV/0!
J122: 2 | K122: =Person_0!M7 -> #DIV/0! | L122: =Person_0!M44 -> #DIV/0! | M122: =Person_0!M81 -> #DIV/0! | N122: =Person_0!M118 -> #DIV/0! | O122: =Person_0!M155 -> #DIV/0! | P122: =Person_1!M7 -> #DIV/0! | Q122: =Person_1!M44 -> #DIV/0! | R122: =Person_1!M81 -> #DIV/0! | S122: =Person_1!M118 -> #DIV/0! | T122: =Person_1!M155 -> #DIV/0! | U122: =Person_2!M7 -> #DIV/0! | V122: =Person_2!M44 -> #DIV/0! | W122: =Person_2!M81 -> #DIV/0! | X122: =Person_2!M118 -> #DIV/0! | Y122: =Person_2!M155 -> #DIV/0!
J123: 3 | K123: =Person_0!M8 -> #DIV/0! | L123: =Person_0!M45 -> #DIV/0! | M123: =Person_0!M82 -> #DIV/0! | N123: =Person_0!M119 -> #DIV/0! | O123: =Person_0!M156 -> #DIV/0! | P123: =Person_1!M8 -> #DIV/0! | Q123: =Person_1!M45 -> #DIV/0! | R123: =Person_1!M82 -> #DIV/0! | S123: =Person_1!M119 -> #DIV/0! | T123: =Person_1!M156 -> #DIV/0! | U123: =Person_2!M8 -> #DIV/0! | V123: =Person_2!M45 -> #DIV/0! | W123: =Person_2!M82 -> #DIV/0! | X123: =Person_2!M119 -> #DIV/0! | Y123: =Person_2!M156 -> #DIV/0!
J124: 4 | K124: =Person_0!M9 -> #DIV/0! | L124: =Person_0!M46 -> #DIV/0! | M124: =Person_0!M83 -> #DIV/0! | N124: =Person_0!M120 -> #DIV/0! | O124: =Person_0!M157 -> #DIV/0! | P124: =Person_1!M9 -> #DIV/0! | Q124: =Person_1!M46 -> #DIV/0! | R124: =Person_1!M83 -> #DIV/0! | S124: =Person_1!M120 -> #DIV/0! | T124: =Person_1!M157 -> #DIV/0! | U124: =Person_2!M9 -> #DIV/0! | V124: =Person_2!M46 -> #DIV/0! | W124: =Person_2!M83 -> #DIV/0! | X124: =Person_2!M120 -> #DIV/0! | Y124: =Person_2!M157 -> #DIV/0!
J125: 5 | K125: =Person_0!M10 -> #DIV/0! | L125: =Person_0!M47 -> #DIV/0! | M125: =Person_0!M84 -> #DIV/0! | N125: =Person_0!M121 -> #DIV/0! | O125: =Person_0!M158 -> #DIV/0! | P125: =Person_1!M10 -> #DIV/0! | Q125: =Person_1!M47 -> #DIV/0! | R125: =Person_1!M84 -> #DIV/0! | S125: =Person_1!M121 -> #DIV/0! | T125: =Person_1!M158 -> #DIV/0! | U125: =Person_2!M10 -> #DIV/0! | V125: =Person_2!M47 -> #DIV/0! | W125: =Person_2!M84 -> #DIV/0! | X125: =Person_2!M121 -> #DIV/0! | Y125: =Person_2!M158 -> #DIV/0!
J126: 6 | K126: =Person_0!M11 -> #DIV/0! | L126: =Person_0!M48 -> #DIV/0! | M126: =Person_0!M85 -> #DIV/0! | N126: =Person_0!M122 -> #DIV/0! | O126: =Person_0!M159 -> #DIV/0! | P126: =Person_1!M11 -> #DIV/0! | Q126: =Person_1!M48 -> #DIV/0! | R126: =Person_1!M85 -> #DIV/0! | S126: =Person_1!M122 -> #DIV/0! | T126: =Person_1!M159 -> #DIV/0! | U126: =Person_2!M11 -> #DIV/0! | V126: =Person_2!M48 -> #DIV/0! | W126: =Person_2!M85 -> #DIV/0! | X126: =Person_2!M122 -> #DIV/0! | Y126: =Person_2!M159 -> #DIV/0!
J127: 7 | K127: =Person_0!M12 -> #DIV/0! | L127: =Person_0!M49 -> #DIV/0! | M127: =Person_0!M86 -> #DIV/0! | N127: =Person_0!M123 -> #DIV/0! | O127: =Person_0!M160 -> #DIV/0! | P127: =Person_1!M12 -> #DIV/0! | Q127: =Person_1!M49 -> #DIV/0! | R127: =Person_1!M86 -> #DIV/0! | S127: =Person_1!M123 -> #DIV/0! | T127: =Person_1!M160 -> #DIV/0! | U127: =Person_2!M12 -> #DIV/0! | V127: =Person_2!M49 -> #DIV/0! | W127: =Person_2!M86 -> #DIV/0! | X127: =Person_2!M123 -> #DIV/0! | Y127: =Person_2!M160 -> #DIV/0!
J128: 8 | K128: =Person_0!M13 -> #DIV/0! | L128: =Person_0!M50 -> #DIV/0! | M128: =Person_0!M87 -> #DIV/0! | N128: =Person_0!M124 -> #DIV/0! | O128: =Person_0!M161 -> #DIV/0! | P128: =Person_1!M13 -> #DIV/0! | Q128: =Person_1!M50 -> #DIV/0! | R128: =Person_1!M87 -> #DIV/0! | S128: =Person_1!M124 -> #DIV/0! | T128: =Person_1!M161 -> #DIV/0! | U128: =Person_2!M13 -> #DIV/0! | V128: =Person_2!M50 -> #DIV/0! | W128: =Person_2!M87 -> #DIV/0! | X128: =Person_2!M124 -> #DIV/0! | Y128: =Person_2!M161 -> #DIV/0!
J129: 9 | K129: =Person_0!M14 -> #DIV/0! | L129: =Person_0!M51 -> #DIV/0! | M129: =Person_0!M88 -> #DIV/0! | N129: =Person_0!M125 -> #DIV/0! | O129: =Person_0!M162 -> #DIV/0! | P129: =Person_1!M14 -> #DIV/0! | Q129: =Person_1!M51 -> #DIV/0! | R129: =Person_1!M88 -> #DIV/0! | S129: =Person_1!M125 -> #DIV/0! | T129: =Person_1!M162 -> #DIV/0! | U129: =Person_2!M14 -> #DIV/0! | V129: =Person_2!M51 -> #DIV/0! | W129: =Person_2!M88 -> #DIV/0! | X129: =Person_2!M125 -> #DIV/0! | Y129: =Person_2!M162 -> #DIV/0!
J130: 10 | K130: =Person_0!M15 -> #DIV/0! | L130: =Person_0!M52 -> #DIV/0! | M130: =Person_0!M89 -> #DIV/0! | N130: =Person_0!M126 -> #DIV/0! | O130: =Person_0!M163 -> #DIV/0! | P130: =Person_1!M15 -> #DIV/0! | Q130: =Person_1!M52 -> #DIV/0! | R130: =Person_1!M89 -> #DIV/0! | S130: =Person_1!M126 -> #DIV/0! | T130: =Person_1!M163 -> #DIV/0! | U130: =Person_2!M15 -> #DIV/0! | V130: =Person_2!M52 -> #DIV/0! | W130: =Person_2!M89 -> #DIV/0! | X130: =Person_2!M126 -> #DIV/0! | Y130: =Person_2!M163 -> #DIV/0!
J131: 11 | K131: =Person_0!M16 -> #DIV/0! | L131: =Person_0!M53 -> #DIV/0! | M131: =Person_0!M90 -> #DIV/0! | N131: =Person_0!M127 -> #DIV/0! | O131: =Person_0!M164 -> #DIV/0! | P131: =Person_1!M16 -> #DIV/0! | Q131: =Person_1!M53 -> #DIV/0! | R131: =Person_1!M90 -> #DIV/0! | S131: =Person_1!M127 -> #DIV/0! | T131: =Person_1!M164 -> #DIV/0! | U131: =Person_2!M16 -> #DIV/0! | V131: =Person_2!M53 -> #DIV/0! | W131: =Person_2!M90 -> #DIV/0! | X131: =Person_2!M127 -> #DIV/0! | Y131: =Person_2!M164 -> #DIV/0!
J132: 12 | K132: =Person_0!M17 -> #DIV/0! | L132: =Person_0!M54 -> #DIV/0! | M132: =Person_0!M91 -> #DIV/0! | N132: =Person_0!M128 -> #DIV/0! | O132: =Person_0!M165 -> #DIV/0! | P132: =Person_1!M17 -> #DIV/0! | Q132: =Person_1!M54 -> #DIV/0! | R132: =Person_1!M91 -> #DIV/0! | S132: =Person_1!M128 -> #DIV/0! | T132: =Person_1!M165 -> #DIV/0! | U132: =Person_2!M17 -> #DIV/0! | V132: =Person_2!M54 -> #DIV/0! | W132: =Person_2!M91 -> #DIV/0! | X132: =Person_2!M128 -> #DIV/0! | Y132: =Person_2!M165 -> #DIV/0!
... J150: 30 | K150: =Person_0!M35 -> #DIV/0! | L150: =Person_0!M72 -> #DIV/0! | M150: =Person_0!M109 -> #DIV/0! | N150: =Person_0!M146 -> #DIV/0! | O150: =Person_0!M183 -> #DIV/0! | P150: =Person_1!M35 -> #DIV/0! | Q150: =Person_1!M72 -> #DIV/0! | R150: =Person_1!M109 -> #DIV/0! | S150: =Person_1!M146 -> #DIV/0! | T150: =Person_1!M183 -> #DIV/0! | U150: =Person_2!M35 -> #DIV/0! | V150: =Person_2!M72 -> #DIV/0! | W150: =Person_2!M109 -> #DIV/0! | X150: =Person_2!M146 -> #DIV/0! | Y150: =Person_2!M183 -> #DIV/0!
J157: ID | K157: =K43 -> P1 (0.25) | L157: =L43 -> P1 (0.5) | M157: =M43 -> P1 (1.0) | N157: =N43 -> P1 (2.0) | O157: =O43 -> P1 (3.0) | P157: =P43 -> P2 (0.25) | Q157: =Q43 -> P2 (0.5) | R157: =R43 -> P2 (1.0) | ... Y157: =Y43 -> P3 (3.0)
J158: 1 | K158: =Person_0!N6 -> #DIV/0! | L158: =Person_0!N43 -> #DIV/0! | M158: =Person_0!N80 -> #DIV/0! | N158: =Person_0!N117 -> #DIV/0! | O158: =Person_0!N154 -> #DIV/0! | P158: =Person_1!N6 -> #DIV/0! | Q158: =Person_1!N43 -> #DIV/0! | R158: =Person_1!N80 -> #DIV/0! | S158: =Person_1!N117 -> #DIV/0! | T158: =Person_1!N154 -> #DIV/0! | U158: =Person_2!N6 -> #DIV/0! | V158: =Person_2!N43 -> #DIV/0! | W158: =Person_2!N80 -> #DIV/0! | X158: =Person_2!N117 -> #DIV/0! | Y158: =Person_2!N154 -> #DIV/0!
J159: 2 | K159: =Person_0!N7 -> #DIV/0! | L159: =Person_0!N44 -> #DIV/0! | M159: =Person_0!N81 -> #DIV/0! | N159: =Person_0!N118 -> #DIV/0! | O159: =Person_0!N155 -> #DIV/0! | P159: =Person_1!N7 -> #DIV/0! | Q159: =Person_1!N44 -> #DIV/0! | R159: =Person_1!N81 -> #DIV/0! | S159: =Person_1!N118 -> #DIV/0! | T159: =Person_1!N155 -> #DIV/0! | U159: =Person_2!N7 -> #DIV/0! | V159: =Person_2!N44 -> #DIV/0! | W159: =Person_2!N81 -> #DIV/0! | X159: =Person_2!N118 -> #DIV/0! | Y159: =Person_2!N155 -> #DIV/0!
J160: 3 | K160: =Person_0!N8 -> #DIV/0! | L160: =Person_0!N45 -> #DIV/0! | M160: =Person_0!N82 -> #DIV/0! | N160: =Person_0!N119 -> #DIV/0! | O160: =Person_0!N156 -> #DIV/0! | P160: =Person_1!N8 -> #DIV/0! | Q160: =Person_1!N45 -> #DIV/0! | R160: =Person_1!N82 -> #DIV/0! | S160: =Person_1!N119 -> #DIV/0! | T160: =Person_1!N156 -> #DIV/0! | U160: =Person_2!N8 -> #DIV/0! | V160: =Person_2!N45 -> #DIV/0! | W160: =Person_2!N82 -> #DIV/0! | X160: =Person_2!N119 -> #DIV/0! | Y160: =Person_2!N156 -> #DIV/0!
J161: 4 | K161: =Person_0!N9 -> #DIV/0! | L161: =Person_0!N46 -> #DIV/0! | M161: =Person_0!N83 -> #DIV/0! | N161: =Person_0!N120 -> #DIV/0! | O161: =Person_0!N157 -> #DIV/0! | P161: =Person_1!N9 -> #DIV/0! | Q161: =Person_1!N46 -> #DIV/0! | R161: =Person_1!N83 -> #DIV/0! | S161: =Person_1!N120 -> #DIV/0! | T161: =Person_1!N157 -> #DIV/0! | U161: =Person_2!N9 -> #DIV/0! | V161: =Person_2!N46 -> #DIV/0! | W161: =Person_2!N83 -> #DIV/0! | X161: =Person_2!N120 -> #DIV/0! | Y161: =Person_2!N157 -> #DIV/0!
J162: 5 | K162: =Person_0!N10 -> #DIV/0! | L162: =Person_0!N47 -> #DIV/0! | M162: =Person_0!N84 -> #DIV/0! | N162: =Person_0!N121 -> #DIV/0! | O162: =Person_0!N158 -> #DIV/0! | P162: =Person_1!N10 -> #DIV/0! | Q162: =Person_1!N47 -> #DIV/0! | R162: =Person_1!N84 -> #DIV/0! | S162: =Person_1!N121 -> #DIV/0! | T162: =Person_1!N158 -> #DIV/0! | U162: =Person_2!N10 -> #DIV/0! | V162: =Person_2!N47 -> #DIV/0! | W162: =Person_2!N84 -> #DIV/0! | X162: =Person_2!N121 -> #DIV/0! | Y162: =Person_2!N158 -> #DIV/0!
J163: 6 | K163: =Person_0!N11 -> #DIV/0! | L163: =Person_0!N48 -> #DIV/0! | M163: =Person_0!N85 -> #DIV/0! | N163: =Person_0!N122 -> #DIV/0! | O163: =Person_0!N159 -> #DIV/0! | P163: =Person_1!N11 -> #DIV/0! | Q163: =Person_1!N48 -> #DIV/0! | R163: =Person_1!N85 -> #DIV/0! | S163: =Person_1!N122 -> #DIV/0! | T163: =Person_1!N159 -> #DIV/0! | U163: =Person_2!N11 -> #DIV/0! | V163: =Person_2!N48 -> #DIV/0! | W163: =Person_2!N85 -> #DIV/0! | X163: =Person_2!N122 -> #DIV/0! | Y163: =Person_2!N159 -> #DIV/0!
J164: 7 | K164: =Person_0!N12 -> #DIV/0! | L164: =Person_0!N49 -> #DIV/0! | M164: =Person_0!N86 -> #DIV/0! | N164: =Person_0!N123 -> #DIV/0! | O164: =Person_0!N160 -> #DIV/0! | P164: =Person_1!N12 -> #DIV/0! | Q164: =Person_1!N49 -> #DIV/0! | R164: =Person_1!N86 -> #DIV/0! | S164: =Person_1!N123 -> #DIV/0! | T164: =Person_1!N160 -> #DIV/0! | U164: =Person_2!N12 -> #DIV/0! | V164: =Person_2!N49 -> #DIV/0! | W164: =Person_2!N86 -> #DIV/0! | X164: =Person_2!N123 -> #DIV/0! | Y164: =Person_2!N160 -> #DIV/0!
J165: 8 | K165: =Person_0!N13 -> #DIV/0! | L165: =Person_0!N50 -> #DIV/0! | M165: =Person_0!N87 -> #DIV/0! | N165: =Person_0!N124 -> #DIV/0! | O165: =Person_0!N161 -> #DIV/0! | P165: =Person_1!N13 -> #DIV/0! | Q165: =Person_1!N50 -> #DIV/0! | R165: =Person_1!N87 -> #DIV/0! | S165: =Person_1!N124 -> #DIV/0! | T165: =Person_1!N161 -> #DIV/0! | U165: =Person_2!N13 -> #DIV/0! | V165: =Person_2!N50 -> #DIV/0! | W165: =Person_2!N87 -> #DIV/0! | X165: =Person_2!N124 -> #DIV/0! | Y165: =Person_2!N161 -> #DIV/0!
J166: 9 | K166: =Person_0!N14 -> #DIV/0! | L166: =Person_0!N51 -> #DIV/0! | M166: =Person_0!N88 -> #DIV/0! | N166: =Person_0!N125 -> #DIV/0! | O166: =Person_0!N162 -> #DIV/0! | P166: =Person_1!N14 -> #DIV/0! | Q166: =Person_1!N51 -> #DIV/0! | R166: =Person_1!N88 -> #DIV/0! | S166: =Person_1!N125 -> #DIV/0! | T166: =Person_1!N162 -> #DIV/0! | U166: =Person_2!N14 -> #DIV/0! | V166: =Person_2!N51 -> #DIV/0! | W166: =Person_2!N88 -> #DIV/0! | X166: =Person_2!N125 -> #DIV/0! | Y166: =Person_2!N162 -> #DIV/0!
J167: 10 | K167: =Person_0!N15 -> #DIV/0! | L167: =Person_0!N52 -> #DIV/0! | M167: =Person_0!N89 -> #DIV/0! | N167: =Person_0!N126 -> #DIV/0! | O167: =Person_0!N163 -> #DIV/0! | P167: =Person_1!N15 -> #DIV/0! | Q167: =Person_1!N52 -> #DIV/0! | R167: =Person_1!N89 -> #DIV/0! | S167: =Person_1!N126 -> #DIV/0! | T167: =Person_1!N163 -> #DIV/0! | U167: =Person_2!N15 -> #DIV/0! | V167: =Person_2!N52 -> #DIV/0! | W167: =Person_2!N89 -> #DIV/0! | X167: =Person_2!N126 -> #DIV/0! | Y167: =Person_2!N163 -> #DIV/0!
J168: 11 | K168: =Person_0!N16 -> #DIV/0! | L168: =Person_0!N53 -> #DIV/0! | M168: =Person_0!N90 -> #DIV/0! | N168: =Person_0!N127 -> #DIV/0! | O168: =Person_0!N164 -> #DIV/0! | P168: =Person_1!N16 -> #DIV/0! | Q168: =Person_1!N53 -> #DIV/0! | R168: =Person_1!N90 -> #DIV/0! | S168: =Person_1!N127 -> #DIV/0! | T168: =Person_1!N164 -> #DIV/0! | U168: =Person_2!N16 -> #DIV/0! | V168: =Person_2!N53 -> #DIV/0! | W168: =Person_2!N90 -> #DIV/0! | X168: =Person_2!N127 -> #DIV/0! | Y168: =Person_2!N164 -> #DIV/0!
J169: 12 | K169: =Person_0!N17 -> #DIV/0! | L169: =Person_0!N54 -> #DIV/0! | M169: =Person_0!N91 -> #DIV/0! | N169: =Person_0!N128 -> #DIV/0! | O169: =Person_0!N165 -> #DIV/0! | P169: =Person_1!N17 -> #DIV/0! | Q169: =Person_1!N54 -> #DIV/0! | R169: =Person_1!N91 -> #DIV/0! | S169: =Person_1!N128 -> #DIV/0! | T169: =Person_1!N165 -> #DIV/0! | U169: =Person_2!N17 -> #DIV/0! | V169: =Person_2!N54 -> #DIV/0! | W169: =Person_2!N91 -> #DIV/0! | X169: =Person_2!N128 -> #DIV/0! | Y169: =Person_2!N165 -> #DIV/0!
... J187: 30 | K187: =Person_0!N35 -> #DIV/0! | L187: =Person_0!N72 -> #DIV/0! | M187: =Person_0!N109 -> #DIV/0! | N187: =Person_0!N146 -> #DIV/0! | O187: =Person_0!N183 -> #DIV/0! | P187: =Person_1!N35 -> #DIV/0! | Q187: =Person_1!N72 -> #DIV/0! | R187: =Person_1!N109 -> #DIV/0! | S187: =Person_1!N146 -> #DIV/0! | T187: =Person_1!N183 -> #DIV/0! | U187: =Person_2!N35 -> #DIV/0! | V187: =Person_2!N72 -> #DIV/0! | W187: =Person_2!N109 -> #DIV/0! | X187: =Person_2!N146 -> #DIV/0! | Y187: =Person_2!N183 -> #DIV/0!
J194: ID | K194: =K43 -> P1 (0.25) | L194: =L43 -> P1 (0.5) | M194: =M43 -> P1 (1.0) | N194: =N43 -> P1 (2.0) | O194: =O43 -> P1 (3.0) | P194: =P43 -> P2 (0.25) | Q194: =Q43 -> P2 (0.5) | R194: =R43 -> P2 (1.0) | ... Y194: =Y43 -> P3 (3.0)
J195: 1 | K195: =Person_0!O6 -> #DIV/0! | L195: =Person_0!O43 -> #DIV/0! | M195: =Person_0!O80 -> #DIV/0! | N195: =Person_0!O117 -> #DIV/0! | O195: =Person_0!O154 -> #DIV/0! | P195: =Person_1!O6 -> #DIV/0! | Q195: =Person_1!O43 -> #DIV/0! | R195: =Person_1!O80 -> #DIV/0! | S195: =Person_1!O117 -> #DIV/0! | T195: =Person_1!O154 -> #DIV/0! | U195: =Person_2!O6 -> #DIV/0! | V195: =Person_2!O43 -> #DIV/0! | W195: =Person_2!O80 -> #DIV/0! | X195: =Person_2!O117 -> #DIV/0! | Y195: =Person_2!O154 -> #DIV/0!
J196: 2 | K196: =Person_0!O7 -> #DIV/0! | L196: =Person_0!O44 -> #DIV/0! | M196: =Person_0!O81 -> #DIV/0! | N196: =Person_0!O118 -> #DIV/0! | O196: =Person_0!O155 -> #DIV/0! | P196: =Person_1!O7 -> #DIV/0! | Q196: =Person_1!O44 -> #DIV/0! | R196: =Person_1!O81 -> #DIV/0! | S196: =Person_1!O118 -> #DIV/0! | T196: =Person_1!O155 -> #DIV/0! | U196: =Person_2!O7 -> #DIV/0! | V196: =Person_2!O44 -> #DIV/0! | W196: =Person_2!O81 -> #DIV/0! | X196: =Person_2!O118 -> #DIV/0! | Y196: =Person_2!O155 -> #DIV/0!
J197: 3 | K197: =Person_0!O8 -> #DIV/0! | L197: =Person_0!O45 -> #DIV/0! | M197: =Person_0!O82 -> #DIV/0! | N197: =Person_0!O119 -> #DIV/0! | O197: =Person_0!O156 -> #DIV/0! | P197: =Person_1!O8 -> #DIV/0! | Q197: =Person_1!O45 -> #DIV/0! | R197: =Person_1!O82 -> #DIV/0! | S197: =Person_1!O119 -> #DIV/0! | T197: =Person_1!O156 -> #DIV/0! | U197: =Person_2!O8 -> #DIV/0! | V197: =Person_2!O45 -> #DIV/0! | W197: =Person_2!O82 -> #DIV/0! | X197: =Person_2!O119 -> #DIV/0! | Y197: =Person_2!O156 -> #DIV/0!
J198: 4 | K198: =Person_0!O9 -> #DIV/0! | L198: =Person_0!O46 -> #DIV/0! | M198: =Person_0!O83 -> #DIV/0! | N198: =Person_0!O120 -> #DIV/0! | O198: =Person_0!O157 -> #DIV/0! | P198: =Person_1!O9 -> #DIV/0! | Q198: =Person_1!O46 -> #DIV/0! | R198: =Person_1!O83 -> #DIV/0! | S198: =Person_1!O120 -> #DIV/0! | T198: =Person_1!O157 -> #DIV/0! | U198: =Person_2!O9 -> #DIV/0! | V198: =Person_2!O46 -> #DIV/0! | W198: =Person_2!O83 -> #DIV/0! | X198: =Person_2!O120 -> #DIV/0! | Y198: =Person_2!O157 -> #DIV/0!
J199: 5 | K199: =Person_0!O10 -> #DIV/0! | L199: =Person_0!O47 -> #DIV/0! | M199: =Person_0!O84 -> #DIV/0! | N199: =Person_0!O121 -> #DIV/0! | O199: =Person_0!O158 -> #DIV/0! | P199: =Person_1!O10 -> #DIV/0! | Q199: =Person_1!O47 -> #DIV/0! | R199: =Person_1!O84 -> #DIV/0! | S199: =Person_1!O121 -> #DIV/0! | T199: =Person_1!O158 -> #DIV/0! | U199: =Person_2!O10 -> #DIV/0! | V199: =Person_2!O47 -> #DIV/0! | W199: =Person_2!O84 -> #DIV/0! | X199: =Person_2!O121 -> #DIV/0! | Y199: =Person_2!O158 -> #DIV/0!
J200: 6 | K200: =Person_0!O11 -> #DIV/0! | L200: =Person_0!O48 -> #DIV/0! | M200: =Person_0!O85 -> #DIV/0! | N200: =Person_0!O122 -> #DIV/0! | O200: =Person_0!O159 -> #DIV/0! | P200: =Person_1!O11 -> #DIV/0! | Q200: =Person_1!O48 -> #DIV/0! | R200: =Person_1!O85 -> #DIV/0! | S200: =Person_1!O122 -> #DIV/0! | T200: =Person_1!O159 -> #DIV/0! | U200: =Person_2!O11 -> #DIV/0! | V200: =Person_2!O48 -> #DIV/0! | W200: =Person_2!O85 -> #DIV/0! | X200: =Person_2!O122 -> #DIV/0! | Y200: =Person_2!O159 -> #DIV/0!
J201: 7 | K201: =Person_0!O12 -> #DIV/0! | L201: =Person_0!O49 -> #DIV/0! | M201: =Person_0!O86 -> #DIV/0! | N201: =Person_0!O123 -> #DIV/0! | O201: =Person_0!O160 -> #DIV/0! | P201: =Person_1!O12 -> #DIV/0! | Q201: =Person_1!O49 -> #DIV/0! | R201: =Person_1!O86 -> #DIV/0! | S201: =Person_1!O123 -> #DIV/0! | T201: =Person_1!O160 -> #DIV/0! | U201: =Person_2!O12 -> #DIV/0! | V201: =Person_2!O49 -> #DIV/0! | W201: =Person_2!O86 -> #DIV/0! | X201: =Person_2!O123 -> #DIV/0! | Y201: =Person_2!O160 -> #DIV/0!
J202: 8 | K202: =Person_0!O13 -> #DIV/0! | L202: =Person_0!O50 -> #DIV/0! | M202: =Person_0!O87 -> #DIV/0! | N202: =Person_0!O124 -> #DIV/0! | O202: =Person_0!O161 -> #DIV/0! | P202: =Person_1!O13 -> #DIV/0! | Q202: =Person_1!O50 -> #DIV/0! | R202: =Person_1!O87 -> #DIV/0! | S202: =Person_1!O124 -> #DIV/0! | T202: =Person_1!O161 -> #DIV/0! | U202: =Person_2!O13 -> #DIV/0! | V202: =Person_2!O50 -> #DIV/0! | W202: =Person_2!O87 -> #DIV/0! | X202: =Person_2!O124 -> #DIV/0! | Y202: =Person_2!O161 -> #DIV/0!
J203: 9 | K203: =Person_0!O14 -> #DIV/0! | L203: =Person_0!O51 -> #DIV/0! | M203: =Person_0!O88 -> #DIV/0! | N203: =Person_0!O125 -> #DIV/0! | O203: =Person_0!O162 -> #DIV/0! | P203: =Person_1!O14 -> #DIV/0! | Q203: =Person_1!O51 -> #DIV/0! | R203: =Person_1!O88 -> #DIV/0! | S203: =Person_1!O125 -> #DIV/0! | T203: =Person_1!O162 -> #DIV/0! | U203: =Person_2!O14 -> #DIV/0! | V203: =Person_2!O51 -> #DIV/0! | W203: =Person_2!O88 -> #DIV/0! | X203: =Person_2!O125 -> #DIV/0! | Y203: =Person_2!O162 -> #DIV/0!
J204: 10 | K204: =Person_0!O15 -> #DIV/0! | L204: =Person_0!O52 -> #DIV/0! | M204: =Person_0!O89 -> #DIV/0! | N204: =Person_0!O126 -> #DIV/0! | O204: =Person_0!O163 -> #DIV/0! | P204: =Person_1!O15 -> #DIV/0! | Q204: =Person_1!O52 -> #DIV/0! | R204: =Person_1!O89 -> #DIV/0! | S204: =Person_1!O126 -> #DIV/0! | T204: =Person_1!O163 -> #DIV/0! | U204: =Person_2!O15 -> #DIV/0! | V204: =Person_2!O52 -> #DIV/0! | W204: =Person_2!O89 -> #DIV/0! | X204: =Person_2!O126 -> #DIV/0! | Y204: =Person_2!O163 -> #DIV/0!
J205: 11 | K205: =Person_0!O16 -> #DIV/0! | L205: =Person_0!O53 -> #DIV/0! | M205: =Person_0!O90 -> #DIV/0! | N205: =Person_0!O127 -> #DIV/0! | O205: =Person_0!O164 -> #DIV/0! | P205: =Person_1!O16 -> #DIV/0! | Q205: =Person_1!O53 -> #DIV/0! | R205: =Person_1!O90 -> #DIV/0! | S205: =Person_1!O127 -> #DIV/0! | T205: =Person_1!O164 -> #DIV/0! | U205: =Person_2!O16 -> #DIV/0! | V205: =Person_2!O53 -> #DIV/0! | W205: =Person_2!O90 -> #DIV/0! | X205: =Person_2!O127 -> #DIV/0! | Y205: =Person_2!O164 -> #DIV/0!
J206: 12 | K206: =Person_0!O17 -> #DIV/0! | L206: =Person_0!O54 -> #DIV/0! | M206: =Person_0!O91 -> #DIV/0! | N206: =Person_0!O128 -> #DIV/0! | O206: =Person_0!O165 -> #DIV/0! | P206: =Person_1!O17 -> #DIV/0! | Q206: =Person_1!O54 -> #DIV/0! | R206: =Person_1!O91 -> #DIV/0! | S206: =Person_1!O128 -> #DIV/0! | T206: =Person_1!O165 -> #DIV/0! | U206: =Person_2!O17 -> #DIV/0! | V206: =Person_2!O54 -> #DIV/0! | W206: =Person_2!O91 -> #DIV/0! | X206: =Person_2!O128 -> #DIV/0! | Y206: =Person_2!O165 -> #DIV/0!
... J224: 30 | K224: =Person_0!O35 -> #DIV/0! | L224: =Person_0!O72 -> #DIV/0! | M224: =Person_0!O109 -> #DIV/0! | N224: =Person_0!O146 -> #DIV/0! | O224: =Person_0!O183 -> #DIV/0! | P224: =Person_1!O35 -> #DIV/0! | Q224: =Person_1!O72 -> #DIV/0! | R224: =Person_1!O109 -> #DIV/0! | S224: =Person_1!O146 -> #DIV/0! | T224: =Person_1!O183 -> #DIV/0! | U224: =Person_2!O35 -> #DIV/0! | V224: =Person_2!O72 -> #DIV/0! | W224: =Person_2!O109 -> #DIV/0! | X224: =Person_2!O146 -> #DIV/0! | Y224: =Person_2!O183 -> #DIV/0!
