Workbook

Sheet Person_0
J3: k=0.25
Q4: 1 | V4: 2 | AA4: 3 | AF4: 4 | AK4: 5 | AP4: 6
A5: k | B5: Task 1 | C5: Task 2 | D5: Task 3 | E5: Task 4 | F5: Task 5 | G5: Task 6 | I5: ID | J5: Task 1 | K5: Task 2 | L5: Task 3 | M5: Task 4 | N5: Task 5 | O5: Task 6 | Q5: Task 2 | R5: Task 3 | S5: Task 4 | T5: Task 5 | U5: Task 6 | V5: Task 2 | W5: Task 3 | X5: Task 4 | Y5: Task 5 | Z5: Task 6 | AA5: Task 2 | AB5: Task 3 | AC5: Task 4 | AD5: Task 5 | AE5: Task 6 | AF5: Task 2 | AG5: Task 3 | AH5: Task 4 | AI5: Task 5 | AJ5: Task 6 | AK5: Task 2 | AL5: Task 3 | AM5: Task 4 | AN5: Task 5 | AO5: Task 6 | AP5: Task 2 | AQ5: Task 3 | AR5: Task 4 | AS5: Task 5 | AT5: Task 6 | AV5: =A6 -> 0.25 | AW5: Task 2 | AX5: Task 3 | AY5: Task 4 | AZ5: Task 5 | BA5: Task 6
A6: 0.25 | B6: =AVERAGE(J6:J35) -> 0.97771712 | C6: =AVERAGE(K6:K35) -> 0.82111599 | D6: =AVERAGE(L6:L35) -> 0.64512126 | E6: =AVERAGE(M6:M35) -> #DIV/0! | F6: =AVERAGE(N6:N35) -> #DIV/0! | G6: =AVERAGE(O6:O35) -> #DIV/0! | J6: 0.96494845 | K6: =AVERAGE(Q6,V6,AA6,AF6,AK6,AP6) -> 0.83195876 | L6: =AVERAGE(R6,W6,AB6,AG6,AL6,AQ6) -> 0.48731466 | M6: =AVERAGE(S6,X6,AC6,AH6,AM6,AR6) -> #DIV/0! | N6: =AVERAGE(T6,Y6,AD6,AI6,AN6,AS6) -> #DIV/0! | O6: =AVERAGE(U6,Z6,AE6,AJ6,AO6,AT6) -> #DIV/0! | Q6: 0.82474227 | R6: 0.53706755 | V6: 0.83505155 | W6: 0.58484349 | AA6: 0.91494845 | AB6: 0.50576606 | AF6: 0.79896907 | AG6: 0.45963756 | AK6: 0.78608247 | AL6: 0.34925865 | AV6: 1 | AW6: =$Q$37 -> 0.81789744 | AX6: =$R$37 -> 0.64662221 | AY6: =$S$37 -> #DIV/0! | AZ6: =$T$37 -> #DIV/0! | BA6: =$U$37 -> #DIV/0!
A7: 0.5 | B7: =AVERAGE(J43:J72) -> 0.97733109 | C7: =AVERAGE(K43:K72) -> 0.8352316 | D7: =AVERAGE(L43:L72) -> 0.67190365 | E7: =AVERAGE(M43:M72) -> #DIV/0! | F7: =AVERAGE(N43:N72) -> #DIV/0! | G7: =AVERAGE(O43:O72) -> #DIV/0! | J7: 0.97702703 | K7: =AVERAGE(Q7,V7,AA7,AF7,AK7,AP7) -> 0.80810811 | L7: =AVERAGE(R7,W7,AB7,AG7,AL7,AQ7) -> 0.59269103 | M7: =AVERAGE(S7,X7,AC7,AH7,AM7,AR7) -> #DIV/0! | N7: =AVERAGE(T7,Y7,AD7,AI7,AN7,AS7) -> #DIV/0! | O7: =AVERAGE(U7,Z7,AE7,AJ7,AO7,AT7) -> #DIV/0! | Q7: 0.83108108 | R7: 0.58637874 | V7: 0.86486486 | W7: 0.52657807 | AA7: 0.82432432 | AB7: 0.60299003 | AF7: 0.64864865 | AG7: 0.61461794 | AK7: 0.87162162 | AL7: 0.63289037 | AV7: 2 | AW7: =$V$37 -> 0.82420435 | AX7: =$W$37 -> 0.65021874 | AY7: =$X$37 -> #DIV/0! | AZ7: =$Y$37 -> #DIV/0! | BA7: =$Z$37 -> #DIV/0!
A8: 1 | B8: =AVERAGE(J80:J109) -> 0.97661224 | C8: =AVERAGE(K80:K109) -> 0.85786553 | D8: =AVERAGE(L80:L109) -> 0.67638602 | E8: =AVERAGE(M80:M109) -> #DIV/0! | F8: =AVERAGE(N80:N109) -> #DIV/0! | G8: =AVERAGE(O80:O109) -> #DIV/0! | J8: 0.994375 | K8: =AVERAGE(Q8,V8,AA8,AF8,AK8,AP8) -> 0.89875 | L8: =AVERAGE(R8,W8,AB8,AG8,AL8,AQ8) -> 0.72996633 | M8: =AVERAGE(S8,X8,AC8,AH8,AM8,AR8) -> #DIV/0! | N8: =AVERAGE(T8,Y8,AD8,AI8,AN8,AS8) -> #DIV/0! | O8: =AVERAGE(U8,Z8,AE8,AJ8,AO8,AT8) -> #DIV/0! | Q8: 0.8875 | R8: 0.74242424 | V8: 0.91875 | W8: 0.68518519 | AA8: 0.85625 | AB8: 0.72895623 | AF8: 0.871875 | AG8: 0.75252525 | AK8: 0.959375 | AL8: 0.74074074 | AV8: 3 | AW8: =$AA$37 -> 0.82747399 | AX8: =$AB$37 -> 0.6341166 | AY8: =$AC$37 -> #DIV/0! | AZ8: =$AD$37 -> #DIV/0! | BA8: =$AE$37 -> #DIV/0!
A9: 2 | B9: =AVERAGE(J117:J146) -> 0.97792353 | C9: =AVERAGE(K117:K146) -> 0.85223348 | D9: =AVERAGE(L117:L146) -> 0.67936394 | E9: =AVERAGE(M117:M146) -> #DIV/0! | F9: =AVERAGE(N117:N146) -> #DIV/0! | G9: =AVERAGE(O117:O146) -> #DIV/0! | J9: 0.99705882 | K9: =AVERAGE(Q9,V9,AA9,AF9,AK9,AP9) -> 0.93431373 | L9: =AVERAGE(R9,W9,AB9,AG9,AL9,AQ9) -> 0.68506616 | M9: =AVERAGE(S9,X9,AC9,AH9,AM9,AR9) -> #DIV/0! | N9: =AVERAGE(T9,Y9,AD9,AI9,AN9,AS9) -> #DIV/0! | O9: =AVERAGE(U9,Z9,AE9,AJ9,AO9,AT9) -> #DIV/0! | Q9: 0.94117647 | R9: 0.80151229 | V9: 0.80882353 | W9: 0.56521739 | AA9: 0.97058824 | AB9: 0.35349716 | AF9: 0.98529412 | AG9: 0.82797732 | AK9: 0.96568627 | AL9: 0.87712665 | AV9: 4 | AW9: =$AF$37 -> 0.814566 | AX9: =$AG$37 -> 0.64214174 | AY9: =$AH$37 -> #DIV/0! | AZ9: =$AI$37 -> #DIV/0! | BA9: =$AJ$37 -> #DIV/0!
A10: 3 | B10: =AVERAGE(J154:J183) -> 0.97710003 | C10: =AVERAGE(K154:K183) -> 0.85932622 | D10: =AVERAGE(L154:L183) -> 0.64845604 | E10: =AVERAGE(M154:M183) -> #DIV/0! | F10: =AVERAGE(N154:N183) -> #DIV/0! | G10: =AVERAGE(O154:O183) -> #DIV/0! | J10: 0.97087379 | K10: =AVERAGE(Q10,V10,AA10,AF10,AK10,AP10) -> 0.83592233 | L10: =AVERAGE(R10,W10,AB10,AG10,AL10,AQ10) -> 0.69792844 | M10: =AVERAGE(S10,X10,AC10,AH10,AM10,AR10) -> #DIV/0! | N10: =AVERAGE(T10,Y10,AD10,AI10,AN10,AS10) -> #DIV/0! | O10: =AVERAGE(U10,Z10,AE10,AJ10,AO10,AT10) -> #DIV/0! | Q10: 0.81553398 | R10: 0.70998117 | V10: 0.82524272 | W10: 0.7212806 | AA10: 0.82038835 | AB10: 0.61581921 | AF10: 0.80582524 | AG10: 0.68173258 | AK10: 0.91262136 | AL10: 0.76082863 | AV10: 5 | AW10: =$AK$37 -> 0.82143818 | AX10: =$AL$37 -> 0.652507 | AY10: =$AM$37 -> #DIV/0! | AZ10: =$AN$37 -> #DIV/0! | BA10: =$AO$37 -> #DIV/0!
J11: 0.98364312 | K11: =AVERAGE(Q11,V11,AA11,AF11,AK11,AP11) -> 0.77918216 | L11: =AVERAGE(R11,W11,AB11,AG11,AL11,AQ11) -> 0.54309764 | M11: =AVERAGE(S11,X11,AC11,AH11,AM11,AR11) -> #DIV/0! | N11: =AVERAGE(T11,Y11,AD11,AI11,AN11,AS11) -> #DIV/0! | O11: =AVERAGE(U11,Z11,AE11,AJ11,AO11,AT11) -> #DIV/0! | Q11: 0.77695167 | R11: 0.51178451 | V11: 0.84386617 | W11: 0.71885522 | AA11: 0.64312268 | AB11: 0.61279461 | AF11: 0.82899628 | AG11: 0.43097643 | AK11: 0.80297398 | AL11: 0.44107744 | AV11: 6 | AW11: =$AP$37 -> #DIV/0! | AX11: =$AQ$37 -> #DIV/0! | AY11: =$AR$37 -> #DIV/0! | AZ11: =$AS$37 -> #DIV/0! | BA11: =$AT$37 -> #DIV/0!
J12: 0.98317152 | K12: =AVERAGE(Q12,V12,AA12,AF12,AK12,AP12) -> 0.83495146 | L12: =AVERAGE(R12,W12,AB12,AG12,AL12,AQ12) -> 0.63456311 | M12: =AVERAGE(S12,X12,AC12,AH12,AM12,AR12) -> #DIV/0! | N12: =AVERAGE(T12,Y12,AD12,AI12,AN12,AS12) -> #DIV/0! | O12: =AVERAGE(U12,Z12,AE12,AJ12,AO12,AT12) -> #DIV/0! | Q12: 0.8381877 | R12: 0.54174757 | V12: 0.83495146 | W12: 0.79029126 | AA12: 0.80906149 | AB12: 0.64854369 | AF12: 0.82200647 | AG12: 0.63495146 | AK12: 0.87055016 | AL12: 0.55728155
J13: 0.96502732 | K13: =AVERAGE(Q13,V13,AA13,AF13,AK13,AP13) -> 0.7431694 | L13: =AVERAGE(R13,W13,AB13,AG13,AL13,AQ13) -> 0.58118669 | M13: =AVERAGE(S13,X13,AC13,AH13,AM13,AR13) -> #DIV/0! | N13: =AVERAGE(T13,Y13,AD13,AI13,AN13,AS13) -> #DIV/0! | O13: =AVERAGE(U13,Z13,AE13,AJ13,AO13,AT13) -> #DIV/0! | Q13: 0.80601093 | R13: 0.4602026 | V13: 0.64754098 | W13: 0.58755427 | AA13: 0.79781421 | AB13: 0.61505065 | AF13: 0.73497268 | AG13: 0.5658466 | AK13: 0.7295082 | AL13: 0.67727931
J14: 0.96099291 | K14: =AVERAGE(Q14,V14,AA14,AF14,AK14,AP14) -> 0.6141844 | L14: =AVERAGE(R14,W14,AB14,AG14,AL14,AQ14) -> 0.65619835 | M14: =AVERAGE(S14,X14,AC14,AH14,AM14,AR14) -> #DIV/0! | N14: =AVERAGE(T14,Y14,AD14,AI14,AN14,AS14) -> #DIV/0! | O14: =AVERAGE(U14,Z14,AE14,AJ14,AO14,AT14) -> #DIV/0! | Q14: 0.56382979 | R14: 0.65619835 | V14: 0.60992908 | W14: 0.63636364 | AA14: 0.70921986 | AB14: 0.6677686 | AF14: 0.64184397 | AG14: 0.70413223 | AK14: 0.54609929 | AL14: 0.61652893
J15: 0.97702703 | K15: =AVERAGE(Q15,V15,AA15,AF15,AK15,AP15) -> 0.77297297 | L15: =AVERAGE(R15,W15,AB15,AG15,AL15,AQ15) -> 0.55492487 | M15: =AVERAGE(S15,X15,AC15,AH15,AM15,AR15) -> #DIV/0! | N15: =AVERAGE(T15,Y15,AD15,AI15,AN15,AS15) -> #DIV/0! | O15: =AVERAGE(U15,Z15,AE15,AJ15,AO15,AT15) -> #DIV/0! | Q15: 0.75675676 | R15: 0.49248748 | V15: 0.78378378 | W15: 0.6293823 | AA15: 0.74324324 | AB15: 0.48580968 | AF15: 0.73310811 | AG15: 0.65609349 | AK15: 0.84797297 | AL15: 0.51085142 | AV15: =A7 -> 0.5 | AW15: Task 2 | AX15: Task 3 | AY15: Task 4 | AZ15: Task 5 | BA15: Task 6
J16: 0.95846995 | K16: =AVERAGE(Q16,V16,AA16,AF16,AK16,AP16) -> 0.71967213 | L16: =AVERAGE(R16,W16,AB16,AG16,AL16,AQ16) -> 0.52137931 | M16: =AVERAGE(S16,X16,AC16,AH16,AM16,AR16) -> #DIV/0! | N16: =AVERAGE(T16,Y16,AD16,AI16,AN16,AS16) -> #DIV/0! | O16: =AVERAGE(U16,Z16,AE16,AJ16,AO16,AT16) -> #DIV/0! | Q16: 0.73224044 | R16: 0.50862069 | V16: 0.82786885 | W16: 0.46206897 | AA16: 0.6010929 | AB16: 0.5862069 | AF16: 0.72677596 | AG16: 0.59827586 | AK16: 0.71038251 | AL16: 0.45172414 | AV16: 1 | AW16: =$Q$74 -> 0.81890592 | AX16: =$R$74 -> 0.64775623 | AY16: =$S$74 -> #DIV/0! | AZ16: =$T$74 -> #DIV/0! | BA16: =$U$74 -> #DIV/0!
J17: 0.96786704 | K17: =AVERAGE(Q17,V17,AA17,AF17,AK17,AP17) -> 0.78614958 | L17: =AVERAGE(R17,W17,AB17,AG17,AL17,AQ17) -> 0.54561404 | M17: =AVERAGE(S17,X17,AC17,AH17,AM17,AR17) -> #DIV/0! | N17: =AVERAGE(T17,Y17,AD17,AI17,AN17,AS17) -> #DIV/0! | O17: =AVERAGE(U17,Z17,AE17,AJ17,AO17,AT17) -> #DIV/0! | Q17: 0.80055402 | R17: 0.53508772 | V17: 0.81440443 | W17: 0.48070175 | AA17: 0.85595568 | AB17: 0.59298246 | AF17: 0.7700831 | AG17: 0.31403509 | AK17: 0.68975069 | AL17: 0.80526316 | AV17: 2 | AW17: =$V$74 -> 0.83503853 | AX17: =$W$74 -> 0.67022441 | AY17: =$X$74 -> #DIV/0! | AZ17: =$Y$74 -> #DIV/0! | BA17: =$Z$74 -> #DIV/0!
J18: 0.98823529 | K18: =AVERAGE(Q18,V18,AA18,AF18,AK18,AP18) -> 0.80980392 | L18: =AVERAGE(R18,W18,AB18,AG18,AL18,AQ18) -> 0.71982507 | M18: =AVERAGE(S18,X18,AC18,AH18,AM18,AR18) -> #DIV/0! | N18: =AVERAGE(T18,Y18,AD18,AI18,AN18,AS18) -> #DIV/0! | O18: =AVERAGE(U18,Z18,AE18,AJ18,AO18,AT18) -> #DIV/0! | Q18: 0.73529412 | R18: 0.69825073 | V18: 0.83986928 | W18: 0.75218659 | AA18: 0.81045752 | AB18: 0.59475219 | AF18: 0.7745098 | AG18: 0.7244898 | AK18: 0.88888889 | AL18: 0.82944606 | AV18: 3 | AW18: =$AA$74 -> 0.84046073 | AX18: =$AB$74 -> 0.68847356 | AY18: =$AC$74 -> #DIV/0! | AZ18: =$AD$74 -> #DIV/0! | BA18: =$AE$74 -> #DIV/0!
J19: 0.98216561 | K19: =AVERAGE(Q19,V19,AA19,AF19,AK19,AP19) -> 0.85541401 | L19: =AVERAGE(R19,W19,AB19,AG19,AL19,AQ19) -> 0.81361059 | M19: =AVERAGE(S19,X19,AC19,AH19,AM19,AR19) -> #DIV/0! | N19: =AVERAGE(T19,Y19,AD19,AI19,AN19,AS19) -> #DIV/0! | O19: =AVERAGE(U19,Z19,AE19,AJ19,AO19,AT19) -> #DIV/0! | Q19: 0.9044586 | R19: 0.86389414 | V19: 0.77707006 | W19: 0.71833648 | AA19: 0.92356688 | AB19: 0.80907372 | AF19: 0.85350318 | AG19: 0.82230624 | AK19: 0.81847134 | AL19: 0.85444234 | AV19: 4 | AW19: =$AF$74 -> 0.84180901 | AX19: =$AG$74 -> 0.66964356 | AY19: =$AH$74 -> #DIV/0! | AZ19: =$AI$74 -> #DIV/0! | BA19: =$AJ$74 -> #DIV/0!
J20: 0.98976744 | K20: =AVERAGE(Q20,V20,AA20,AF20,AK20,AP20) -> 0.89953488 | L20: =AVERAGE(R20,W20,AB20,AG20,AL20,AQ20) -> 0.81959459 | M20: =AVERAGE(S20,X20,AC20,AH20,AM20,AR20) -> #DIV/0! | N20: =AVERAGE(T20,Y20,AD20,AI20,AN20,AS20) -> #DIV/0! | O20: =AVERAGE(U20,Z20,AE20,AJ20,AO20,AT20) -> #DIV/0! | Q20: 0.94418605 | R20: 0.83783784 | V20: 0.89302326 | W20: 0.83783784 | AA20: 0.8744186 | AB20: 0.875 | AF20: 0.8372093 | AG20: 0.85304054 | AK20: 0.94883721 | AL20: 0.69425676 | AV20: 5 | AW20: =$AK$74 -> 0.83994384 | AX20: =$AL$74 -> 0.68342046 | AY20: =$AM$74 -> #DIV/0! | AZ20: =$AN$74 -> #DIV/0! | BA20: =$AO$74 -> #DIV/0!
J21: 0.96701571 | K21: =AVERAGE(Q21,V21,AA21,AF21,AK21,AP21) -> 0.7973822 | L21: =AVERAGE(R21,W21,AB21,AG21,AL21,AQ21) -> 0.42727273 | M21: =AVERAGE(S21,X21,AC21,AH21,AM21,AR21) -> #DIV/0! | N21: =AVERAGE(T21,Y21,AD21,AI21,AN21,AS21) -> #DIV/0! | O21: =AVERAGE(U21,Z21,AE21,AJ21,AO21,AT21) -> #DIV/0! | Q21: 0.84554974 | R21: 0.41077441 | V21: 0.72774869 | W21: 0.45117845 | AA21: 0.79057592 | AB21: 0.42255892 | AF21: 0.85602094 | AG21: 0.45286195 | AK21: 0.76701571 | AL21: 0.3989899 | AV21: 6 | AW21: =$AP$74 -> #DIV/0! | AX21: =$AQ$74 -> #DIV/0! | AY21: =$AR$74 -> #DIV/0! | AZ21: =$AS$74 -> #DIV/0! | BA21: =$AT$74 -> #DIV/0!
J22: 0.97355372 | K22: =AVERAGE(Q22,V22,AA22,AF22,AK22,AP22) -> 0.71460055 | L22: =AVERAGE(R22,W22,AB22,AG22,AL22,AQ22) -> 0.56468531 | M22: =AVERAGE(S22,X22,AC22,AH22,AM22,AR22) -> #DIV/0! | N22: =AVERAGE(T22,Y22,AD22,AI22,AN22,AS22) -> #DIV/0! | O22: =AVERAGE(U22,Z22,AE22,AJ22,AO22,AT22) -> #DIV/0! | Q22: 0.68870523 | R22: 0.52272727 | V22: 0.67217631 | W22: 0.66083916 | AA22: 0.76033058 | AB22: 0.53321678 | AF22: 0.71349862 | AG22: 0.58216783 | AK22: 0.73829201 | AL22: 0.52447552
J23: 0.97408451 | K23: =AVERAGE(Q23,V23,AA23,AF23,AK23,AP23) -> 0.78760563 | L23: =AVERAGE(R23,W23,AB23,AG23,AL23,AQ23) -> 0.54307229 | M23: =AVERAGE(S23,X23,AC23,AH23,AM23,AR23) -> #DIV/0! | N23: =AVERAGE(T23,Y23,AD23,AI23,AN23,AS23) -> #DIV/0! | O23: =AVERAGE(U23,Z23,AE23,AJ23,AO23,AT23) -> #DIV/0! | Q23: 0.78309859 | R23: 0.68674699 | V23: 0.83380282 | W23: 0.42771084 | AA23: 0.78028169 | AB23: 0.60240964 | AF23: 0.82816901 | AG23: 0.49849398 | AK23: 0.71267606 | AL23: 0.5
J24: 0.99459459 | K24: =AVERAGE(Q24,V24,AA24,AF24,AK24,AP24) -> 0.91756757 | L24: =AVERAGE(R24,W24,AB24,AG24,AL24,AQ24) -> 0.83389199 | M24: =AVERAGE(S24,X24,AC24,AH24,AM24,AR24) -> #DIV/0! | N24: =AVERAGE(T24,Y24,AD24,AI24,AN24,AS24) -> #DIV/0! | O24: =AVERAGE(U24,Z24,AE24,AJ24,AO24,AT24) -> #DIV/0! | Q24: 0.85135135 | R24: 0.75418994 | V24: 0.92567568 | W24: 0.87523277 | AA24: 0.91554054 | AB24: 0.76536313 | AF24: 0.93243243 | AG24: 0.89571695 | AK24: 0.96283784 | AL24: 0.87895717
J25: 0.97961783 | K25: =AVERAGE(Q25,V25,AA25,AF25,AK25,AP25) -> 0.90318471 | L25: =AVERAGE(R25,W25,AB25,AG25,AL25,AQ25) -> 0.67449664 | M25: =AVERAGE(S25,X25,AC25,AH25,AM25,AR25) -> #DIV/0! | N25: =AVERAGE(T25,Y25,AD25,AI25,AN25,AS25) -> #DIV/0! | O25: =AVERAGE(U25,Z25,AE25,AJ25,AO25,AT25) -> #DIV/0! | Q25: 0.88853503 | R25: 0.79697987 | V25: 0.91401274 | W25: 0.59563758 | AA25: 0.89808917 | AB25: 0.68791946 | AF25: 0.89171975 | AG25: 0.48154362 | AK25: 0.92356688 | AL25: 0.81040268 | AV25: =A8 -> 1 | AW25: Task 2 | AX25: Task 3 | AY25: Task 4 | AZ25: Task 5 | BA25: Task 6
J26: 0.98894009 | K26: =AVERAGE(Q26,V26,AA26,AF26,AK26,AP26) -> 0.75483871 | L26: =AVERAGE(R26,W26,AB26,AG26,AL26,AQ26) -> 0.72513966 | M26: =AVERAGE(S26,X26,AC26,AH26,AM26,AR26) -> #DIV/0! | N26: =AVERAGE(T26,Y26,AD26,AI26,AN26,AS26) -> #DIV/0! | O26: =AVERAGE(U26,Z26,AE26,AJ26,AO26,AT26) -> #DIV/0! | Q26: 0.65437788 | R26: 0.76163873 | V26: 0.84331797 | W26: 0.76536313 | AA26: 0.83410138 | AB26: 0.67970205 | AF26: 0.75115207 | AG26: 0.63500931 | AK26: 0.69124424 | AL26: 0.7839851 | AV26: 1 | AW26: =$Q$111 -> 0.8553969 | AX26: =$R$111 -> 0.67514764 | AY26: =$S$111 -> #DIV/0! | AZ26: =$T$111 -> #DIV/0! | BA26: =$U$111 -> #DIV/0!
J27: 0.96569343 | K27: =AVERAGE(Q27,V27,AA27,AF27,AK27,AP27) -> 0.78686131 | L27: =AVERAGE(R27,W27,AB27,AG27,AL27,AQ27) -> 0.60140351 | M27: =AVERAGE(S27,X27,AC27,AH27,AM27,AR27) -> #DIV/0! | N27: =AVERAGE(T27,Y27,AD27,AI27,AN27,AS27) -> #DIV/0! | O27: =AVERAGE(U27,Z27,AE27,AJ27,AO27,AT27) -> #DIV/0! | Q27: 0.85036496 | R27: 0.61578947 | V27: 0.77372263 | W27: 0.58245614 | AA27: 0.75547445 | AB27: 0.53859649 | AF27: 0.8649635 | AG27: 0.71578947 | AK27: 0.68978102 | AL27: 0.55438596 | AV27: 2 | AW27: =$V$111 -> 0.85482717 | AX27: =$W$111 -> 0.66939174 | AY27: =$X$111 -> #DIV/0! | AZ27: =$Y$111 -> #DIV/0! | BA27: =$Z$111 -> #DIV/0!
J28: 0.96649215 | K28: =AVERAGE(Q28,V28,AA28,AF28,AK28,AP28) -> 0.7539267 | L28: =AVERAGE(R28,W28,AB28,AG28,AL28,AQ28) -> 0.48105437 | M28: =AVERAGE(S28,X28,AC28,AH28,AM28,AR28) -> #DIV/0! | N28: =AVERAGE(T28,Y28,AD28,AI28,AN28,AS28) -> #DIV/0! | O28: =AVERAGE(U28,Z28,AE28,AJ28,AO28,AT28) -> #DIV/0! | Q28: 0.81675393 | R28: 0.47775947 | V28: 0.79581152 | W28: 0.55189456 | AA28: 0.80628272 | AB28: 0.45469522 | AF28: 0.70157068 | AG28: 0.50411862 | AK28: 0.64921466 | AL28: 0.41680395 | AV28: 3 | AW28: =$AA$111 -> 0.86402296 | AX28: =$AB$111 -> 0.69429383 | AY28: =$AC$111 -> #DIV/0! | AZ28: =$AD$111 -> #DIV/0! | BA28: =$AE$111 -> #DIV/0!
J29: 0.99509804 | K29: =AVERAGE(Q29,V29,AA29,AF29,AK29,AP29) -> 0.94019608 | L29: =AVERAGE(R29,W29,AB29,AG29,AL29,AQ29) -> 0.69191919 | M29: =AVERAGE(S29,X29,AC29,AH29,AM29,AR29) -> #DIV/0! | N29: =AVERAGE(T29,Y29,AD29,AI29,AN29,AS29) -> #DIV/0! | O29: =AVERAGE(U29,Z29,AE29,AJ29,AO29,AT29) -> #DIV/0! | Q29: 0.96568627 | R29: 0.74242424 | V29: 0.94117647 | W29: 0.65656566 | AA29: 0.93137255 | AB29: 0.69023569 | AF29: 0.92156863 | AG29: 0.63973064 | AK29: 0.94117647 | AL29: 0.73063973 | AV29: 4 | AW29: =$AF$111 -> 0.85998694 | AX29: =$AG$111 -> 0.68140017 | AY29: =$AH$111 -> #DIV/0! | AZ29: =$AI$111 -> #DIV/0! | BA29: =$AJ$111 -> #DIV/0!
J30: 0.99255814 | K30: =AVERAGE(Q30,V30,AA30,AF30,AK30,AP30) -> 0.93674419 | L30: =AVERAGE(R30,W30,AB30,AG30,AL30,AQ30) -> 0.86405959 | M30: =AVERAGE(S30,X30,AC30,AH30,AM30,AR30) -> #DIV/0! | N30: =AVERAGE(T30,Y30,AD30,AI30,AN30,AS30) -> #DIV/0! | O30: =AVERAGE(U30,Z30,AE30,AJ30,AO30,AT30) -> #DIV/0! | Q30: 0.8744186 | R30: 0.81191806 | V30: 0.97674419 | W30: 0.85288641 | AA30: 0.9627907 | AB30: 0.88081937 | AF30: 0.94418605 | AG30: 0.88268156 | AK30: 0.9255814 | AL30: 0.89199255 | AV30: 5 | AW30: =$AK$111 -> 0.85509367 | AX30: =$AL$111 -> 0.66169672 | AY30: =$AM$111 -> #DIV/0! | AZ30: =$AN$111 -> #DIV/0! | BA30: =$AO$111 -> #DIV/0!
J31: 0.97431193 | K31: =AVERAGE(Q31,V31,AA31,AF31,AK31,AP31) -> 0.87278287 | L31: =AVERAGE(R31,W31,AB31,AG31,AL31,AQ31) -> 0.71352254 | M31: =AVERAGE(S31,X31,AC31,AH31,AM31,AR31) -> #DIV/0! | N31: =AVERAGE(T31,Y31,AD31,AI31,AN31,AS31) -> #DIV/0! | O31: =AVERAGE(U31,Z31,AE31,AJ31,AO31,AT31) -> #DIV/0! | Q31: 0.86544343 | R31: 0.68948247 | V31: 0.79510703 | W31: 0.68280467 | AA31: 0.87767584 | AB31: 0.72621035 | AF31: 0.90825688 | AG31: 0.76627713 | AK31: 0.91743119 | AL31: 0.70283806 | AV31: 6 | AW31: =$AP$111 -> #DIV/0! | AX31: =$AQ$111 -> #DIV/0! | AY31: =$AR$111 -> #DIV/0! | AZ31: =$AS$111 -> #DIV/0! | BA31: =$AT$111 -> #DIV/0!
J32: 0.97087379 | K32: =AVERAGE(Q32,V32,AA32,AF32,AK32,AP32) -> 0.87087379 | L32: =AVERAGE(R32,W32,AB32,AG32,AL32,AQ32) -> 0.71208054 | M32: =AVERAGE(S32,X32,AC32,AH32,AM32,AR32) -> #DIV/0! | N32: =AVERAGE(T32,Y32,AD32,AI32,AN32,AS32) -> #DIV/0! | O32: =AVERAGE(U32,Z32,AE32,AJ32,AO32,AT32) -> #DIV/0! | Q32: 0.84466019 | R32: 0.69966443 | V32: 0.91262136 | W32: 0.69798658 | AA32: 0.87864078 | AB32: 0.77013423 | AF32: 0.89805825 | AG32: 0.77684564 | AK32: 0.82038835 | AL32: 0.61577181
J33: 0.97432432 | K33: =AVERAGE(Q33,V33,AA33,AF33,AK33,AP33) -> 0.73716216 | L33: =AVERAGE(R33,W33,AB33,AG33,AL33,AQ33) -> 0.6597973 | M33: =AVERAGE(S33,X33,AC33,AH33,AM33,AR33) -> #DIV/0! | N33: =AVERAGE(T33,Y33,AD33,AI33,AN33,AS33) -> #DIV/0! | O33: =AVERAGE(U33,Z33,AE33,AJ33,AO33,AT33) -> #DIV/0! | Q33: 0.71621622 | R33: 0.57094595 | V33: 0.73986486 | W33: 0.65371622 | AA33: 0.75337838 | AB33: 0.64527027 | AF33: 0.66891892 | AG33: 0.72128378 | AK33: 0.80743243 | AL33: 0.70777027
J34: 0.95956284 | K34: =AVERAGE(Q34,V34,AA34,AF34,AK34,AP34) -> 0.82185792 | L34: =AVERAGE(R34,W34,AB34,AG34,AL34,AQ34) -> 0.60120482 | M34: =AVERAGE(S34,X34,AC34,AH34,AM34,AR34) -> #DIV/0! | N34: =AVERAGE(T34,Y34,AD34,AI34,AN34,AS34) -> #DIV/0! | O34: =AVERAGE(U34,Z34,AE34,AJ34,AO34,AT34) -> #DIV/0! | Q34: 0.81693989 | R34: 0.57680723 | V34: 0.84972678 | W34: 0.67620482 | AA34: 0.80054645 | AB34: 0.65361446 | AF34: 0.78142077 | AG34: 0.56777108 | AK34: 0.86065574 | AL34: 0.53162651
J35: 0.99414226 | K35: =AVERAGE(Q35,V35,AA35,AF35,AK35,AP35) -> 0.91380753 | L35: =AVERAGE(R35,W35,AB35,AG35,AL35,AQ35) -> 0.67707641 | M35: =AVERAGE(S35,X35,AC35,AH35,AM35,AR35) -> #DIV/0! | N35: =AVERAGE(T35,Y35,AD35,AI35,AN35,AS35) -> #DIV/0! | O35: =AVERAGE(U35,Z35,AE35,AJ35,AO35,AT35) -> #DIV/0! | Q35: 0.91631799 | R35: 0.79734219 | V35: 0.89958159 | W35: 0.67940199 | AA35: 0.92468619 | AB35: 0.67774086 | AF35: 0.94142259 | AG35: 0.50332226 | AK35: 0.88702929 | AL35: 0.72757475 | AV35: =A9 -> 2 | AW35: Task 2 | AX35: Task 3 | AY35: Task 4 | AZ35: Task 5 | BA35: Task 6
AV36: 1 | AW36: =$Q$148 -> 0.85884987 | AX36: =$R$148 -> 0.66689231 | AY36: =$S$148 -> #DIV/0! | AZ36: =$T$148 -> #DIV/0! | BA36: =$U$148 -> #DIV/0!
J37: 0.98844568 | K37: =AVERAGE(K6:K35) -> 0.82111599 | L37: =AVERAGE(L6:L35) -> 0.64512126 | M37: =AVERAGE(M6:M35) -> #DIV/0! | N37: =AVERAGE(N6:N35) -> #DIV/0! | O37: =AVERAGE(O6:O35) -> #DIV/0! | Q37: =AVERAGE(Q6:Q35) -> 0.81789744 | R37: =AVERAGE(R6:R35) -> 0.64662221 | S37: =AVERAGE(S6:S35) -> #DIV/0! | T37: =AVERAGE(T6:T35) -> #DIV/0! | U37: =AVERAGE(U6:U35) -> #DIV/0! | V37: =AVERAGE(V6:V35) -> 0.82420435 | W37: =AVERAGE(W6:W35) -> 0.65021874 | X37: =AVERAGE(X6:X35) -> #DIV/0! | ... AT37: =AVERAGE(AT6:AT35) -> #DIV/0! | AV37: 2 | AW37: =$V$148 -> 0.85194689 | AX37: =$W$148 -> 0.69510322 | AY37: =$X$148 -> #DIV/0! | AZ37: =$Y$148 -> #DIV/0! | BA37: =$Z$148 -> #DIV/0!
AV38: 3 | AW38: =$AA$148 -> 0.84466991 | AX38: =$AB$148 -> 0.68407483 | AY38: =$AC$148 -> #DIV/0! | AZ38: =$AD$148 -> #DIV/0! | BA38: =$AE$148 -> #DIV/0!
AV39: 4 | AW39: =$AF$148 -> 0.85358583 | AX39: =$AG$148 -> 0.66570165 | AY39: =$AH$148 -> #DIV/0! | AZ39: =$AI$148 -> #DIV/0! | BA39: =$AJ$148 -> #DIV/0!
J40: k=0.5 | AV40: 5 | AW40: =$AK$148 -> 0.85211491 | AX40: =$AL$148 -> 0.68504768 | AY40: =$AM$148 -> #DIV/0! | AZ40: =$AN$148 -> #DIV/0! | BA40: =$AO$148 -> #DIV/0!
Q41: 1 | V41: 2 | AA41: 3 | AF41: 4 | AK41: 5 | AP41: 6 | AV41: 6 | AW41: =$AP$148 -> #DIV/0! | AX41: =$AQ$148 -> #DIV/0! | AY41: =$AR$148 -> #DIV/0! | AZ41: =$AS$148 -> #DIV/0! | BA41: =$AT$148 -> #DIV/0!
I42: ID | J42: Task 1 | K42: Task 2 | L42: Task 3 | M42: Task 4 | N42: Task 5 | O42: Task 6 | Q42: Task 2 | R42: Task 3 | S42: Task 4 | T42: Task 5 | U42: Task 6 | V42: Task 2 | W42: Task 3 | X42: Task 4 | Y42: Task 5 | Z42: Task 6 | AA42: Task 2 | AB42: Task 3 | AC42: Task 4 | AD42: Task 5 | AE42: Task 6 | AF42: Task 2 | AG42: Task 3 | AH42: Task 4 | AI42: Task 5 | AJ42: Task 6 | AK42: Task 2 | AL42: Task 3 | AM42: Task 4 | AN42: Task 5 | AO42: Task 6 | AP42: Task 2 | AQ42: Task 3 | AR42: Task 4 | AS42: Task 5 | AT42: Task 6
J43: 0.96546392 | K43: =AVERAGE(Q43,V43,AA43,AF43,AK43,AP43) -> 0.84690722 | L43: =AVERAGE(R43,W43,AB43,AG43,AL43,AQ43) -> 0.6431631 | M43: =AVERAGE(S43,X43,AC43,AH43,AM43,AR43) -> #DIV/0! | N43: =AVERAGE(T43,Y43,AD43,AI43,AN43,AS43) -> #DIV/0! | O43: =AVERAGE(U43,Z43,AE43,AJ43,AO43,AT43) -> #DIV/0! | Q43: 0.81185567 | R43: 0.58649094 | V43: 0.85824742 | W43: 0.58319605 | AA43: 0.82216495 | AB43: 0.66392092 | AF43: 0.90721649 | AG43: 0.67545305 | AK43: 0.83505155 | AL43: 0.70675453
J44: 0.97635135 | K44: =AVERAGE(Q44,V44,AA44,AF44,AK44,AP44) -> 0.84189189 | L44: =AVERAGE(R44,W44,AB44,AG44,AL44,AQ44) -> 0.57873754 | M44: =AVERAGE(S44,X44,AC44,AH44,AM44,AR44) -> #DIV/0! | N44: =AVERAGE(T44,Y44,AD44,AI44,AN44,AS44) -> #DIV/0! | O44: =AVERAGE(U44,Z44,AE44,AJ44,AO44,AT44) -> #DIV/0! | Q44: 0.84121622 | R44: 0.55980066 | V44: 0.82432432 | W44: 0.52657807 | AA44: 0.82432432 | AB44: 0.63787375 | AF44: 0.84121622 | AG44: 0.55149502 | AK44: 0.87837838 | AL44: 0.6179402
J45: 0.995625 | K45: =AVERAGE(Q45,V45,AA45,AF45,AK45,AP45) -> 0.931875 | L45: =AVERAGE(R45,W45,AB45,AG45,AL45,AQ45) -> 0.85757576 | M45: =AVERAGE(S45,X45,AC45,AH45,AM45,AR45) -> #DIV/0! | N45: =AVERAGE(T45,Y45,AD45,AI45,AN45,AS45) -> #DIV/0! | O45: =AVERAGE(U45,Z45,AE45,AJ45,AO45,AT45) -> #DIV/0! | Q45: 0.953125 | R45: 0.85016835 | V45: 0.88125 | W45: 0.79461279 | AA45: 0.978125 | AB45: 0.88047138 | AF45: 0.925 | AG45: 0.87205387 | AK45: 0.921875 | AL45: 0.89057239 | AV45: =A10 -> 3 | AW45: Task 2 | AX45: Task 3 | AY45: Task 4 | AZ45: Task 5 | BA45: Task 6
J46: 0.99411765 | K46: =AVERAGE(Q46,V46,AA46,AF46,AK46,AP46) -> 0.91862745 | L46: =AVERAGE(R46,W46,AB46,AG46,AL46,AQ46) -> 0.79206049 | M46: =AVERAGE(S46,X46,AC46,AH46,AM46,AR46) -> #DIV/0! | N46: =AVERAGE(T46,Y46,AD46,AI46,AN46,AS46) -> #DIV/0! | O46: =AVERAGE(U46,Z46,AE46,AJ46,AO46,AT46) -> #DIV/0! | Q46: 0.8872549 | R46: 0.79962193 | V46: 0.92156863 | W46: 0.84688091 | AA46: 0.9754902 | AB46: 0.77882798 | AF46: 0.95588235 | AG46: 0.731569 | AK46: 0.85294118 | AL46: 0.80340265 | AV46: 1 | AW46: =$Q$185 -> 0.85792162 | AX46: =$R$185 -> 0.68788243 | AY46: =$S$185 -> #DIV/0! | AZ46: =$T$185 -> #DIV/0! | BA46: =$U$185 -> #DIV/0!
J47: 0.97572816 | K47: =AVERAGE(Q47,V47,AA47,AF47,AK47,AP47) -> 0.91650485 | L47: =AVERAGE(R47,W47,AB47,AG47,AL47,AQ47) -> 0.76986817 | M47: =AVERAGE(S47,X47,AC47,AH47,AM47,AR47) -> #DIV/0! | N47: =AVERAGE(T47,Y47,AD47,AI47,AN47,AS47) -> #DIV/0! | O47: =AVERAGE(U47,Z47,AE47,AJ47,AO47,AT47) -> #DIV/0! | Q47: 0.86893204 | R47: 0.7834275 | V47: 0.87378641 | W47: 0.72316384 | AA47: 0.93203883 | AB47: 0.85310734 | AF47: 0.94660194 | AG47: 0.74387947 | AK47: 0.96116505 | AL47: 0.74576271 | AV47: 2 | AW47: =$V$185 -> 0.84190623 | AX47: =$W$185 -> 0.63379876 | AY47: =$X$185 -> #DIV/0! | AZ47: =$Y$185 -> #DIV/0! | BA47: =$Z$185 -> #DIV/0!
J48: 0.97843866 | K48: =AVERAGE(Q48,V48,AA48,AF48,AK48,AP48) -> 0.81933086 | L48: =AVERAGE(R48,W48,AB48,AG48,AL48,AQ48) -> 0.60909091 | M48: =AVERAGE(S48,X48,AC48,AH48,AM48,AR48) -> #DIV/0! | N48: =AVERAGE(T48,Y48,AD48,AI48,AN48,AS48) -> #DIV/0! | O48: =AVERAGE(U48,Z48,AE48,AJ48,AO48,AT48) -> #DIV/0! | Q48: 0.89219331 | R48: 0.63973064 | V48: 0.82899628 | W48: 0.53872054 | AA48: 0.88847584 | AB48: 0.76936027 | AF48: 0.7732342 | AG48: 0.55555556 | AK48: 0.71375465 | AL48: 0.54208754 | AV48: 3 | AW48: =$AA$185 -> 0.85663351 | AX48: =$AB$185 -> 0.63145704 | AY48: =$AC$185 -> #DIV/0! | AZ48: =$AD$185 -> #DIV/0! | BA48: =$AE$185 -> #DIV/0!
J49: 0.98576052 | K49: =AVERAGE(Q49,V49,AA49,AF49,AK49,AP49) -> 0.8381877 | L49: =AVERAGE(R49,W49,AB49,AG49,AL49,AQ49) -> 0.69048544 | M49: =AVERAGE(S49,X49,AC49,AH49,AM49,AR49) -> #DIV/0! | N49: =AVERAGE(T49,Y49,AD49,AI49,AN49,AS49) -> #DIV/0! | O49: =AVERAGE(U49,Z49,AE49,AJ49,AO49,AT49) -> #DIV/0! | Q49: 0.82524272 | R49: 0.64854369 | V49: 0.82847896 | W49: 0.74368932 | AA49: 0.89320388 | AB49: 0.63883495 | AF49: 0.90938511 | AG49: 0.74563107 | AK49: 0.73462783 | AL49: 0.67572816 | AV49: 4 | AW49: =$AF$185 -> 0.86985479 | AX49: =$AG$185 -> 0.64222939 | AY49: =$AH$185 -> #DIV/0! | AZ49: =$AI$185 -> #DIV/0! | BA49: =$AJ$185 -> #DIV/0!
J50: 0.96338798 | K50: =AVERAGE(Q50,V50,AA50,AF50,AK50,AP50) -> 0.72349727 | L50: =AVERAGE(R50,W50,AB50,AG50,AL50,AQ50) -> 0.59942113 | M50: =AVERAGE(S50,X50,AC50,AH50,AM50,AR50) -> #DIV/0! | N50: =AVERAGE(T50,Y50,AD50,AI50,AN50,AS50) -> #DIV/0! | O50: =AVERAGE(U50,Z50,AE50,AJ50,AO50,AT50) -> #DIV/0! | Q50: 0.73497268 | R50: 0.62662808 | V50: 0.78961749 | W50: 0.59479016 | AA50: 0.69945355 | AB50: 0.7105644 | AF50: 0.75136612 | AG50: 0.47612156 | AK50: 0.6420765 | AL50: 0.58900145 | AV50: 5 | AW50: =$AK$185 -> 0.87031494 | AX50: =$AL$185 -> 0.6469126 | AY50: =$AM$185 -> #DIV/0! | AZ50: =$AN$185 -> #DIV/0! | BA50: =$AO$185 -> #DIV/0!
J51: 0.95744681 | K51: =AVERAGE(Q51,V51,AA51,AF51,AK51,AP51) -> 0.56453901 | L51: =AVERAGE(R51,W51,AB51,AG51,AL51,AQ51) -> 0.65487603 | M51: =AVERAGE(S51,X51,AC51,AH51,AM51,AR51) -> #DIV/0! | N51: =AVERAGE(T51,Y51,AD51,AI51,AN51,AS51) -> #DIV/0! | O51: =AVERAGE(U51,Z51,AE51,AJ51,AO51,AT51) -> #DIV/0! | Q51: 0.57801418 | R51: 0.62644628 | V51: 0.58156028 | W51: 0.63801653 | AA51: 0.5248227 | AB51: 0.64132231 | AF51: 0.4964539 | AG51: 0.68099174 | AK51: 0.64184397 | AL51: 0.68760331 | AV51: 6 | AW51: =$AP$185 -> #DIV/0! | AX51: =$AQ$185 -> #DIV/0! | AY51: =$AR$185 -> #DIV/0! | AZ51: =$AS$185 -> #DIV/0! | BA51: =$AT$185 -> #DIV/0!
J52: 0.97567568 | K52: =AVERAGE(Q52,V52,AA52,AF52,AK52,AP52) -> 0.83581081 | L52: =AVERAGE(R52,W52,AB52,AG52,AL52,AQ52) -> 0.62370618 | M52: =AVERAGE(S52,X52,AC52,AH52,AM52,AR52) -> #DIV/0! | N52: =AVERAGE(T52,Y52,AD52,AI52,AN52,AS52) -> #DIV/0! | O52: =AVERAGE(U52,Z52,AE52,AJ52,AO52,AT52) -> #DIV/0! | Q52: 0.85472973 | R52: 0.54924875 | V52: 0.82094595 | W52: 0.59098497 | AA52: 0.83445946 | AB52: 0.61769616 | AF52: 0.78716216 | AG52: 0.64106845 | AK52: 0.88175676 | AL52: 0.71953255
J53: 0.9579235 | K53: =AVERAGE(Q53,V53,AA53,AF53,AK53,AP53) -> 0.77978142 | L53: =AVERAGE(R53,W53,AB53,AG53,AL53,AQ53) -> 0.54310345 | M53: =AVERAGE(S53,X53,AC53,AH53,AM53,AR53) -> #DIV/0! | N53: =AVERAGE(T53,Y53,AD53,AI53,AN53,AS53) -> #DIV/0! | O53: =AVERAGE(U53,Z53,AE53,AJ53,AO53,AT53) -> #DIV/0! | Q53: 0.72404372 | R53: 0.43448276 | V53: 0.70765027 | W53: 0.4862069 | AA53: 0.90163934 | AB53: 0.70517241 | AF53: 0.74590164 | AG53: 0.58965517 | AK53: 0.81967213 | AL53: 0.5
J54: 0.96565097 | K54: =AVERAGE(Q54,V54,AA54,AF54,AK54,AP54) -> 0.766759 | L54: =AVERAGE(R54,W54,AB54,AG54,AL54,AQ54) -> 0.59824561 | M54: =AVERAGE(S54,X54,AC54,AH54,AM54,AR54) -> #DIV/0! | N54: =AVERAGE(T54,Y54,AD54,AI54,AN54,AS54) -> #DIV/0! | O54: =AVERAGE(U54,Z54,AE54,AJ54,AO54,AT54) -> #DIV/0! | Q54: 0.74792244 | R54: 0.54912281 | V54: 0.76731302 | W54: 0.64210526 | AA54: 0.76731302 | AB54: 0.63859649 | AF54: 0.7867036 | AG54: 0.63333333 | AK54: 0.76454294 | AL54: 0.52807018
J55: 0.98954248 | K55: =AVERAGE(Q55,V55,AA55,AF55,AK55,AP55) -> 0.83267974 | L55: =AVERAGE(R55,W55,AB55,AG55,AL55,AQ55) -> 0.71632653 | M55: =AVERAGE(S55,X55,AC55,AH55,AM55,AR55) -> #DIV/0! | N55: =AVERAGE(T55,Y55,AD55,AI55,AN55,AS55) -> #DIV/0! | O55: =AVERAGE(U55,Z55,AE55,AJ55,AO55,AT55) -> #DIV/0! | Q55: 0.68300654 | R55: 0.7244898 | V55: 0.90522876 | W55: 0.71137026 | AA55: 0.90522876 | AB55: 0.79008746 | AF55: 0.75490196 | AG55: 0.60349854 | AK55: 0.91503268 | AL55: 0.75218659
J56: 0.98216561 | K56: =AVERAGE(Q56,V56,AA56,AF56,AK56,AP56) -> 0.85605096 | L56: =AVERAGE(R56,W56,AB56,AG56,AL56,AQ56) -> 0.74858223 | M56: =AVERAGE(S56,X56,AC56,AH56,AM56,AR56) -> #DIV/0! | N56: =AVERAGE(T56,Y56,AD56,AI56,AN56,AS56) -> #DIV/0! | O56: =AVERAGE(U56,Z56,AE56,AJ56,AO56,AT56) -> #DIV/0! | Q56: 0.92356688 | R56: 0.8657845 | V56: 0.8089172 | W56: 0.63137996 | AA56: 0.81210191 | AB56: 0.69565217 | AF56: 0.80573248 | AG56: 0.76181474 | AK56: 0.92993631 | AL56: 0.78827977
J57: 0.99255814 | K57: =AVERAGE(Q57,V57,AA57,AF57,AK57,AP57) -> 0.8855814 | L57: =AVERAGE(R57,W57,AB57,AG57,AL57,AQ57) -> 0.78851351 | M57: =AVERAGE(S57,X57,AC57,AH57,AM57,AR57) -> #DIV/0! | N57: =AVERAGE(T57,Y57,AD57,AI57,AN57,AS57) -> #DIV/0! | O57: =AVERAGE(U57,Z57,AE57,AJ57,AO57,AT57) -> #DIV/0! | Q57: 0.74418605 | R57: 0.71959459 | V57: 0.95348837 | W57: 0.80743243 | AA57: 0.93488372 | AB57: 0.75844595 | AF57: 0.94418605 | AG57: 0.83783784 | AK57: 0.85116279 | AL57: 0.81925676
J58: 0.96335079 | K58: =AVERAGE(Q58,V58,AA58,AF58,AK58,AP58) -> 0.86230366 | L58: =AVERAGE(R58,W58,AB58,AG58,AL58,AQ58) -> 0.54175084 | M58: =AVERAGE(S58,X58,AC58,AH58,AM58,AR58) -> #DIV/0! | N58: =AVERAGE(T58,Y58,AD58,AI58,AN58,AS58) -> #DIV/0! | O58: =AVERAGE(U58,Z58,AE58,AJ58,AO58,AT58) -> #DIV/0! | Q58: 0.88219895 | R58: 0.39393939 | V58: 0.85078534 | W58: 0.79292929 | AA58: 0.85340314 | AB58: 0.52188552 | AF58: 0.87172775 | AG58: 0.59259259 | AK58: 0.85340314 | AL58: 0.40740741
J59: 0.97410468 | K59: =AVERAGE(Q59,V59,AA59,AF59,AK59,AP59) -> 0.56584022 | L59: =AVERAGE(R59,W59,AB59,AG59,AL59,AQ59) -> 0.57132867 | M59: =AVERAGE(S59,X59,AC59,AH59,AM59,AR59) -> #DIV/0! | N59: =AVERAGE(T59,Y59,AD59,AI59,AN59,AS59) -> #DIV/0! | O59: =AVERAGE(U59,Z59,AE59,AJ59,AO59,AT59) -> #DIV/0! | Q59: 0.66391185 | R59: 0.6486014 | V59: 0.63360882 | W59: 0.63461538 | AA59: 0.37465565 | AB59: 0.48951049 | AF59: 0.67493113 | AG59: 0.59440559 | AK59: 0.48209366 | AL59: 0.48951049
J60: 0.9684507 | K60: =AVERAGE(Q60,V60,AA60,AF60,AK60,AP60) -> 0.83211268 | L60: =AVERAGE(R60,W60,AB60,AG60,AL60,AQ60) -> 0.52379518 | M60: =AVERAGE(S60,X60,AC60,AH60,AM60,AR60) -> #DIV/0! | N60: =AVERAGE(T60,Y60,AD60,AI60,AN60,AS60) -> #DIV/0! | O60: =AVERAGE(U60,Z60,AE60,AJ60,AO60,AT60) -> #DIV/0! | Q60: 0.77183099 | R60: 0.43222892 | V60: 0.76338028 | W60: 0.43975904 | AA60: 0.88169014 | AB60: 0.64759036 | AF60: 0.92676056 | AG60: 0.53463855 | AK60: 0.81690141 | AL60: 0.56475904
J61: 0.99459459 | K61: =AVERAGE(Q61,V61,AA61,AF61,AK61,AP61) -> 0.92297297 | L61: =AVERAGE(R61,W61,AB61,AG61,AL61,AQ61) -> 0.81973929 | M61: =AVERAGE(S61,X61,AC61,AH61,AM61,AR61) -> #DIV/0! | N61: =AVERAGE(T61,Y61,AD61,AI61,AN61,AS61) -> #DIV/0! | O61: =AVERAGE(U61,Z61,AE61,AJ61,AO61,AT61) -> #DIV/0! | Q61: 0.95945946 | R61: 0.75791434 | V61: 0.96283784 | W61: 0.84357542 | AA61: 0.82094595 | AB61: 0.82681564 | AF61: 0.9222973 | AG61: 0.81005587 | AK61: 0.94932432 | AL61: 0.8603352
J62: 0.98280255 | K62: =AVERAGE(Q62,V62,AA62,AF62,AK62,AP62) -> 0.95477707 | L62: =AVERAGE(R62,W62,AB62,AG62,AL62,AQ62) -> 0.70838926 | M62: =AVERAGE(S62,X62,AC62,AH62,AM62,AR62) -> #DIV/0! | N62: =AVERAGE(T62,Y62,AD62,AI62,AN62,AS62) -> #DIV/0! | O62: =AVERAGE(U62,Z62,AE62,AJ62,AO62,AT62) -> #DIV/0! | Q62: 0.94904459 | R62: 0.6761745 | V62: 0.96178344 | W62: 0.70973154 | AA62: 0.92993631 | AB62: 0.64932886 | AF62: 0.97770701 | AG62: 0.78187919 | AK62: 0.95541401 | AL62: 0.72483221
J63: 0.98801843 | K63: =AVERAGE(Q63,V63,AA63,AF63,AK63,AP63) -> 0.78617512 | L63: =AVERAGE(R63,W63,AB63,AG63,AL63,AQ63) -> 0.78063315 | M63: =AVERAGE(S63,X63,AC63,AH63,AM63,AR63) -> #DIV/0! | N63: =AVERAGE(T63,Y63,AD63,AI63,AN63,AS63) -> #DIV/0! | O63: =AVERAGE(U63,Z63,AE63,AJ63,AO63,AT63) -> #DIV/0! | Q63: 0.83870968 | R63: 0.83426443 | V63: 0.69585253 | W63: 0.72439479 | AA63: 0.74654378 | AB63: 0.68156425 | AF63: 0.74193548 | AG63: 0.75418994 | AK63: 0.9078341 | AL63: 0.90875233
... J72: 0.98912134 | K72: =AVERAGE(Q72,V72,AA72,AF72,AK72,AP72) -> 0.90292887 | L72: =AVERAGE(R72,W72,AB72,AG72,AL72,AQ72) -> 0.69833887 | M72: =AVERAGE(S72,X72,AC72,AH72,AM72,AR72) -> #DIV/0! | N72: =AVERAGE(T72,Y72,AD72,AI72,AN72,AS72) -> #DIV/0! | O72: =AVERAGE(U72,Z72,AE72,AJ72,AO72,AT72) -> #DIV/0! | Q72: 0.89539749 | R72: 0.66611296 | V72: 0.83682008 | W72: 0.73089701 | AA72: 0.92468619 | AB72: 0.79900332 | AF72: 0.92468619 | AG72: 0.64119601 | AK72: 0.93305439 | AL72: 0.65448505
J74: 0.99256308 | K74: =AVERAGE(K43:K72) -> 0.8352316 | L74: =AVERAGE(L43:L72) -> 0.67190365 | M74: =AVERAGE(M43:M72) -> #DIV/0! | N74: =AVERAGE(N43:N72) -> #DIV/0! | O74: =AVERAGE(O43:O72) -> #DIV/0! | Q74: =AVERAGE(Q43:Q72) -> 0.81890592 | R74: =AVERAGE(R43:R72) -> 0.64775623 | S74: =AVERAGE(S43:S72) -> #DIV/0! | T74: =AVERAGE(T43:T72) -> #DIV/0! | U74: =AVERAGE(U43:U72) -> #DIV/0! | V74: =AVERAGE(V43:V72) -> 0.83503853 | W74: =AVERAGE(W43:W72) -> 0.67022441 | X74: =AVERAGE(X43:X72) -> #DIV/0! | ... AT74: =AVERAGE(AT43:AT72) -> #DIV/0!
J77: k=1
Q78: 1 | V78: 2 | AA78: 3 | AF78: 4 | AK78: 5 | AP78: 6
I79: ID | J79: Task 1 | K79: Task 2 | L79: Task 3 | M79: Task 4 | N79: Task 5 | O79: Task 6 | Q79: Task 2 | R79: Task 3 | S79: Task 4 | T79: Task 5 | U79: Task 6 | V79: Task 2 | W79: Task 3 | X79: Task 4 | Y79: Task 5 | Z79: Task 6 | AA79: Task 2 | AB79: Task 3 | AC79: Task 4 | AD79: Task 5 | AE79: Task 6 | AF79: Task 2 | AG79: Task 3 | AH79: Task 4 | AI79: Task 5 | AJ79: Task 6 | AK79: Task 2 | AL79: Task 3 | AM79: Task 4 | AN79: Task 5 | AO79: Task 6 | AP79: Task 2 | AQ79: Task 3 | AR79: Task 4 | AS79: Task 5 | AT79: Task 6
J80: 0.97164948 | K80: =AVERAGE(Q80,V80,AA80,AF80,AK80,AP80) -> 0.84329897 | L80: =AVERAGE(R80,W80,AB80,AG80,AL80,AQ80) -> 0.63196046 | M80: =AVERAGE(S80,X80,AC80,AH80,AM80,AR80) -> #DIV/0! | N80: =AVERAGE(T80,Y80,AD80,AI80,AN80,AS80) -> #DIV/0! | O80: =AVERAGE(U80,Z80,AE80,AJ80,AO80,AT80) -> #DIV/0! | Q80: 0.85309278 | R80: 0.67710049 | V80: 0.81443299 | W80: 0.41515651 | AA80: 0.89690722 | AB80: 0.74958814 | AF80: 0.7628866 | AG80: 0.61120264 | AK80: 0.88917526 | AL80: 0.70675453
J81: 0.97432432 | K81: =AVERAGE(Q81,V81,AA81,AF81,AK81,AP81) -> 0.79256757 | L81: =AVERAGE(R81,W81,AB81,AG81,AL81,AQ81) -> 0.61428571 | M81: =AVERAGE(S81,X81,AC81,AH81,AM81,AR81) -> #DIV/0! | N81: =AVERAGE(T81,Y81,AD81,AI81,AN81,AS81) -> #DIV/0! | O81: =AVERAGE(U81,Z81,AE81,AJ81,AO81,AT81) -> #DIV/0! | Q81: 0.78716216 | R81: 0.70431894 | V81: 0.67905405 | W81: 0.59302326 | AA81: 0.84121622 | AB81: 0.56312292 | AF81: 0.8277027 | AG81: 0.57807309 | AK81: 0.8277027 | AL81: 0.63289037
J82: 0.985 | K82: =AVERAGE(Q82,V82,AA82,AF82,AK82,AP82) -> 0.9575 | L82: =AVERAGE(R82,W82,AB82,AG82,AL82,AQ82) -> 0.85521886 | M82: =AVERAGE(S82,X82,AC82,AH82,AM82,AR82) -> #DIV/0! | N82: =AVERAGE(T82,Y82,AD82,AI82,AN82,AS82) -> #DIV/0! | O82: =AVERAGE(U82,Z82,AE82,AJ82,AO82,AT82) -> #DIV/0! | Q82: 0.940625 | R82: 0.84848485 | V82: 0.971875 | W82: 0.85858586 | AA82: 0.95625 | AB82: 0.83838384 | AF82: 0.959375 | AG82: 0.85858586 | AK82: 0.959375 | AL82: 0.87205387
J83: 0.99411765 | K83: =AVERAGE(Q83,V83,AA83,AF83,AK83,AP83) -> 0.90588235 | L83: =AVERAGE(R83,W83,AB83,AG83,AL83,AQ83) -> 0.70359168 | M83: =AVERAGE(S83,X83,AC83,AH83,AM83,AR83) -> #DIV/0! | N83: =AVERAGE(T83,Y83,AD83,AI83,AN83,AS83) -> #DIV/0! | O83: =AVERAGE(U83,Z83,AE83,AJ83,AO83,AT83) -> #DIV/0! | Q83: 0.93137255 | R83: 0.58601134 | V83: 0.91176471 | W83: 0.60680529 | AA83: 0.88235294 | AB83: 0.81285444 | AF83: 0.90196078 | AG83: 0.82797732 | AK83: 0.90196078 | AL83: 0.68431002
J84: 0.97378641 | K84: =AVERAGE(Q84,V84,AA84,AF84,AK84,AP84) -> 0.84951456 | L84: =AVERAGE(R84,W84,AB84,AG84,AL84,AQ84) -> 0.71977401 | M84: =AVERAGE(S84,X84,AC84,AH84,AM84,AR84) -> #DIV/0! | N84: =AVERAGE(T84,Y84,AD84,AI84,AN84,AS84) -> #DIV/0! | O84: =AVERAGE(U84,Z84,AE84,AJ84,AO84,AT84) -> #DIV/0! | Q84: 0.81553398 | R84: 0.82485876 | V84: 0.87864078 | W84: 0.71374765 | AA84: 0.84951456 | AB84: 0.73634652 | AF84: 0.83980583 | AG84: 0.67231638 | AK84: 0.86407767 | AL84: 0.65160075
J85: 0.97992565 | K85: =AVERAGE(Q85,V85,AA85,AF85,AK85,AP85) -> 0.81115242 | L85: =AVERAGE(R85,W85,AB85,AG85,AL85,AQ85) -> 0.56464646 | M85: =AVERAGE(S85,X85,AC85,AH85,AM85,AR85) -> #DIV/0! | N85: =AVERAGE(T85,Y85,AD85,AI85,AN85,AS85) -> #DIV/0! | O85: =AVERAGE(U85,Z85,AE85,AJ85,AO85,AT85) -> #DIV/0! | Q85: 0.84758364 | R85: 0.60942761 | V85: 0.85873606 | W85: 0.51515152 | AA85: 0.76208178 | AB85: 0.53535354 | AF85: 0.81040892 | AG85: 0.64141414 | AK85: 0.77695167 | AL85: 0.52188552
J86: 0.98834951 | K86: =AVERAGE(Q86,V86,AA86,AF86,AK86,AP86) -> 0.81165049 | L86: =AVERAGE(R86,W86,AB86,AG86,AL86,AQ86) -> 0.73242718 | M86: =AVERAGE(S86,X86,AC86,AH86,AM86,AR86) -> #DIV/0! | N86: =AVERAGE(T86,Y86,AD86,AI86,AN86,AS86) -> #DIV/0! | O86: =AVERAGE(U86,Z86,AE86,AJ86,AO86,AT86) -> #DIV/0! | Q86: 0.82200647 | R86: 0.70291262 | V86: 0.74110032 | W86: 0.63300971 | AA86: 0.90938511 | AB86: 0.68349515 | AF86: 0.7605178 | AG86: 0.84660194 | AK86: 0.82524272 | AL86: 0.7961165
J87: 0.96174863 | K87: =AVERAGE(Q87,V87,AA87,AF87,AK87,AP87) -> 0.76775956 | L87: =AVERAGE(R87,W87,AB87,AG87,AL87,AQ87) -> 0.62257598 | M87: =AVERAGE(S87,X87,AC87,AH87,AM87,AR87) -> #DIV/0! | N87: =AVERAGE(T87,Y87,AD87,AI87,AN87,AS87) -> #DIV/0! | O87: =AVERAGE(U87,Z87,AE87,AJ87,AO87,AT87) -> #DIV/0! | Q87: 0.81693989 | R87: 0.5788712 | V87: 0.82786885 | W87: 0.69464544 | AA87: 0.77868852 | AB87: 0.55716353 | AF87: 0.67213115 | AG87: 0.60057887 | AK87: 0.7431694 | AL87: 0.68162084
J88: 0.96241135 | K88: =AVERAGE(Q88,V88,AA88,AF88,AK88,AP88) -> 0.75957447 | L88: =AVERAGE(R88,W88,AB88,AG88,AL88,AQ88) -> 0.65917355 | M88: =AVERAGE(S88,X88,AC88,AH88,AM88,AR88) -> #DIV/0! | N88: =AVERAGE(T88,Y88,AD88,AI88,AN88,AS88) -> #DIV/0! | O88: =AVERAGE(U88,Z88,AE88,AJ88,AO88,AT88) -> #DIV/0! | Q88: 0.78014184 | R88: 0.70413223 | V88: 0.78723404 | W88: 0.69256198 | AA88: 0.82624113 | AB88: 0.65454545 | AF88: 0.60638298 | AG88: 0.66942149 | AK88: 0.79787234 | AL88: 0.57520661
J89: 0.96689189 | K89: =AVERAGE(Q89,V89,AA89,AF89,AK89,AP89) -> 0.84932432 | L89: =AVERAGE(R89,W89,AB89,AG89,AL89,AQ89) -> 0.64741235 | M89: =AVERAGE(S89,X89,AC89,AH89,AM89,AR89) -> #DIV/0! | N89: =AVERAGE(T89,Y89,AD89,AI89,AN89,AS89) -> #DIV/0! | O89: =AVERAGE(U89,Z89,AE89,AJ89,AO89,AT89) -> #DIV/0! | Q89: 0.83783784 | R89: 0.68113523 | V89: 0.87837838 | W89: 0.74457429 | AA89: 0.85472973 | AB89: 0.59933222 | AF89: 0.84459459 | AG89: 0.68781302 | AK89: 0.83108108 | AL89: 0.52420701
J90: 0.95901639 | K90: =AVERAGE(Q90,V90,AA90,AF90,AK90,AP90) -> 0.83005464 | L90: =AVERAGE(R90,W90,AB90,AG90,AL90,AQ90) -> 0.5137931 | M90: =AVERAGE(S90,X90,AC90,AH90,AM90,AR90) -> #DIV/0! | N90: =AVERAGE(T90,Y90,AD90,AI90,AN90,AS90) -> #DIV/0! | O90: =AVERAGE(U90,Z90,AE90,AJ90,AO90,AT90) -> #DIV/0! | Q90: 0.76775956 | R90: 0.78103448 | V90: 0.86885246 | W90: 0.31551724 | AA90: 0.91256831 | AB90: 0.56724138 | AF90: 0.83606557 | AG90: 0.43103448 | AK90: 0.76502732 | AL90: 0.47413793
J91: 0.96897507 | K91: =AVERAGE(Q91,V91,AA91,AF91,AK91,AP91) -> 0.79944598 | L91: =AVERAGE(R91,W91,AB91,AG91,AL91,AQ91) -> 0.56385965 | M91: =AVERAGE(S91,X91,AC91,AH91,AM91,AR91) -> #DIV/0! | N91: =AVERAGE(T91,Y91,AD91,AI91,AN91,AS91) -> #DIV/0! | O91: =AVERAGE(U91,Z91,AE91,AJ91,AO91,AT91) -> #DIV/0! | Q91: 0.7700831 | R91: 0.52807018 | V91: 0.82271468 | W91: 0.56315789 | AA91: 0.8199446 | AB91: 0.67017544 | AF91: 0.73130194 | AG91: 0.46842105 | AK91: 0.8531856 | AL91: 0.58947368
... J109: 0.98577406 | K109: =AVERAGE(Q109,V109,AA109,AF109,AK109,AP109) -> 0.94309623 | L109: =AVERAGE(R109,W109,AB109,AG109,AL109,AQ109) -> 0.77807309 | M109: =AVERAGE(S109,X109,AC109,AH109,AM109,AR109) -> #DIV/0! | N109: =AVERAGE(T109,Y109,AD109,AI109,AN109,AS109) -> #DIV/0! | O109: =AVERAGE(U109,Z109,AE109,AJ109,AO109,AT109) -> #DIV/0! | Q109: 0.94560669 | R109: 0.81561462 | V109: 0.94560669 | W109: 0.75249169 | AA109: 0.9665272 | AB109: 0.72259136 | AF109: 0.958159 | AG109: 0.8255814 | AK109: 0.89958159 | AL109: 0.77408638
J111: 0.99067066 | K111: =AVERAGE(K80:K109) -> 0.85786553 | L111: =AVERAGE(L80:L109) -> 0.67638602 | M111: =AVERAGE(M80:M109) -> #DIV/0! | N111: =AVERAGE(N80:N109) -> #DIV/0! | O111: =AVERAGE(O80:O109) -> #DIV/0! | Q111: =AVERAGE(Q80:Q109) -> 0.8553969 | R111: =AVERAGE(R80:R109) -> 0.67514764 | S111: =AVERAGE(S80:S109) -> #DIV/0! | T111: =AVERAGE(T80:T109) -> #DIV/0! | U111: =AVERAGE(U80:U109) -> #DIV/0! | V111: =AVERAGE(V80:V109) -> 0.85482717 | W111: =AVERAGE(W80:W109) -> 0.66939174 | X111: =AVERAGE(X80:X109) -> #DIV/0! | ... AT111: =AVERAGE(AT80:AT109) -> #DIV/0!
J114: k=2
Q115: 1 | V115: 2 | AA115: 3 | AF115: 4 | AK115: 5 | AP115: 6
I116: ID | J116: Task 1 | K116: Task 2 | L116: Task 3 | M116: Task 4 | N116: Task 5 | O116: Task 6 | Q116: Task 2 | R116: Task 3 | S116: Task 4 | T116: Task 5 | U116: Task 6 | V116: Task 2 | W116: Task 3 | X116: Task 4 | Y116: Task 5 | Z116: Task 6 | AA116: Task 2 | AB116: Task 3 | AC116: Task 4 | AD116: Task 5 | AE116: Task 6 | AF116: Task 2 | AG116: Task 3 | AH116: Task 4 | AI116: Task 5 | AJ116: Task 6 | AK116: Task 2 | AL116: Task 3 | AM116: Task 4 | AN116: Task 5 | AO116: Task 6 | AP116: Task 2 | AQ116: Task 3 | AR116: Task 4 | AS116: Task 5 | AT116: Task 6
J117: 0.96443299 | K117: =AVERAGE(Q117,V117,AA117,AF117,AK117,AP117) -> 0.86134021 | L117: =AVERAGE(R117,W117,AB117,AG117,AL117,AQ117) -> 0.60164745 | M117: =AVERAGE(S117,X117,AC117,AH117,AM117,AR117) -> #DIV/0! | N117: =AVERAGE(T117,Y117,AD117,AI117,AN117,AS117) -> #DIV/0! | O117: =AVERAGE(U117,Z117,AE117,AJ117,AO117,AT117) -> #DIV/0! | Q117: 0.86340206 | R117: 0.56507414 | V117: 0.81443299 | W117: 0.60790774 | AA117: 0.87886598 | AB117: 0.66556837 | AF117: 0.90206186 | AG117: 0.52718287 | AK117: 0.84793814 | AL117: 0.64250412
J118: 0.97567568 | K118: =AVERAGE(Q118,V118,AA118,AF118,AK118,AP118) -> 0.83581081 | L118: =AVERAGE(R118,W118,AB118,AG118,AL118,AQ118) -> 0.62192691 | M118: =AVERAGE(S118,X118,AC118,AH118,AM118,AR118) -> #DIV/0! | N118: =AVERAGE(T118,Y118,AD118,AI118,AN118,AS118) -> #DIV/0! | O118: =AVERAGE(U118,Z118,AE118,AJ118,AO118,AT118) -> #DIV/0! | Q118: 0.84797297 | R118: 0.64119601 | V118: 0.83445946 | W118: 0.60631229 | AA118: 0.82094595 | AB118: 0.4833887 | AF118: 0.85472973 | AG118: 0.67109635 | AK118: 0.82094595 | AL118: 0.7076412
J119: 0.993125 | K119: =AVERAGE(Q119,V119,AA119,AF119,AK119,AP119) -> 0.94 | L119: =AVERAGE(R119,W119,AB119,AG119,AL119,AQ119) -> 0.84747475 | M119: =AVERAGE(S119,X119,AC119,AH119,AM119,AR119) -> #DIV/0! | N119: =AVERAGE(T119,Y119,AD119,AI119,AN119,AS119) -> #DIV/0! | O119: =AVERAGE(U119,Z119,AE119,AJ119,AO119,AT119) -> #DIV/0! | Q119: 0.940625 | R119: 0.83164983 | V119: 0.95625 | W119: 0.85353535 | AA119: 0.978125 | AB119: 0.88047138 | AF119: 0.9375 | AG119: 0.7996633 | AK119: 0.8875 | AL119: 0.87205387
J120: 0.99607843 | K120: =AVERAGE(Q120,V120,AA120,AF120,AK120,AP120) -> 0.91372549 | L120: =AVERAGE(R120,W120,AB120,AG120,AL120,AQ120) -> 0.78638941 | M120: =AVERAGE(S120,X120,AC120,AH120,AM120,AR120) -> #DIV/0! | N120: =AVERAGE(T120,Y120,AD120,AI120,AN120,AS120) -> #DIV/0! | O120: =AVERAGE(U120,Z120,AE120,AJ120,AO120,AT120) -> #DIV/0! | Q120: 0.93627451 | R120: 0.73913043 | V120: 0.83823529 | W120: 0.64839319 | AA120: 0.92647059 | AB120: 0.88657845 | AF120: 0.94117647 | AG120: 0.86200378 | AK120: 0.92647059 | AL120: 0.79584121
J121: 0.97184466 | K121: =AVERAGE(Q121,V121,AA121,AF121,AK121,AP121) -> 0.88932039 | L121: =AVERAGE(R121,W121,AB121,AG121,AL121,AQ121) -> 0.71977401 | M121: =AVERAGE(S121,X121,AC121,AH121,AM121,AR121) -> #DIV/0! | N121: =AVERAGE(T121,Y121,AD121,AI121,AN121,AS121) -> #DIV/0! | O121: =AVERAGE(U121,Z121,AE121,AJ121,AO121,AT121) -> #DIV/0! | Q121: 0.88349515 | R121: 0.70433145 | V121: 0.86407767 | W121: 0.6873823 | AA121: 0.93203883 | AB121: 0.7645951 | AF121: 0.88834951 | AG121: 0.69868173 | AK121: 0.87864078 | AL121: 0.74387947
J122: 0.98364312 | K122: =AVERAGE(Q122,V122,AA122,AF122,AK122,AP122) -> 0.84907063 | L122: =AVERAGE(R122,W122,AB122,AG122,AL122,AQ122) -> 0.61178451 | M122: =AVERAGE(S122,X122,AC122,AH122,AM122,AR122) -> #DIV/0! | N122: =AVERAGE(T122,Y122,AD122,AI122,AN122,AS122) -> #DIV/0! | O122: =AVERAGE(U122,Z122,AE122,AJ122,AO122,AT122) -> #DIV/0! | Q122: 0.81040892 | R122: 0.66329966 | V122: 0.81040892 | W122: 0.62121212 | AA122: 0.866171 | AB122: 0.52861953 | AF122: 0.86988848 | AG122: 0.75420875 | AK122: 0.88847584 | AL122: 0.49158249
J123: 0.98705502 | K123: =AVERAGE(Q123,V123,AA123,AF123,AK123,AP123) -> 0.85307443 | L123: =AVERAGE(R123,W123,AB123,AG123,AL123,AQ123) -> 0.72893204 | M123: =AVERAGE(S123,X123,AC123,AH123,AM123,AR123) -> #DIV/0! | N123: =AVERAGE(T123,Y123,AD123,AI123,AN123,AS123) -> #DIV/0! | O123: =AVERAGE(U123,Z123,AE123,AJ123,AO123,AT123) -> #DIV/0! | Q123: 0.77669903 | R123: 0.80582524 | V123: 0.94498382 | W123: 0.85631068 | AA123: 0.89644013 | AB123: 0.72815534 | AF123: 0.73786408 | AG123: 0.64466019 | AK123: 0.90938511 | AL123: 0.60970874
J124: 0.96666667 | K124: =AVERAGE(Q124,V124,AA124,AF124,AK124,AP124) -> 0.78688525 | L124: =AVERAGE(R124,W124,AB124,AG124,AL124,AQ124) -> 0.66628075 | M124: =AVERAGE(S124,X124,AC124,AH124,AM124,AR124) -> #DIV/0! | N124: =AVERAGE(T124,Y124,AD124,AI124,AN124,AS124) -> #DIV/0! | O124: =AVERAGE(U124,Z124,AE124,AJ124,AO124,AT124) -> #DIV/0! | Q124: 0.77322404 | R124: 0.53111433 | V124: 0.82513661 | W124: 0.74529667 | AA124: 0.83333333 | AB124: 0.67727931 | AF124: 0.75956284 | AG124: 0.7568741 | AK124: 0.7431694 | AL124: 0.62083936
J125: 0.96099291 | K125: =AVERAGE(Q125,V125,AA125,AF125,AK125,AP125) -> 0.6751773 | L125: =AVERAGE(R125,W125,AB125,AG125,AL125,AQ125) -> 0.65983471 | M125: =AVERAGE(S125,X125,AC125,AH125,AM125,AR125) -> #DIV/0! | N125: =AVERAGE(T125,Y125,AD125,AI125,AN125,AS125) -> #DIV/0! | O125: =AVERAGE(U125,Z125,AE125,AJ125,AO125,AT125) -> #DIV/0! | Q125: 0.82269504 | R125: 0.7107438 | V125: 0.78368794 | W125: 0.69090909 | AA125: 0.53546099 | AB125: 0.6231405 | AF125: 0.73404255 | AG125: 0.63966942 | AK125: 0.5 | AL125: 0.63471074
J126: 0.9777027 | K126: =AVERAGE(Q126,V126,AA126,AF126,AK126,AP126) -> 0.81891892 | L126: =AVERAGE(R126,W126,AB126,AG126,AL126,AQ126) -> 0.65542571 | M126: =AVERAGE(S126,X126,AC126,AH126,AM126,AR126) -> #DIV/0! | N126: =AVERAGE(T126,Y126,AD126,AI126,AN126,AS126) -> #DIV/0! | O126: =AVERAGE(U126,Z126,AE126,AJ126,AO126,AT126) -> #DIV/0! | Q126: 0.875 | R126: 0.60767947 | V126: 0.86824324 | W126: 0.5442404 | AA126: 0.7027027 | AB126: 0.58931553 | AF126: 0.85135135 | AG126: 0.8196995 | AK126: 0.7972973 | AL126: 0.71619366
J127: 0.95901639 | K127: =AVERAGE(Q127,V127,AA127,AF127,AK127,AP127) -> 0.82021858 | L127: =AVERAGE(R127,W127,AB127,AG127,AL127,AQ127) -> 0.64413793 | M127: =AVERAGE(S127,X127,AC127,AH127,AM127,AR127) -> #DIV/0! | N127: =AVERAGE(T127,Y127,AD127,AI127,AN127,AS127) -> #DIV/0! | O127: =AVERAGE(U127,Z127,AE127,AJ127,AO127,AT127) -> #DIV/0! | Q127: 0.8715847 | R127: 0.68965517 | V127: 0.79508197 | W127: 0.71896552 | AA127: 0.71857923 | AB127: 0.72931034 | AF127: 0.84699454 | AG127: 0.54655172 | AK127: 0.86885246 | AL127: 0.5362069
J128: 0.9734072 | K128: =AVERAGE(Q128,V128,AA128,AF128,AK128,AP128) -> 0.78891967 | L128: =AVERAGE(R128,W128,AB128,AG128,AL128,AQ128) -> 0.52175439 | M128: =AVERAGE(S128,X128,AC128,AH128,AM128,AR128) -> #DIV/0! | N128: =AVERAGE(T128,Y128,AD128,AI128,AN128,AS128) -> #DIV/0! | O128: =AVERAGE(U128,Z128,AE128,AJ128,AO128,AT128) -> #DIV/0! | Q128: 0.72853186 | R128: 0.34035088 | V128: 0.77839335 | W128: 0.57192982 | AA128: 0.8531856 | AB128: 0.66666667 | AF128: 0.75069252 | AG128: 0.41754386 | AK128: 0.83379501 | AL128: 0.6122807
... J146: 0.99330544 | K146: =AVERAGE(Q146,V146,AA146,AF146,AK146,AP146) -> 0.95648536 | L146: =AVERAGE(R146,W146,AB146,AG146,AL146,AQ146) -> 0.70199336 | M146: =AVERAGE(S146,X146,AC146,AH146,AM146,AR146) -> #DIV/0! | N146: =AVERAGE(T146,Y146,AD146,AI146,AN146,AS146) -> #DIV/0! | O146: =AVERAGE(U146,Z146,AE146,AJ146,AO146,AT146) -> #DIV/0! | Q146: 0.9707113 | R146: 0.63787375 | V146: 0.9707113 | W146: 0.78571429 | AA146: 0.94979079 | AB146: 0.74086379 | AF146: 0.9707113 | AG146: 0.65614618 | AK146: 0.92050209 | AL146: 0.68936877
J148: 0.99084324 | K148: =AVERAGE(K117:K146) -> 0.85223348 | L148: =AVERAGE(L117:L146) -> 0.67936394 | M148: =AVERAGE(M117:M146) -> #DIV/0! | N148: =AVERAGE(N117:N146) -> #DIV/0! | O148: =AVERAGE(O117:O146) -> #DIV/0! | Q148: =AVERAGE(Q117:Q146) -> 0.85884987 | R148: =AVERAGE(R117:R146) -> 0.66689231 | S148: =AVERAGE(S117:S146) -> #DIV/0! | T148: =AVERAGE(T117:T146) -> #DIV/0! | U148: =AVERAGE(U117:U146) -> #DIV/0! | V148: =AVERAGE(V117:V146) -> 0.85194689 | W148: =AVERAGE(W117:W146) -> 0.69510322 | X148: =AVERAGE(X117:X146) -> #DIV/0! | ... AT148: =AVERAGE(AT117:AT146) -> #DIV/0!
J151: k=3
Q152: 1 | V152: 2 | AA152: 3 | AF152: 4 | AK152: 5 | AP152: 6
I153: ID | J153: Task 1 | K153: Task 2 | L153: Task 3 | M153: Task 4 | N153: Task 5 | O153: Task 6 | Q153: Task 2 | R153: Task 3 | S153: Task 4 | T153: Task 5 | U153: Task 6 | V153: Task 2 | W153: Task 3 | X153: Task 4 | Y153: Task 5 | Z153: Task 6 | AA153: Task 2 | AB153: Task 3 | AC153: Task 4 | AD153: Task 5 | AE153: Task 6 | AF153: Task 2 | AG153: Task 3 | AH153: Task 4 | AI153: Task 5 | AJ153: Task 6 | AK153: Task 2 | AL153: Task 3 | AM153: Task 4 | AN153: Task 5 | AO153: Task 6 | AP153: Task 2 | AQ153: Task 3 | AR153: Task 4 | AS153: Task 5 | AT153: Task 6
...

Sheet Person_1
J3: k=0.25
Q4: 1 | V4: 2 | AA4: 3 | AF4: 4 | AK4: 5 | AP4: 6
A5: k | B5: Task 1 | C5: Task 2 | D5: Task 3 | E5: Task 4 | F5: Task 5 | G5: Task 6 | I5: ID | J5: Task 1 | K5: Task 2 | L5: Task 3 | M5: Task 4 | N5: Task 5 | O5: Task 6 | Q5: Task 2 | R5: Task 3 | S5: Task 4 | T5: Task 5 | U5: Task 6 | V5: Task 2 | W5: Task 3 | X5: Task 4 | Y5: Task 5 | Z5: Task 6 | AA5: Task 2 | AB5: Task 3 | AC5: Task 4 | AD5: Task 5 | AE5: Task 6 | AF5: Task 2 | AG5: Task 3 | AH5: Task 4 | AI5: Task 5 | AJ5: Task 6 | AK5: Task 2 | AL5: Task 3 | AM5: Task 4 | AN5: Task 5 | AO5: Task 6 | AP5: Task 2 | AQ5: Task 3 | AR5: Task 4 | AS5: Task 5 | AT5: Task 6 | AV5: =A6 -> 0.25 | AW5: Task 2 | AX5: Task 3 | AY5: Task 4 | AZ5: Task 5 | BA5: Task 6
A6: 0.25 | B6: =AVERAGE(J6:J35) -> 0.95929409 | C6: =AVERAGE(K6:K35) -> 0.75243325 | D6: =AVERAGE(L6:L35) -> 0.5519229 | E6: =AVERAGE(M6:M35) -> #DIV/0! | F6: =AVERAGE(N6:N35) -> #DIV/0! | G6: =AVERAGE(O6:O35) -> #DIV/0! | J6: 0.97258065 | K6: =AVERAGE(Q6,V6,AA6,AF6,AK6,AP6) -> 0.65053763 | L6: =AVERAGE(R6,W6,AB6,AG6,AL6,AQ6) -> 0.53697183 | M6: =AVERAGE(S6,X6,AC6,AH6,AM6,AR6) -> #DIV/0! | N6: =AVERAGE(T6,Y6,AD6,AI6,AN6,AS6) -> #DIV/0! | O6: =AVERAGE(U6,Z6,AE6,AJ6,AO6,AT6) -> #DIV/0! | Q6: 0.55913978 | R6: 0.54929577 | V6: 0.63172043 | W6: 0.5915493 | AA6: 0.72580645 | AB6: 0.47183099 | AF6: 0.64784946 | AG6: 0.58978873 | AK6: 0.68817204 | AL6: 0.48239437 | AV6: 1 | AW6: =$Q$37 -> 0.75474869 | AX6: =$R$37 -> 0.50724541 | AY6: =$S$37 -> #DIV/0! | AZ6: =$T$37 -> #DIV/0! | BA6: =$U$37 -> #DIV/0!
A7: 0.5 | B7: =AVERAGE(J43:J72) -> 0.95869258 | C7: =AVERAGE(K43:K72) -> 0.76644592 | D7: =AVERAGE(L43:L72) -> 0.58857374 | E7: =AVERAGE(M43:M72) -> #DIV/0! | F7: =AVERAGE(N43:N72) -> #DIV/0! | G7: =AVERAGE(O43:O72) -> #DIV/0! | J7: 0.98028169 | K7: =AVERAGE(Q7,V7,AA7,AF7,AK7,AP7) -> 0.56619718 | L7: =AVERAGE(R7,W7,AB7,AG7,AL7,AQ7) -> 0.49230769 | M7: =AVERAGE(S7,X7,AC7,AH7,AM7,AR7) -> #DIV/0! | N7: =AVERAGE(T7,Y7,AD7,AI7,AN7,AS7) -> #DIV/0! | O7: =AVERAGE(U7,Z7,AE7,AJ7,AO7,AT7) -> #DIV/0! | Q7: 0.58098592 | R7: 0.6118068 | V7: 0.52112676 | W7: 0.56529517 | AA7: 0.66901408 | AB7: 0.58497317 | AF7: 0.49647887 | AG7: 0.15563506 | AK7: 0.56338028 | AL7: 0.54382826 | AV7: 2 | AW7: =$V$37 -> 0.68923658 | AX7: =$W$37 -> 0.55471035 | AY7: =$X$37 -> #DIV/0! | AZ7: =$Y$37 -> #DIV/0! | BA7: =$Z$37 -> #DIV/0!
A8: 1 | B8: =AVERAGE(J80:J109) -> 0.95986443 | C8: =AVERAGE(K80:K109) -> 0.77173524 | D8: =AVERAGE(L80:L109) -> 0.57854987 | E8: =AVERAGE(M80:M109) -> #DIV/0! | F8: =AVERAGE(N80:N109) -> #DIV/0! | G8: =AVERAGE(O80:O109) -> #DIV/0! | J8: 0.96426117 | K8: =AVERAGE(Q8,V8,AA8,AF8,AK8,AP8) -> 0.6838488 | L8: =AVERAGE(R8,W8,AB8,AG8,AL8,AQ8) -> 0.53402062 | M8: =AVERAGE(S8,X8,AC8,AH8,AM8,AR8) -> #DIV/0! | N8: =AVERAGE(T8,Y8,AD8,AI8,AN8,AS8) -> #DIV/0! | O8: =AVERAGE(U8,Z8,AE8,AJ8,AO8,AT8) -> #DIV/0! | Q8: 0.73539519 | R8: 0.56357388 | V8: 0.43298969 | W8: 0.33161512 | AA8: 0.79725086 | AB8: 0.58762887 | AF8: 0.72852234 | AG8: 0.44329897 | AK8: 0.72508591 | AL8: 0.74398625 | AV8: 3 | AW8: =$AA$37 -> 0.76185971 | AX8: =$AB$37 -> 0.60533527 | AY8: =$AC$37 -> #DIV/0! | AZ8: =$AD$37 -> #DIV/0! | BA8: =$AE$37 -> #DIV/0!
A9: 2 | B9: =AVERAGE(J117:J146) -> 0.9588441 | C9: =AVERAGE(K117:K146) -> 0.78816491 | D9: =AVERAGE(L117:L146) -> 0.58254337 | E9: =AVERAGE(M117:M146) -> #DIV/0! | F9: =AVERAGE(N117:N146) -> #DIV/0! | G9: =AVERAGE(O117:O146) -> #DIV/0! | J9: 0.98240741 | K9: =AVERAGE(Q9,V9,AA9,AF9,AK9,AP9) -> 0.84907407 | L9: =AVERAGE(R9,W9,AB9,AG9,AL9,AQ9) -> 0.58604651 | M9: =AVERAGE(S9,X9,AC9,AH9,AM9,AR9) -> #DIV/0! | N9: =AVERAGE(T9,Y9,AD9,AI9,AN9,AS9) -> #DIV/0! | O9: =AVERAGE(U9,Z9,AE9,AJ9,AO9,AT9) -> #DIV/0! | Q9: 0.83796296 | R9: 0.70155039 | V9: 0.8287037 | W9: 0.61627907 | AA9: 0.7962963 | AB9: 0.46317829 | AF9: 0.87962963 | AG9: 0.50775194 | AK9: 0.90277778 | AL9: 0.64147287 | AV9: 4 | AW9: =$AF$37 -> 0.77450701 | AX9: =$AG$37 -> 0.46573983 | AY9: =$AH$37 -> #DIV/0! | AZ9: =$AI$37 -> #DIV/0! | BA9: =$AJ$37 -> #DIV/0!
A10: 3 | B10: =AVERAGE(J154:J183) -> 0.95895378 | C10: =AVERAGE(K154:K183) -> 0.79844021 | D10: =AVERAGE(L154:L183) -> 0.58215571 | E10: =AVERAGE(M154:M183) -> #DIV/0! | F10: =AVERAGE(N154:N183) -> #DIV/0! | G10: =AVERAGE(O154:O183) -> #DIV/0! | J10: 0.9647619 | K10: =AVERAGE(Q10,V10,AA10,AF10,AK10,AP10) -> 0.76571429 | L10: =AVERAGE(R10,W10,AB10,AG10,AL10,AQ10) -> 0.56626016 | M10: =AVERAGE(S10,X10,AC10,AH10,AM10,AR10) -> #DIV/0! | N10: =AVERAGE(T10,Y10,AD10,AI10,AN10,AS10) -> #DIV/0! | O10: =AVERAGE(U10,Z10,AE10,AJ10,AO10,AT10) -> #DIV/0! | Q10: 0.84761905 | R10: 0.38211382 | V10: 0.34761905 | W10: 0.45934959 | AA10: 0.82857143 | AB10: 0.73170732 | AF10: 0.87619048 | AG10: 0.45325203 | AK10: 0.92857143 | AL10: 0.80487805 | AV10: 5 | AW10: =$AK$37 -> 0.78181428 | AX10: =$AL$37 -> 0.62658366 | AY10: =$AM$37 -> #DIV/0! | AZ10: =$AN$37 -> #DIV/0! | BA10: =$AO$37 -> #DIV/0!
J11: 0.85744681 | K11: =AVERAGE(Q11,V11,AA11,AF11,AK11,AP11) -> 0.6964539 | L11: =AVERAGE(R11,W11,AB11,AG11,AL11,AQ11) -> 0.51524823 | M11: =AVERAGE(S11,X11,AC11,AH11,AM11,AR11) -> #DIV/0! | N11: =AVERAGE(T11,Y11,AD11,AI11,AN11,AS11) -> #DIV/0! | O11: =AVERAGE(U11,Z11,AE11,AJ11,AO11,AT11) -> #DIV/0! | Q11: 0.68085106 | R11: 0.58156028 | V11: 0.65602837 | W11: 0.39893617 | AA11: 0.69858156 | AB11: 0.65957447 | AF11: 0.77304965 | AG11: 0.41489362 | AK11: 0.67375887 | AL11: 0.5212766 | AV11: 6 | AW11: =$AP$37 -> #DIV/0! | AX11: =$AQ$37 -> #DIV/0! | AY11: =$AR$37 -> #DIV/0! | AZ11: =$AS$37 -> #DIV/0! | BA11: =$AT$37 -> #DIV/0!
J12: 0.97862069 | K12: =AVERAGE(Q12,V12,AA12,AF12,AK12,AP12) -> 0.88758621 | L12: =AVERAGE(R12,W12,AB12,AG12,AL12,AQ12) -> 0.468 | M12: =AVERAGE(S12,X12,AC12,AH12,AM12,AR12) -> #DIV/0! | N12: =AVERAGE(T12,Y12,AD12,AI12,AN12,AS12) -> #DIV/0! | O12: =AVERAGE(U12,Z12,AE12,AJ12,AO12,AT12) -> #DIV/0! | Q12: 0.96551724 | R12: 0.448 | V12: 0.89655172 | W12: 0.714 | AA12: 0.81034483 | AB12: 0.502 | AF12: 0.85862069 | AG12: 0.28 | AK12: 0.90689655 | AL12: 0.396
J13: 0.97894737 | K13: =AVERAGE(Q13,V13,AA13,AF13,AK13,AP13) -> 0.80498615 | L13: =AVERAGE(R13,W13,AB13,AG13,AL13,AQ13) -> 0.56490166 | M13: =AVERAGE(S13,X13,AC13,AH13,AM13,AR13) -> #DIV/0! | N13: =AVERAGE(T13,Y13,AD13,AI13,AN13,AS13) -> #DIV/0! | O13: =AVERAGE(U13,Z13,AE13,AJ13,AO13,AT13) -> #DIV/0! | Q13: 0.80886427 | R13: 0.50832073 | V13: 0.75900277 | W13: 0.59909228 | AA13: 0.78116343 | AB13: 0.58850227 | AF13: 0.80055402 | AG13: 0.55673222 | AK13: 0.87534626 | AL13: 0.57186082
J14: 0.98656716 | K14: =AVERAGE(Q14,V14,AA14,AF14,AK14,AP14) -> 0.69029851 | L14: =AVERAGE(R14,W14,AB14,AG14,AL14,AQ14) -> 0.58710801 | M14: =AVERAGE(S14,X14,AC14,AH14,AM14,AR14) -> #DIV/0! | N14: =AVERAGE(T14,Y14,AD14,AI14,AN14,AS14) -> #DIV/0! | O14: =AVERAGE(U14,Z14,AE14,AJ14,AO14,AT14) -> #DIV/0! | Q14: 0.67910448 | R14: 0.68815331 | V14: 0.74253731 | W14: 0.56968641 | AA14: 0.63432836 | AB14: 0.53832753 | AF14: 0.72761194 | AG14: 0.51219512 | AK14: 0.66791045 | AL14: 0.6271777
J15: 0.97887324 | K15: =AVERAGE(Q15,V15,AA15,AF15,AK15,AP15) -> 0.56478873 | L15: =AVERAGE(R15,W15,AB15,AG15,AL15,AQ15) -> 0.57975567 | M15: =AVERAGE(S15,X15,AC15,AH15,AM15,AR15) -> #DIV/0! | N15: =AVERAGE(T15,Y15,AD15,AI15,AN15,AS15) -> #DIV/0! | O15: =AVERAGE(U15,Z15,AE15,AJ15,AO15,AT15) -> #DIV/0! | Q15: 0.72183099 | R15: 0.51308901 | V15: 0.43309859 | W15: 0.61431065 | AA15: 0.46478873 | AB15: 0.60383944 | AF15: 0.63028169 | AG15: 0.46422339 | AK15: 0.57394366 | AL15: 0.70331588 | AV15: =A7 -> 0.5 | AW15: Task 2 | AX15: Task 3 | AY15: Task 4 | AZ15: Task 5 | BA15: Task 6
J16: 0.96358839 | K16: =AVERAGE(Q16,V16,AA16,AF16,AK16,AP16) -> 0.86965699 | L16: =AVERAGE(R16,W16,AB16,AG16,AL16,AQ16) -> 0.6024735 | M16: =AVERAGE(S16,X16,AC16,AH16,AM16,AR16) -> #DIV/0! | N16: =AVERAGE(T16,Y16,AD16,AI16,AN16,AS16) -> #DIV/0! | O16: =AVERAGE(U16,Z16,AE16,AJ16,AO16,AT16) -> #DIV/0! | Q16: 0.93139842 | R16: 0.47526502 | V16: 0.91556728 | W16: 0.49646643 | AA16: 0.80211082 | AB16: 0.82862191 | AF16: 0.75989446 | AG16: 0.40282686 | AK16: 0.93931398 | AL16: 0.80918728 | AV16: 1 | AW16: =$Q$74 -> 0.73882195 | AX16: =$R$74 -> 0.56533843 | AY16: =$S$74 -> #DIV/0! | AZ16: =$T$74 -> #DIV/0! | BA16: =$U$74 -> #DIV/0!
J17: 0.8772973 | K17: =AVERAGE(Q17,V17,AA17,AF17,AK17,AP17) -> 0.73513514 | L17: =AVERAGE(R17,W17,AB17,AG17,AL17,AQ17) -> 0.57747899 | M17: =AVERAGE(S17,X17,AC17,AH17,AM17,AR17) -> #DIV/0! | N17: =AVERAGE(T17,Y17,AD17,AI17,AN17,AS17) -> #DIV/0! | O17: =AVERAGE(U17,Z17,AE17,AJ17,AO17,AT17) -> #DIV/0! | Q17: 0.72972973 | R17: 0.5512605 | V17: 0.77027027 | W17: 0.40336134 | AA17: 0.71081081 | AB17: 0.60840336 | AF17: 0.74864865 | AG17: 0.54117647 | AK17: 0.71621622 | AL17: 0.78319328 | AV17: 2 | AW17: =$V$74 -> 0.75156716 | AX17: =$W$74 -> 0.58364599 | AY17: =$X$74 -> #DIV/0! | AZ17: =$Y$74 -> #DIV/0! | BA17: =$Z$74 -> #DIV/0!
J18: 0.97745455 | K18: =AVERAGE(Q18,V18,AA18,AF18,AK18,AP18) -> 0.83854545 | L18: =AVERAGE(R18,W18,AB18,AG18,AL18,AQ18) -> 0.48803681 | M18: =AVERAGE(S18,X18,AC18,AH18,AM18,AR18) -> #DIV/0! | N18: =AVERAGE(T18,Y18,AD18,AI18,AN18,AS18) -> #DIV/0! | O18: =AVERAGE(U18,Z18,AE18,AJ18,AO18,AT18) -> #DIV/0! | Q18: 0.89454545 | R18: 0.46779141 | V18: 0.90181818 | W18: 0.46165644 | AA18: 0.83636364 | AB18: 0.61656442 | AF18: 0.81090909 | AG18: 0.35276074 | AK18: 0.74909091 | AL18: 0.54141104 | AV18: 3 | AW18: =$AA$74 -> 0.79120913 | AX18: =$AB$74 -> 0.58239238 | AY18: =$AC$74 -> #DIV/0! | AZ18: =$AD$74 -> #DIV/0! | BA18: =$AE$74 -> #DIV/0!
J19: 0.95862069 | K19: =AVERAGE(Q19,V19,AA19,AF19,AK19,AP19) -> 0.83793103 | L19: =AVERAGE(R19,W19,AB19,AG19,AL19,AQ19) -> 0.59496124 | M19: =AVERAGE(S19,X19,AC19,AH19,AM19,AR19) -> #DIV/0! | N19: =AVERAGE(T19,Y19,AD19,AI19,AN19,AS19) -> #DIV/0! | O19: =AVERAGE(U19,Z19,AE19,AJ19,AO19,AT19) -> #DIV/0! | Q19: 0.85862069 | R19: 0.53875969 | V19: 0.79310345 | W19: 0.60271318 | AA19: 0.86551724 | AB19: 0.63372093 | AF19: 0.8 | AG19: 0.58139535 | AK19: 0.87241379 | AL19: 0.61821705 | AV19: 4 | AW19: =$AF$74 -> 0.76760366 | AX19: =$AG$74 -> 0.56895077 | AY19: =$AH$74 -> #DIV/0! | AZ19: =$AI$74 -> #DIV/0! | BA19: =$AJ$74 -> #DIV/0!
J20: 0.97345133 | K20: =AVERAGE(Q20,V20,AA20,AF20,AK20,AP20) -> 0.89911504 | L20: =AVERAGE(R20,W20,AB20,AG20,AL20,AQ20) -> 0.37108844 | M20: =AVERAGE(S20,X20,AC20,AH20,AM20,AR20) -> #DIV/0! | N20: =AVERAGE(T20,Y20,AD20,AI20,AN20,AS20) -> #DIV/0! | O20: =AVERAGE(U20,Z20,AE20,AJ20,AO20,AT20) -> #DIV/0! | Q20: 0.87610619 | R20: 0.30272109 | V20: 0.92035398 | W20: 0.29081633 | AA20: 0.82300885 | AB20: 0.57993197 | AF20: 0.94690265 | AG20: 0.31462585 | AK20: 0.92920354 | AL20: 0.36734694 | AV20: 5 | AW20: =$AK$74 -> 0.7830277 | AX20: =$AL$74 -> 0.64254115 | AY20: =$AM$74 -> #DIV/0! | AZ20: =$AN$74 -> #DIV/0! | BA20: =$AO$74 -> #DIV/0!
J21: 0.96549865 | K21: =AVERAGE(Q21,V21,AA21,AF21,AK21,AP21) -> 0.49433962 | L21: =AVERAGE(R21,W21,AB21,AG21,AL21,AQ21) -> 0.46494845 | M21: =AVERAGE(S21,X21,AC21,AH21,AM21,AR21) -> #DIV/0! | N21: =AVERAGE(T21,Y21,AD21,AI21,AN21,AS21) -> #DIV/0! | O21: =AVERAGE(U21,Z21,AE21,AJ21,AO21,AT21) -> #DIV/0! | Q21: 0.045822102 | R21: 0.38487973 | V21: 0.58490566 | W21: 0.49656357 | AA21: 0.65229111 | AB21: 0.50859107 | AF21: 0.64150943 | AG21: 0.50515464 | AK21: 0.54716981 | AL21: 0.42955326 | AV21: 6 | AW21: =$AP$74 -> #DIV/0! | AX21: =$AQ$74 -> #DIV/0! | AY21: =$AR$74 -> #DIV/0! | AZ21: =$AS$74 -> #DIV/0! | BA21: =$AT$74 -> #DIV/0!
J22: 0.9017341 | K22: =AVERAGE(Q22,V22,AA22,AF22,AK22,AP22) -> 0.60809249 | L22: =AVERAGE(R22,W22,AB22,AG22,AL22,AQ22) -> 0.52329247 | M22: =AVERAGE(S22,X22,AC22,AH22,AM22,AR22) -> #DIV/0! | N22: =AVERAGE(T22,Y22,AD22,AI22,AN22,AS22) -> #DIV/0! | O22: =AVERAGE(U22,Z22,AE22,AJ22,AO22,AT22) -> #DIV/0! | Q22: 0.52023121 | R22: 0.42556918 | V22: 0.63294798 | W22: 0.59894921 | AA22: 0.53468208 | AB22: 0.47985989 | AF22: 0.68208092 | AG22: 0.48336252 | AK22: 0.67052023 | AL22: 0.62872154
J23: 0.87533875 | K23: =AVERAGE(Q23,V23,AA23,AF23,AK23,AP23) -> 0.75230352 | L23: =AVERAGE(R23,W23,AB23,AG23,AL23,AQ23) -> 0.57814871 | M23: =AVERAGE(S23,X23,AC23,AH23,AM23,AR23) -> #DIV/0! | N23: =AVERAGE(T23,Y23,AD23,AI23,AN23,AS23) -> #DIV/0! | O23: =AVERAGE(U23,Z23,AE23,AJ23,AO23,AT23) -> #DIV/0! | Q23: 0.7804878 | R23: 0.61456753 | V23: 0.74525745 | W23: 0.60394537 | AA23: 0.7398374 | AB23: 0.45827011 | AF23: 0.78319783 | AG23: 0.57663126 | AK23: 0.71273713 | AL23: 0.63732929
J24: 0.975 | K24: =AVERAGE(Q24,V24,AA24,AF24,AK24,AP24) -> 0.90263158 | L24: =AVERAGE(R24,W24,AB24,AG24,AL24,AQ24) -> 0.52819473 | M24: =AVERAGE(S24,X24,AC24,AH24,AM24,AR24) -> #DIV/0! | N24: =AVERAGE(T24,Y24,AD24,AI24,AN24,AS24) -> #DIV/0! | O24: =AVERAGE(U24,Z24,AE24,AJ24,AO24,AT24) -> #DIV/0! | Q24: 0.92434211 | R24: 0.28803245 | V24: 0.88486842 | W24: 0.63286004 | AA24: 0.88157895 | AB24: 0.61663286 | AF24: 0.91447368 | AG24: 0.46653144 | AK24: 0.90789474 | AL24: 0.63691684
J25: 0.95448276 | K25: =AVERAGE(Q25,V25,AA25,AF25,AK25,AP25) -> 0.77517241 | L25: =AVERAGE(R25,W25,AB25,AG25,AL25,AQ25) -> 0.55376344 | M25: =AVERAGE(S25,X25,AC25,AH25,AM25,AR25) -> #DIV/0! | N25: =AVERAGE(T25,Y25,AD25,AI25,AN25,AS25) -> #DIV/0! | O25: =AVERAGE(U25,Z25,AE25,AJ25,AO25,AT25) -> #DIV/0! | Q25: 0.78275862 | R25: 0.49820789 | V25: 0.71034483 | W25: 0.55376344 | AA25: 0.73103448 | AB25: 0.65770609 | AF25: 0.82068966 | AG25: 0.3781362 | AK25: 0.83103448 | AL25: 0.68100358 | AV25: =A8 -> 1 | AW25: Task 2 | AX25: Task 3 | AY25: Task 4 | AZ25: Task 5 | BA25: Task 6
J26: 0.97722772 | K26: =AVERAGE(Q26,V26,AA26,AF26,AK26,AP26) -> 0.6980198 | L26: =AVERAGE(R26,W26,AB26,AG26,AL26,AQ26) -> 0.55456389 | M26: =AVERAGE(S26,X26,AC26,AH26,AM26,AR26) -> #DIV/0! | N26: =AVERAGE(T26,Y26,AD26,AI26,AN26,AS26) -> #DIV/0! | O26: =AVERAGE(U26,Z26,AE26,AJ26,AO26,AT26) -> #DIV/0! | Q26: 0.71287129 | R26: 0.46855984 | V26: 0.18316832 | W26: 0.5030426 | AA26: 0.87128713 | AB26: 0.57606491 | AF26: 0.82673267 | AG26: 0.4969574 | AK26: 0.8960396 | AL26: 0.72819473 | AV26: 1 | AW26: =$Q$111 -> 0.75804493 | AX26: =$R$111 -> 0.57772724 | AY26: =$S$111 -> #DIV/0! | AZ26: =$T$111 -> #DIV/0! | BA26: =$U$111 -> #DIV/0!
J27: 0.96701031 | K27: =AVERAGE(Q27,V27,AA27,AF27,AK27,AP27) -> 0.69553265 | L27: =AVERAGE(R27,W27,AB27,AG27,AL27,AQ27) -> 0.62386555 | M27: =AVERAGE(S27,X27,AC27,AH27,AM27,AR27) -> #DIV/0! | N27: =AVERAGE(T27,Y27,AD27,AI27,AN27,AS27) -> #DIV/0! | O27: =AVERAGE(U27,Z27,AE27,AJ27,AO27,AT27) -> #DIV/0! | Q27: 0.89690722 | R27: 0.66218487 | V27: 0.27147766 | W27: 0.49243697 | AA27: 0.82474227 | AB27: 0.66386555 | AF27: 0.68041237 | AG27: 0.66218487 | AK27: 0.80412371 | AL27: 0.63865546 | AV27: 2 | AW27: =$V$111 -> 0.79454245 | AX27: =$W$111 -> 0.58456228 | AY27: =$X$111 -> #DIV/0! | AZ27: =$Y$111 -> #DIV/0! | BA27: =$Z$111 -> #DIV/0!
J28: 0.96334232 | K28: =AVERAGE(Q28,V28,AA28,AF28,AK28,AP28) -> 0.57196765 | L28: =AVERAGE(R28,W28,AB28,AG28,AL28,AQ28) -> 0.56302817 | M28: =AVERAGE(S28,X28,AC28,AH28,AM28,AR28) -> #DIV/0! | N28: =AVERAGE(T28,Y28,AD28,AI28,AN28,AS28) -> #DIV/0! | O28: =AVERAGE(U28,Z28,AE28,AJ28,AO28,AT28) -> #DIV/0! | Q28: 0.51752022 | R28: 0.4665493 | V28: 0.51212938 | W28: 0.6584507 | AA28: 0.61725067 | AB28: 0.58802817 | AF28: 0.60107817 | AG28: 0.43309859 | AK28: 0.61185984 | AL28: 0.66901408 | AV28: 3 | AW28: =$AA$111 -> 0.80040792 | AX28: =$AB$111 -> 0.5537183 | AY28: =$AC$111 -> #DIV/0! | AZ28: =$AD$111 -> #DIV/0! | BA28: =$AE$111 -> #DIV/0!
J29: 0.98148148 | K29: =AVERAGE(Q29,V29,AA29,AF29,AK29,AP29) -> 0.83240741 | L29: =AVERAGE(R29,W29,AB29,AG29,AL29,AQ29) -> 0.51950355 | M29: =AVERAGE(S29,X29,AC29,AH29,AM29,AR29) -> #DIV/0! | N29: =AVERAGE(T29,Y29,AD29,AI29,AN29,AS29) -> #DIV/0! | O29: =AVERAGE(U29,Z29,AE29,AJ29,AO29,AT29) -> #DIV/0! | Q29: 0.89351852 | R29: 0.40780142 | V29: 0.66203704 | W29: 0.47163121 | AA29: 0.86574074 | AB29: 0.59219858 | AF29: 0.86574074 | AG29: 0.49822695 | AK29: 0.875 | AL29: 0.62765957 | AV29: 4 | AW29: =$AF$111 -> 0.73049347 | AX29: =$AG$111 -> 0.5218141 | AY29: =$AH$111 -> #DIV/0! | AZ29: =$AI$111 -> #DIV/0! | BA29: =$AJ$111 -> #DIV/0!
J30: 0.97433628 | K30: =AVERAGE(Q30,V30,AA30,AF30,AK30,AP30) -> 0.92743363 | L30: =AVERAGE(R30,W30,AB30,AG30,AL30,AQ30) -> 0.6653144 | M30: =AVERAGE(S30,X30,AC30,AH30,AM30,AR30) -> #DIV/0! | N30: =AVERAGE(T30,Y30,AD30,AI30,AN30,AS30) -> #DIV/0! | O30: =AVERAGE(U30,Z30,AE30,AJ30,AO30,AT30) -> #DIV/0! | Q30: 0.90707965 | R30: 0.76064909 | V30: 0.95132743 | W30: 0.60851927 | AA30: 0.90707965 | AB30: 0.8296146 | AF30: 0.92477876 | AG30: 0.39350913 | AK30: 0.94690265 | AL30: 0.73427992 | AV30: 5 | AW30: =$AK$111 -> 0.77518741 | AX30: =$AL$111 -> 0.65492742 | AY30: =$AM$111 -> #DIV/0! | AZ30: =$AN$111 -> #DIV/0! | BA30: =$AO$111 -> #DIV/0!
J31: 0.97826087 | K31: =AVERAGE(Q31,V31,AA31,AF31,AK31,AP31) -> 0.81449275 | L31: =AVERAGE(R31,W31,AB31,AG31,AL31,AQ31) -> 0.57870855 | M31: =AVERAGE(S31,X31,AC31,AH31,AM31,AR31) -> #DIV/0! | N31: =AVERAGE(T31,Y31,AD31,AI31,AN31,AS31) -> #DIV/0! | O31: =AVERAGE(U31,Z31,AE31,AJ31,AO31,AT31) -> #DIV/0! | Q31: 0.81884058 | R31: 0.44328098 | V31: 0.83695652 | W31: 0.59685864 | AA31: 0.8115942 | AB31: 0.71378709 | AF31: 0.89492754 | AG31: 0.51483421 | AK31: 0.71014493 | AL31: 0.62478185 | AV31: 6 | AW31: =$AP$111 -> #DIV/0! | AX31: =$AQ$111 -> #DIV/0! | AY31: =$AR$111 -> #DIV/0! | AZ31: =$AS$111 -> #DIV/0! | BA31: =$AT$111 -> #DIV/0!
J32: 0.96 | K32: =AVERAGE(Q32,V32,AA32,AF32,AK32,AP32) -> 0.85809524 | L32: =AVERAGE(R32,W32,AB32,AG32,AL32,AQ32) -> 0.63154122 | M32: =AVERAGE(S32,X32,AC32,AH32,AM32,AR32) -> #DIV/0! | N32: =AVERAGE(T32,Y32,AD32,AI32,AN32,AS32) -> #DIV/0! | O32: =AVERAGE(U32,Z32,AE32,AJ32,AO32,AT32) -> #DIV/0! | Q32: 0.79047619 | R32: 0.42831541 | V32: 0.87619048 | W32: 0.76523297 | AA32: 0.87619048 | AB32: 0.69354839 | AF32: 0.91428571 | AG32: 0.6827957 | AK32: 0.83333333 | AL32: 0.58781362
J33: 0.97816901 | K33: =AVERAGE(Q33,V33,AA33,AF33,AK33,AP33) -> 0.56338028 | L33: =AVERAGE(R33,W33,AB33,AG33,AL33,AQ33) -> 0.52312925 | M33: =AVERAGE(S33,X33,AC33,AH33,AM33,AR33) -> #DIV/0! | N33: =AVERAGE(T33,Y33,AD33,AI33,AN33,AS33) -> #DIV/0! | O33: =AVERAGE(U33,Z33,AE33,AJ33,AO33,AT33) -> #DIV/0! | Q33: 0.61619718 | R33: 0.49829932 | V33: 0.54225352 | W33: 0.50680272 | AA33: 0.47887324 | AB33: 0.56972789 | AF33: 0.49647887 | AG33: 0.46598639 | AK33: 0.68309859 | AL33: 0.57482993
J34: 0.9646438 | K34: =AVERAGE(Q34,V34,AA34,AF34,AK34,AP34) -> 0.93456464 | L34: =AVERAGE(R34,W34,AB34,AG34,AL34,AQ34) -> 0.68770865 | M34: =AVERAGE(S34,X34,AC34,AH34,AM34,AR34) -> #DIV/0! | N34: =AVERAGE(T34,Y34,AD34,AI34,AN34,AS34) -> #DIV/0! | O34: =AVERAGE(U34,Z34,AE34,AJ34,AO34,AT34) -> #DIV/0! | Q34: 0.95778364 | R34: 0.61153263 | V34: 0.93931398 | W34: 0.86646434 | AA34: 0.87598945 | AB34: 0.63732929 | AF34: 0.9525066 | AG34: 0.50075873 | AK34: 0.94722955 | AL34: 0.82245827
J35: 0.96713615 | K35: =AVERAGE(Q35,V35,AA35,AF35,AK35,AP35) -> 0.80469484 | L35: =AVERAGE(R35,W35,AB35,AG35,AL35,AQ35) -> 0.49731664 | M35: =AVERAGE(S35,X35,AC35,AH35,AM35,AR35) -> #DIV/0! | N35: =AVERAGE(T35,Y35,AD35,AI35,AN35,AS35) -> #DIV/0! | O35: =AVERAGE(U35,Z35,AE35,AJ35,AO35,AT35) -> #DIV/0! | Q35: 0.76995305 | R35: 0.37567084 | V35: 0.79342723 | W35: 0.5706619 | AA35: 0.94366197 | AB35: 0.57602862 | AF35: 0.75117371 | AG35: 0.34347048 | AK35: 0.76525822 | AL35: 0.62075134 | AV35: =A9 -> 2 | AW35: Task 2 | AX35: Task 3 | AY35: Task 4 | AZ35: Task 5 | BA35: Task 6
AV36: 1 | AW36: =$Q$148 -> 0.78797902 | AX36: =$R$148 -> 0.57076163 | AY36: =$S$148 -> #DIV/0! | AZ36: =$T$148 -> #DIV/0! | BA36: =$U$148 -> #DIV/0!
J37: 0.98844568 | K37: =AVERAGE(K6:K35) -> 0.75243325 | L37: =AVERAGE(L6:L35) -> 0.5519229 | M37: =AVERAGE(M6:M35) -> #DIV/0! | N37: =AVERAGE(N6:N35) -> #DIV/0! | O37: =AVERAGE(O6:O35) -> #DIV/0! | Q37: =AVERAGE(Q6:Q35) -> 0.75474869 | R37: =AVERAGE(R6:R35) -> 0.50724541 | S37: =AVERAGE(S6:S35) -> #DIV/0! | T37: =AVERAGE(T6:T35) -> #DIV/0! | U37: =AVERAGE(U6:U35) -> #DIV/0! | V37: =AVERAGE(V6:V35) -> 0.68923658 | W37: =AVERAGE(W6:W35) -> 0.55471035 | X37: =AVERAGE(X6:X35) -> #DIV/0! | ... AT37: =AVERAGE(AT6:AT35) -> #DIV/0! | AV37: 2 | AW37: =$V$148 -> 0.7896032 | AX37: =$W$148 -> 0.59699513 | AY37: =$X$148 -> #DIV/0! | AZ37: =$Y$148 -> #DIV/0! | BA37: =$Z$148 -> #DIV/0!
AV38: 3 | AW38: =$AA$148 -> 0.78865593 | AX38: =$AB$148 -> 0.54791646 | AY38: =$AC$148 -> #DIV/0! | AZ38: =$AD$148 -> #DIV/0! | BA38: =$AE$148 -> #DIV/0!
AV39: 4 | AW39: =$AF$148 -> 0.77117465 | AX39: =$AG$148 -> 0.53168534 | AY39: =$AH$148 -> #DIV/0! | AZ39: =$AI$148 -> #DIV/0! | BA39: =$AJ$148 -> #DIV/0!
J40: k=0.5 | AV40: 5 | AW40: =$AK$148 -> 0.80341176 | AX40: =$AL$148 -> 0.66535828 | AY40: =$AM$148 -> #DIV/0! | AZ40: =$AN$148 -> #DIV/0! | BA40: =$AO$148 -> #DIV/0!
Q41: 1 | V41: 2 | AA41: 3 | AF41: 4 | AK41: 5 | AP41: 6 | AV41: 6 | AW41: =$AP$148 -> #DIV/0! | AX41: =$AQ$148 -> #DIV/0! | AY41: =$AR$148 -> #DIV/0! | AZ41: =$AS$148 -> #DIV/0! | BA41: =$AT$148 -> #DIV/0!
I42: ID | J42: Task 1 | K42: Task 2 | L42: Task 3 | M42: Task 4 | N42: Task 5 | O42: Task 6 | Q42: Task 2 | R42: Task 3 | S42: Task 4 | T42: Task 5 | U42: Task 6 | V42: Task 2 | W42: Task 3 | X42: Task 4 | Y42: Task 5 | Z42: Task 6 | AA42: Task 2 | AB42: Task 3 | AC42: Task 4 | AD42: Task 5 | AE42: Task 6 | AF42: Task 2 | AG42: Task 3 | AH42: Task 4 | AI42: Task 5 | AJ42: Task 6 | AK42: Task 2 | AL42: Task 3 | AM42: Task 4 | AN42: Task 5 | AO42: Task 6 | AP42: Task 2 | AQ42: Task 3 | AR42: Task 4 | AS42: Task 5 | AT42: Task 6
J43: 0.97365591 | K43: =AVERAGE(Q43,V43,AA43,AF43,AK43,AP43) -> 0.62903226 | L43: =AVERAGE(R43,W43,AB43,AG43,AL43,AQ43) -> 0.60669014 | M43: =AVERAGE(S43,X43,AC43,AH43,AM43,AR43) -> #DIV/0! | N43: =AVERAGE(T43,Y43,AD43,AI43,AN43,AS43) -> #DIV/0! | O43: =AVERAGE(U43,Z43,AE43,AJ43,AO43,AT43) -> #DIV/0! | Q43: 0.58064516 | R43: 0.60387324 | V43: 0.61021505 | W43: 0.65316901 | AA43: 0.65053763 | AB43: 0.6971831 | AF43: 0.62365591 | AG43: 0.42429577 | AK43: 0.68010753 | AL43: 0.65492958
J44: 0.97676056 | K44: =AVERAGE(Q44,V44,AA44,AF44,AK44,AP44) -> 0.5443662 | L44: =AVERAGE(R44,W44,AB44,AG44,AL44,AQ44) -> 0.61753131 | M44: =AVERAGE(S44,X44,AC44,AH44,AM44,AR44) -> #DIV/0! | N44: =AVERAGE(T44,Y44,AD44,AI44,AN44,AS44) -> #DIV/0! | O44: =AVERAGE(U44,Z44,AE44,AJ44,AO44,AT44) -> #DIV/0! | Q44: 0.51408451 | R44: 0.64758497 | V44: 0.55633803 | W44: 0.62790698 | AA44: 0.54225352 | AB44: 0.5921288 | AF44: 0.5528169 | AG44: 0.62432916 | AK44: 0.55633803 | AL44: 0.59570662
J45: 0.96769759 | K45: =AVERAGE(Q45,V45,AA45,AF45,AK45,AP45) -> 0.7628866 | L45: =AVERAGE(R45,W45,AB45,AG45,AL45,AQ45) -> 0.53883162 | M45: =AVERAGE(S45,X45,AC45,AH45,AM45,AR45) -> #DIV/0! | N45: =AVERAGE(T45,Y45,AD45,AI45,AN45,AS45) -> #DIV/0! | O45: =AVERAGE(U45,Z45,AE45,AJ45,AO45,AT45) -> #DIV/0! | Q45: 0.65635739 | R45: 0.56185567 | V45: 0.69072165 | W45: 0.58934708 | AA45: 0.8556701 | AB45: 0.55498282 | AF45: 0.85910653 | AG45: 0.43642612 | AK45: 0.75257732 | AL45: 0.55154639 | AV45: =A10 -> 3 | AW45: Task 2 | AX45: Task 3 | AY45: Task 4 | AZ45: Task 5 | BA45: Task 6
J46: 0.98240741 | K46: =AVERAGE(Q46,V46,AA46,AF46,AK46,AP46) -> 0.8787037 | L46: =AVERAGE(R46,W46,AB46,AG46,AL46,AQ46) -> 0.72868217 | M46: =AVERAGE(S46,X46,AC46,AH46,AM46,AR46) -> #DIV/0! | N46: =AVERAGE(T46,Y46,AD46,AI46,AN46,AS46) -> #DIV/0! | O46: =AVERAGE(U46,Z46,AE46,AJ46,AO46,AT46) -> #DIV/0! | Q46: 0.9212963 | R46: 0.82170543 | V46: 0.87962963 | W46: 0.72674419 | AA46: 0.91203704 | AB46: 0.65697674 | AF46: 0.80092593 | AG46: 0.70348837 | AK46: 0.87962963 | AL46: 0.73449612 | AV46: 1 | AW46: =$Q$185 -> 0.80646028 | AX46: =$R$185 -> 0.57145429 | AY46: =$S$185 -> #DIV/0! | AZ46: =$T$185 -> #DIV/0! | BA46: =$U$185 -> #DIV/0!
J47: 0.96095238 | K47: =AVERAGE(Q47,V47,AA47,AF47,AK47,AP47) -> 0.82380952 | L47: =AVERAGE(R47,W47,AB47,AG47,AL47,AQ47) -> 0.72560976 | M47: =AVERAGE(S47,X47,AC47,AH47,AM47,AR47) -> #DIV/0! | N47: =AVERAGE(T47,Y47,AD47,AI47,AN47,AS47) -> #DIV/0! | O47: =AVERAGE(U47,Z47,AE47,AJ47,AO47,AT47) -> #DIV/0! | Q47: 0.51904762 | R47: 0.44512195 | V47: 0.9 | W47: 0.82926829 | AA47: 0.92857143 | AB47: 0.72764228 | AF47: 0.88095238 | AG47: 0.78455285 | AK47: 0.89047619 | AL47: 0.84146341 | AV47: 2 | AW47: =$V$185 -> 0.80130607 | AX47: =$W$185 -> 0.64260731 | AY47: =$X$185 -> #DIV/0! | AZ47: =$Y$185 -> #DIV/0! | BA47: =$Z$185 -> #DIV/0!
J48: 0.85319149 | K48: =AVERAGE(Q48,V48,AA48,AF48,AK48,AP48) -> 0.68439716 | L48: =AVERAGE(R48,W48,AB48,AG48,AL48,AQ48) -> 0.61914894 | M48: =AVERAGE(S48,X48,AC48,AH48,AM48,AR48) -> #DIV/0! | N48: =AVERAGE(T48,Y48,AD48,AI48,AN48,AS48) -> #DIV/0! | O48: =AVERAGE(U48,Z48,AE48,AJ48,AO48,AT48) -> #DIV/0! | Q48: 0.60992908 | R48: 0.62411348 | V48: 0.74113475 | W48: 0.60460993 | AA48: 0.67375887 | AB48: 0.61524823 | AF48: 0.65248227 | AG48: 0.64893617 | AK48: 0.74468085 | AL48: 0.60283688 | AV48: 3 | AW48: =$AA$185 -> 0.77901729 | AX48: =$AB$185 -> 0.5695528 | AY48: =$AC$185 -> #DIV/0! | AZ48: =$AD$185 -> #DIV/0! | BA48: =$AE$185 -> #DIV/0!
J49: 0.98137931 | K49: =AVERAGE(Q49,V49,AA49,AF49,AK49,AP49) -> 0.9 | L49: =AVERAGE(R49,W49,AB49,AG49,AL49,AQ49) -> 0.5708 | M49: =AVERAGE(S49,X49,AC49,AH49,AM49,AR49) -> #DIV/0! | N49: =AVERAGE(T49,Y49,AD49,AI49,AN49,AS49) -> #DIV/0! | O49: =AVERAGE(U49,Z49,AE49,AJ49,AO49,AT49) -> #DIV/0! | Q49: 0.9 | R49: 0.496 | V49: 0.90689655 | W49: 0.476 | AA49: 0.85517241 | AB49: 0.492 | AF49: 0.91724138 | AG49: 0.7 | AK49: 0.92068966 | AL49: 0.69 | AV49: 4 | AW49: =$AF$185 -> 0.79822367 | AX49: =$AG$185 -> 0.47038369 | AY49: =$AH$185 -> #DIV/0! | AZ49: =$AI$185 -> #DIV/0! | BA49: =$AJ$185 -> #DIV/0!
J50: 0.97728532 | K50: =AVERAGE(Q50,V50,AA50,AF50,AK50,AP50) -> 0.78891967 | L50: =AVERAGE(R50,W50,AB50,AG50,AL50,AQ50) -> 0.5709531 | M50: =AVERAGE(S50,X50,AC50,AH50,AM50,AR50) -> #DIV/0! | N50: =AVERAGE(T50,Y50,AD50,AI50,AN50,AS50) -> #DIV/0! | O50: =AVERAGE(U50,Z50,AE50,AJ50,AO50,AT50) -> #DIV/0! | Q50: 0.75069252 | R50: 0.63086233 | V50: 0.82825485 | W50: 0.48562784 | AA50: 0.87534626 | AB50: 0.58093797 | AF50: 0.80055402 | AG50: 0.61422088 | AK50: 0.68975069 | AL50: 0.54311649 | AV50: 5 | AW50: =$AK$185 -> 0.80719374 | AX50: =$AL$185 -> 0.65678047 | AY50: =$AM$185 -> #DIV/0! | AZ50: =$AN$185 -> #DIV/0! | BA50: =$AO$185 -> #DIV/0!
J51: 0.98656716 | K51: =AVERAGE(Q51,V51,AA51,AF51,AK51,AP51) -> 0.73208955 | L51: =AVERAGE(R51,W51,AB51,AG51,AL51,AQ51) -> 0.63658537 | M51: =AVERAGE(S51,X51,AC51,AH51,AM51,AR51) -> #DIV/0! | N51: =AVERAGE(T51,Y51,AD51,AI51,AN51,AS51) -> #DIV/0! | O51: =AVERAGE(U51,Z51,AE51,AJ51,AO51,AT51) -> #DIV/0! | Q51: 0.72761194 | R51: 0.6358885 | V51: 0.62686567 | W51: 0.55923345 | AA51: 0.82835821 | AB51: 0.63937282 | AF51: 0.84328358 | AG51: 0.71254355 | AK51: 0.63432836 | AL51: 0.6358885 | AV51: 6 | AW51: =$AP$185 -> #DIV/0! | AX51: =$AQ$185 -> #DIV/0! | AY51: =$AR$185 -> #DIV/0! | AZ51: =$AS$185 -> #DIV/0! | BA51: =$AT$185 -> #DIV/0!
J52: 0.98098592 | K52: =AVERAGE(Q52,V52,AA52,AF52,AK52,AP52) -> 0.51056338 | L52: =AVERAGE(R52,W52,AB52,AG52,AL52,AQ52) -> 0.53717277 | M52: =AVERAGE(S52,X52,AC52,AH52,AM52,AR52) -> #DIV/0! | N52: =AVERAGE(T52,Y52,AD52,AI52,AN52,AS52) -> #DIV/0! | O52: =AVERAGE(U52,Z52,AE52,AJ52,AO52,AT52) -> #DIV/0! | Q52: 0.32394366 | R52: 0.47818499 | V52: 0.58098592 | W52: 0.4973822 | AA52: 0.57746479 | AB52: 0.58464223 | AF52: 0.40492958 | AG52: 0.47818499 | AK52: 0.66549296 | AL52: 0.64746946
J53: 0.9646438 | K53: =AVERAGE(Q53,V53,AA53,AF53,AK53,AP53) -> 0.80158311 | L53: =AVERAGE(R53,W53,AB53,AG53,AL53,AQ53) -> 0.61978799 | M53: =AVERAGE(S53,X53,AC53,AH53,AM53,AR53) -> #DIV/0! | N53: =AVERAGE(T53,Y53,AD53,AI53,AN53,AS53) -> #DIV/0! | O53: =AVERAGE(U53,Z53,AE53,AJ53,AO53,AT53) -> #DIV/0! | Q53: 0.8707124 | R53: 0.48939929 | V53: 0.74934037 | W53: 0.51236749 | AA53: 0.79683377 | AB53: 0.61484099 | AF53: 0.80211082 | AG53: 0.77915194 | AK53: 0.78891821 | AL53: 0.70318021
J54: 0.86108108 | K54: =AVERAGE(Q54,V54,AA54,AF54,AK54,AP54) -> 0.74918919 | L54: =AVERAGE(R54,W54,AB54,AG54,AL54,AQ54) -> 0.65344538 | M54: =AVERAGE(S54,X54,AC54,AH54,AM54,AR54) -> #DIV/0! | N54: =AVERAGE(T54,Y54,AD54,AI54,AN54,AS54) -> #DIV/0! | O54: =AVERAGE(U54,Z54,AE54,AJ54,AO54,AT54) -> #DIV/0! | Q54: 0.73783784 | R54: 0.72436975 | V54: 0.72432432 | W54: 0.4789916 | AA54: 0.75135135 | AB54: 0.74789916 | AF54: 0.78648649 | AG54: 0.55294118 | AK54: 0.74594595 | AL54: 0.76302521
J55: 0.97527273 | K55: =AVERAGE(Q55,V55,AA55,AF55,AK55,AP55) -> 0.80436364 | L55: =AVERAGE(R55,W55,AB55,AG55,AL55,AQ55) -> 0.52883436 | M55: =AVERAGE(S55,X55,AC55,AH55,AM55,AR55) -> #DIV/0! | N55: =AVERAGE(T55,Y55,AD55,AI55,AN55,AS55) -> #DIV/0! | O55: =AVERAGE(U55,Z55,AE55,AJ55,AO55,AT55) -> #DIV/0! | Q55: 0.83272727 | R55: 0.71165644 | V55: 0.71636364 | W55: 0.36196319 | AA55: 0.85090909 | AB55: 0.59202454 | AF55: 0.84727273 | AG55: 0.3696319 | AK55: 0.77454545 | AL55: 0.60889571
J56: 0.95586207 | K56: =AVERAGE(Q56,V56,AA56,AF56,AK56,AP56) -> 0.84137931 | L56: =AVERAGE(R56,W56,AB56,AG56,AL56,AQ56) -> 0.69573643 | M56: =AVERAGE(S56,X56,AC56,AH56,AM56,AR56) -> #DIV/0! | N56: =AVERAGE(T56,Y56,AD56,AI56,AN56,AS56) -> #DIV/0! | O56: =AVERAGE(U56,Z56,AE56,AJ56,AO56,AT56) -> #DIV/0! | Q56: 0.84482759 | R56: 0.73255814 | V56: 0.85517241 | W56: 0.72868217 | AA56: 0.86206897 | AB56: 0.74224806 | AF56: 0.82413793 | AG56: 0.63565891 | AK56: 0.82068966 | AL56: 0.63953488
J57: 0.97256637 | K57: =AVERAGE(Q57,V57,AA57,AF57,AK57,AP57) -> 0.91150442 | L57: =AVERAGE(R57,W57,AB57,AG57,AL57,AQ57) -> 0.50510204 | M57: =AVERAGE(S57,X57,AC57,AH57,AM57,AR57) -> #DIV/0! | N57: =AVERAGE(T57,Y57,AD57,AI57,AN57,AS57) -> #DIV/0! | O57: =AVERAGE(U57,Z57,AE57,AJ57,AO57,AT57) -> #DIV/0! | Q57: 0.94690265 | R57: 0.47789116 | V57: 0.9159292 | W57: 0.6122449 | AA57: 0.9159292 | AB57: 0.56632653 | AF57: 0.87610619 | AG57: 0.28911565 | AK57: 0.90265487 | AL57: 0.57993197
J58: 0.96657682 | K58: =AVERAGE(Q58,V58,AA58,AF58,AK58,AP58) -> 0.63989218 | L58: =AVERAGE(R58,W58,AB58,AG58,AL58,AQ58) -> 0.50721649 | M58: =AVERAGE(S58,X58,AC58,AH58,AM58,AR58) -> #DIV/0! | N58: =AVERAGE(T58,Y58,AD58,AI58,AN58,AS58) -> #DIV/0! | O58: =AVERAGE(U58,Z58,AE58,AJ58,AO58,AT58) -> #DIV/0! | Q58: 0.60377358 | R58: 0.44501718 | V58: 0.55525606 | W58: 0.47250859 | AA58: 0.65498652 | AB58: 0.61168385 | AF58: 0.70350404 | AG58: 0.40893471 | AK58: 0.6819407 | AL58: 0.59793814
J59: 0.89537572 | K59: =AVERAGE(Q59,V59,AA59,AF59,AK59,AP59) -> 0.59710983 | L59: =AVERAGE(R59,W59,AB59,AG59,AL59,AQ59) -> 0.50052539 | M59: =AVERAGE(S59,X59,AC59,AH59,AM59,AR59) -> #DIV/0! | N59: =AVERAGE(T59,Y59,AD59,AI59,AN59,AS59) -> #DIV/0! | O59: =AVERAGE(U59,Z59,AE59,AJ59,AO59,AT59) -> #DIV/0! | Q59: 0.70809249 | R59: 0.44658494 | V59: 0.52890173 | W59: 0.43257443 | AA59: 0.49421965 | AB59: 0.50262697 | AF59: 0.57803468 | AG59: 0.62171629 | AK59: 0.67630058 | AL59: 0.49912434
J60: 0.87100271 | K60: =AVERAGE(Q60,V60,AA60,AF60,AK60,AP60) -> 0.74905149 | L60: =AVERAGE(R60,W60,AB60,AG60,AL60,AQ60) -> 0.65462822 | M60: =AVERAGE(S60,X60,AC60,AH60,AM60,AR60) -> #DIV/0! | N60: =AVERAGE(T60,Y60,AD60,AI60,AN60,AS60) -> #DIV/0! | O60: =AVERAGE(U60,Z60,AE60,AJ60,AO60,AT60) -> #DIV/0! | Q60: 0.72899729 | R60: 0.67981791 | V60: 0.71815718 | W60: 0.69802731 | AA60: 0.7804878 | AB60: 0.63884674 | AF60: 0.76693767 | AG60: 0.48558422 | AK60: 0.75067751 | AL60: 0.77086495
J61: 0.97828947 | K61: =AVERAGE(Q61,V61,AA61,AF61,AK61,AP61) -> 0.89407895 | L61: =AVERAGE(R61,W61,AB61,AG61,AL61,AQ61) -> 0.54969574 | M61: =AVERAGE(S61,X61,AC61,AH61,AM61,AR61) -> #DIV/0! | N61: =AVERAGE(T61,Y61,AD61,AI61,AN61,AS61) -> #DIV/0! | O61: =AVERAGE(U61,Z61,AE61,AJ61,AO61,AT61) -> #DIV/0! | Q61: 0.86842105 | R61: 0.47058824 | V61: 0.84210526 | W61: 0.61054767 | AA61: 0.93421053 | AB61: 0.51115619 | AF61: 0.92763158 | AG61: 0.60040568 | AK61: 0.89802632 | AL61: 0.55578093
J62: 0.96206897 | K62: =AVERAGE(Q62,V62,AA62,AF62,AK62,AP62) -> 0.67724138 | L62: =AVERAGE(R62,W62,AB62,AG62,AL62,AQ62) -> 0.46666667 | M62: =AVERAGE(S62,X62,AC62,AH62,AM62,AR62) -> #DIV/0! | N62: =AVERAGE(T62,Y62,AD62,AI62,AN62,AS62) -> #DIV/0! | O62: =AVERAGE(U62,Z62,AE62,AJ62,AO62,AT62) -> #DIV/0! | Q62: 0.7 | R62: 0.59318996 | V62: 0.58965517 | W62: 0.38530466 | AA62: 0.85517241 | AB62: 0.35483871 | AF62: 0.37241379 | AG62: 0.33870968 | AK62: 0.86896552 | AL62: 0.66129032
J63: 0.97920792 | K63: =AVERAGE(Q63,V63,AA63,AF63,AK63,AP63) -> 0.80990099 | L63: =AVERAGE(R63,W63,AB63,AG63,AL63,AQ63) -> 0.54563895 | M63: =AVERAGE(S63,X63,AC63,AH63,AM63,AR63) -> #DIV/0! | N63: =AVERAGE(T63,Y63,AD63,AI63,AN63,AS63) -> #DIV/0! | O63: =AVERAGE(U63,Z63,AE63,AJ63,AO63,AT63) -> #DIV/0! | Q63: 0.65841584 | R63: 0.46247465 | V63: 0.79207921 | W63: 0.50709939 | AA63: 0.88613861 | AB63: 0.61257606 | AF63: 0.86633663 | AG63: 0.48073022 | AK63: 0.84653465 | AL63: 0.6653144
... J72: 0.97370892 | K72: =AVERAGE(Q72,V72,AA72,AF72,AK72,AP72) -> 0.7971831 | L72: =AVERAGE(R72,W72,AB72,AG72,AL72,AQ72) -> 0.57924866 | M72: =AVERAGE(S72,X72,AC72,AH72,AM72,AR72) -> #DIV/0! | N72: =AVERAGE(T72,Y72,AD72,AI72,AN72,AS72) -> #DIV/0! | O72: =AVERAGE(U72,Z72,AE72,AJ72,AO72,AT72) -> #DIV/0! | Q72: 0.75586854 | R72: 0.43649374 | V72: 0.83568075 | W72: 0.57960644 | AA72: 0.82159624 | AB72: 0.62075134 | AF72: 0.9342723 | AG72: 0.71019678 | AK72: 0.63849765 | AL72: 0.54919499
J74: 0.99256308 | K74: =AVERAGE(K43:K72) -> 0.76644592 | L74: =AVERAGE(L43:L72) -> 0.58857374 | M74: =AVERAGE(M43:M72) -> #DIV/0! | N74: =AVERAGE(N43:N72) -> #DIV/0! | O74: =AVERAGE(O43:O72) -> #DIV/0! | Q74: =AVERAGE(Q43:Q72) -> 0.73882195 | R74: =AVERAGE(R43:R72) -> 0.56533843 | S74: =AVERAGE(S43:S72) -> #DIV/0! | T74: =AVERAGE(T43:T72) -> #DIV/0! | U74: =AVERAGE(U43:U72) -> #DIV/0! | V74: =AVERAGE(V43:V72) -> 0.75156716 | W74: =AVERAGE(W43:W72) -> 0.58364599 | X74: =AVERAGE(X43:X72) -> #DIV/0! | ... AT74: =AVERAGE(AT43:AT72) -> #DIV/0!
J77: k=1
Q78: 1 | V78: 2 | AA78: 3 | AF78: 4 | AK78: 5 | AP78: 6
I79: ID | J79: Task 1 | K79: Task 2 | L79: Task 3 | M79: Task 4 | N79: Task 5 | O79: Task 6 | Q79: Task 2 | R79: Task 3 | S79: Task 4 | T79: Task 5 | U79: Task 6 | V79: Task 2 | W79: Task 3 | X79: Task 4 | Y79: Task 5 | Z79: Task 6 | AA79: Task 2 | AB79: Task 3 | AC79: Task 4 | AD79: Task 5 | AE79: Task 6 | AF79: Task 2 | AG79: Task 3 | AH79: Task 4 | AI79: Task 5 | AJ79: Task 6 | AK79: Task 2 | AL79: Task 3 | AM79: Task 4 | AN79: Task 5 | AO79: Task 6 | AP79: Task 2 | AQ79: Task 3 | AR79: Task 4 | AS79: Task 5 | AT79: Task 6
J80: 0.97043011 | K80: =AVERAGE(Q80,V80,AA80,AF80,AK80,AP80) -> 0.60268817 | L80: =AVERAGE(R80,W80,AB80,AG80,AL80,AQ80) -> 0.56725352 | M80: =AVERAGE(S80,X80,AC80,AH80,AM80,AR80) -> #DIV/0! | N80: =AVERAGE(T80,Y80,AD80,AI80,AN80,AS80) -> #DIV/0! | O80: =AVERAGE(U80,Z80,AE80,AJ80,AO80,AT80) -> #DIV/0! | Q80: 0.60483871 | R80: 0.61443662 | V80: 0.56451613 | W80: 0.41725352 | AA80: 0.61290323 | AB80: 0.59330986 | AF80: 0.66666667 | AG80: 0.63380282 | AK80: 0.56451613 | AL80: 0.57746479
J81: 0.97746479 | K81: =AVERAGE(Q81,V81,AA81,AF81,AK81,AP81) -> 0.51549296 | L81: =AVERAGE(R81,W81,AB81,AG81,AL81,AQ81) -> 0.56851521 | M81: =AVERAGE(S81,X81,AC81,AH81,AM81,AR81) -> #DIV/0! | N81: =AVERAGE(T81,Y81,AD81,AI81,AN81,AS81) -> #DIV/0! | O81: =AVERAGE(U81,Z81,AE81,AJ81,AO81,AT81) -> #DIV/0! | Q81: 0.5 | R81: 0.62075134 | V81: 0.45774648 | W81: 0.58139535 | AA81: 0.55985915 | AB81: 0.54740608 | AF81: 0.45774648 | AG81: 0.56171735 | AK81: 0.60211268 | AL81: 0.5313059
J82: 0.96632302 | K82: =AVERAGE(Q82,V82,AA82,AF82,AK82,AP82) -> 0.75876289 | L82: =AVERAGE(R82,W82,AB82,AG82,AL82,AQ82) -> 0.56013746 | M82: =AVERAGE(S82,X82,AC82,AH82,AM82,AR82) -> #DIV/0! | N82: =AVERAGE(T82,Y82,AD82,AI82,AN82,AS82) -> #DIV/0! | O82: =AVERAGE(U82,Z82,AE82,AJ82,AO82,AT82) -> #DIV/0! | Q82: 0.8419244 | R82: 0.75085911 | V82: 0.8419244 | W82: 0.70618557 | AA82: 0.85910653 | AB82: 0.49312715 | AF82: 0.41580756 | AG82: 0.34364261 | AK82: 0.83505155 | AL82: 0.50687285
J83: 0.98148148 | K83: =AVERAGE(Q83,V83,AA83,AF83,AK83,AP83) -> 0.82592593 | L83: =AVERAGE(R83,W83,AB83,AG83,AL83,AQ83) -> 0.63992248 | M83: =AVERAGE(S83,X83,AC83,AH83,AM83,AR83) -> #DIV/0! | N83: =AVERAGE(T83,Y83,AD83,AI83,AN83,AS83) -> #DIV/0! | O83: =AVERAGE(U83,Z83,AE83,AJ83,AO83,AT83) -> #DIV/0! | Q83: 0.86574074 | R83: 0.65891473 | V83: 0.90740741 | W83: 0.40310078 | AA83: 0.87962963 | AB83: 0.73062016 | AF83: 0.62037037 | AG83: 0.62596899 | AK83: 0.85648148 | AL83: 0.78100775
J84: 0.95714286 | K84: =AVERAGE(Q84,V84,AA84,AF84,AK84,AP84) -> 0.91047619 | L84: =AVERAGE(R84,W84,AB84,AG84,AL84,AQ84) -> 0.61300813 | M84: =AVERAGE(S84,X84,AC84,AH84,AM84,AR84) -> #DIV/0! | N84: =AVERAGE(T84,Y84,AD84,AI84,AN84,AS84) -> #DIV/0! | O84: =AVERAGE(U84,Z84,AE84,AJ84,AO84,AT84) -> #DIV/0! | Q84: 0.8952381 | R84: 0.56300813 | V84: 0.93333333 | W84: 0.49186992 | AA84: 0.90952381 | AB84: 0.66666667 | AF84: 0.91428571 | AG84: 0.58536585 | AK84: 0.9 | AL84: 0.75813008
J85: 0.89007092 | K85: =AVERAGE(Q85,V85,AA85,AF85,AK85,AP85) -> 0.75035461 | L85: =AVERAGE(R85,W85,AB85,AG85,AL85,AQ85) -> 0.52446809 | M85: =AVERAGE(S85,X85,AC85,AH85,AM85,AR85) -> #DIV/0! | N85: =AVERAGE(T85,Y85,AD85,AI85,AN85,AS85) -> #DIV/0! | O85: =AVERAGE(U85,Z85,AE85,AJ85,AO85,AT85) -> #DIV/0! | Q85: 0.75886525 | R85: 0.48049645 | V85: 0.69503546 | W85: 0.43971631 | AA85: 0.79078014 | AB85: 0.63297872 | AF85: 0.83333333 | AG85: 0.44858156 | AK85: 0.67375887 | AL85: 0.62056738
J86: 0.97931034 | K86: =AVERAGE(Q86,V86,AA86,AF86,AK86,AP86) -> 0.8537931 | L86: =AVERAGE(R86,W86,AB86,AG86,AL86,AQ86) -> 0.5552 | M86: =AVERAGE(S86,X86,AC86,AH86,AM86,AR86) -> #DIV/0! | N86: =AVERAGE(T86,Y86,AD86,AI86,AN86,AS86) -> #DIV/0! | O86: =AVERAGE(U86,Z86,AE86,AJ86,AO86,AT86) -> #DIV/0! | Q86: 0.93103448 | R86: 0.486 | V86: 0.97241379 | W86: 0.748 | AA86: 0.86206897 | AB86: 0.468 | AF86: 0.57241379 | AG86: 0.426 | AK86: 0.93103448 | AL86: 0.648
J87: 0.9767313 | K87: =AVERAGE(Q87,V87,AA87,AF87,AK87,AP87) -> 0.81828255 | L87: =AVERAGE(R87,W87,AB87,AG87,AL87,AQ87) -> 0.56157337 | M87: =AVERAGE(S87,X87,AC87,AH87,AM87,AR87) -> #DIV/0! | N87: =AVERAGE(T87,Y87,AD87,AI87,AN87,AS87) -> #DIV/0! | O87: =AVERAGE(U87,Z87,AE87,AJ87,AO87,AT87) -> #DIV/0! | Q87: 0.87811634 | R87: 0.64901664 | V87: 0.85872576 | W87: 0.5688351 | AA87: 0.75900277 | AB87: 0.64599092 | AF87: 0.85872576 | AG87: 0.37065053 | AK87: 0.73684211 | AL87: 0.57337368
J88: 0.98656716 | K88: =AVERAGE(Q88,V88,AA88,AF88,AK88,AP88) -> 0.71567164 | L88: =AVERAGE(R88,W88,AB88,AG88,AL88,AQ88) -> 0.52961672 | M88: =AVERAGE(S88,X88,AC88,AH88,AM88,AR88) -> #DIV/0! | N88: =AVERAGE(T88,Y88,AD88,AI88,AN88,AS88) -> #DIV/0! | O88: =AVERAGE(U88,Z88,AE88,AJ88,AO88,AT88) -> #DIV/0! | Q88: 0.54850746 | R88: 0.53484321 | V88: 0.79850746 | W88: 0.58885017 | AA88: 0.77985075 | AB88: 0.44250871 | AF88: 0.76119403 | AG88: 0.42682927 | AK88: 0.69029851 | AL88: 0.65505226
J89: 0.97746479 | K89: =AVERAGE(Q89,V89,AA89,AF89,AK89,AP89) -> 0.50070423 | L89: =AVERAGE(R89,W89,AB89,AG89,AL89,AQ89) -> 0.58813264 | M89: =AVERAGE(S89,X89,AC89,AH89,AM89,AR89) -> #DIV/0! | N89: =AVERAGE(T89,Y89,AD89,AI89,AN89,AS89) -> #DIV/0! | O89: =AVERAGE(U89,Z89,AE89,AJ89,AO89,AT89) -> #DIV/0! | Q89: 0.32746479 | R89: 0.59685864 | V89: 0.62323944 | W89: 0.65270506 | AA89: 0.63380282 | AB89: 0.5113438 | AF89: 0.33098592 | AG89: 0.4991274 | AK89: 0.58802817 | AL89: 0.68062827
J90: 0.96622691 | K90: =AVERAGE(Q90,V90,AA90,AF90,AK90,AP90) -> 0.85488127 | L90: =AVERAGE(R90,W90,AB90,AG90,AL90,AQ90) -> 0.6540636 | M90: =AVERAGE(S90,X90,AC90,AH90,AM90,AR90) -> #DIV/0! | N90: =AVERAGE(T90,Y90,AD90,AI90,AN90,AS90) -> #DIV/0! | O90: =AVERAGE(U90,Z90,AE90,AJ90,AO90,AT90) -> #DIV/0! | Q90: 0.7994723 | R90: 0.66784452 | V90: 0.87862797 | W90: 0.78621908 | AA90: 0.93139842 | AB90: 0.63427562 | AF90: 0.93667546 | AG90: 0.68551237 | AK90: 0.72823219 | AL90: 0.49646643
J91: 0.88162162 | K91: =AVERAGE(Q91,V91,AA91,AF91,AK91,AP91) -> 0.74432432 | L91: =AVERAGE(R91,W91,AB91,AG91,AL91,AQ91) -> 0.58621849 | M91: =AVERAGE(S91,X91,AC91,AH91,AM91,AR91) -> #DIV/0! | N91: =AVERAGE(T91,Y91,AD91,AI91,AN91,AS91) -> #DIV/0! | O91: =AVERAGE(U91,Z91,AE91,AJ91,AO91,AT91) -> #DIV/0! | Q91: 0.73243243 | R91: 0.57478992 | V91: 0.73513514 | W91: 0.73445378 | AA91: 0.76486486 | AB91: 0.3697479 | AF91: 0.72432432 | AG91: 0.48067227 | AK91: 0.76486486 | AL91: 0.77142857
... J109: 0.96713615 | K109: =AVERAGE(Q109,V109,AA109,AF109,AK109,AP109) -> 0.80938967 | L109: =AVERAGE(R109,W109,AB109,AG109,AL109,AQ109) -> 0.46440072 | M109: =AVERAGE(S109,X109,AC109,AH109,AM109,AR109) -> #DIV/0! | N109: =AVERAGE(T109,Y109,AD109,AI109,AN109,AS109) -> #DIV/0! | O109: =AVERAGE(U109,Z109,AE109,AJ109,AO109,AT109) -> #DIV/0! | Q109: 0.84037559 | R109: 0.44007156 | V109: 0.94366197 | W109: 0.39355993 | AA109: 0.69483568 | AB109: 0.38282648 | AF109: 0.79342723 | AG109: 0.49194991 | AK109: 0.77464789 | AL109: 0.61359571
J111: 0.99067066 | K111: =AVERAGE(K80:K109) -> 0.77173524 | L111: =AVERAGE(L80:L109) -> 0.57854987 | M111: =AVERAGE(M80:M109) -> #DIV/0! | N111: =AVERAGE(N80:N109) -> #DIV/0! | O111: =AVERAGE(O80:O109) -> #DIV/0! | Q111: =AVERAGE(Q80:Q109) -> 0.75804493 | R111: =AVERAGE(R80:R109) -> 0.57772724 | S111: =AVERAGE(S80:S109) -> #DIV/0! | T111: =AVERAGE(T80:T109) -> #DIV/0! | U111: =AVERAGE(U80:U109) -> #DIV/0! | V111: =AVERAGE(V80:V109) -> 0.79454245 | W111: =AVERAGE(W80:W109) -> 0.58456228 | X111: =AVERAGE(X80:X109) -> #DIV/0! | ... AT111: =AVERAGE(AT80:AT109) -> #DIV/0!
J114: k=2
Q115: 1 | V115: 2 | AA115: 3 | AF115: 4 | AK115: 5 | AP115: 6
I116: ID | J116: Task 1 | K116: Task 2 | L116: Task 3 | M116: Task 4 | N116: Task 5 | O116: Task 6 | Q116: Task 2 | R116: Task 3 | S116: Task 4 | T116: Task 5 | U116: Task 6 | V116: Task 2 | W116: Task 3 | X116: Task 4 | Y116: Task 5 | Z116: Task 6 | AA116: Task 2 | AB116: Task 3 | AC116: Task 4 | AD116: Task 5 | AE116: Task 6 | AF116: Task 2 | AG116: Task 3 | AH116: Task 4 | AI116: Task 5 | AJ116: Task 6 | AK116: Task 2 | AL116: Task 3 | AM116: Task 4 | AN116: Task 5 | AO116: Task 6 | AP116: Task 2 | AQ116: Task 3 | AR116: Task 4 | AS116: Task 5 | AT116: Task 6
J117: 0.97043011 | K117: =AVERAGE(Q117,V117,AA117,AF117,AK117,AP117) -> 0.54247312 | L117: =AVERAGE(R117,W117,AB117,AG117,AL117,AQ117) -> 0.5028169 | M117: =AVERAGE(S117,X117,AC117,AH117,AM117,AR117) -> #DIV/0! | N117: =AVERAGE(T117,Y117,AD117,AI117,AN117,AS117) -> #DIV/0! | O117: =AVERAGE(U117,Z117,AE117,AJ117,AO117,AT117) -> #DIV/0! | Q117: 0.70430108 | R117: 0.52640845 | V117: 0.64784946 | W117: 0.61267606 | AA117: 0.76612903 | AB117: 0.4278169 | AF117: 0.037634409 | AG117: 0.30105634 | AK117: 0.55645161 | AL117: 0.64612676
J118: 0.97887324 | K118: =AVERAGE(Q118,V118,AA118,AF118,AK118,AP118) -> 0.60352113 | L118: =AVERAGE(R118,W118,AB118,AG118,AL118,AQ118) -> 0.4940966 | M118: =AVERAGE(S118,X118,AC118,AH118,AM118,AR118) -> #DIV/0! | N118: =AVERAGE(T118,Y118,AD118,AI118,AN118,AS118) -> #DIV/0! | O118: =AVERAGE(U118,Z118,AE118,AJ118,AO118,AT118) -> #DIV/0! | Q118: 0.60211268 | R118: 0.29159213 | V118: 0.54929577 | W118: 0.52593918 | AA118: 0.62323944 | AB118: 0.54025045 | AF118: 0.60915493 | AG118: 0.54203936 | AK118: 0.63380282 | AL118: 0.5706619
J119: 0.96563574 | K119: =AVERAGE(Q119,V119,AA119,AF119,AK119,AP119) -> 0.80137457 | L119: =AVERAGE(R119,W119,AB119,AG119,AL119,AQ119) -> 0.56975945 | M119: =AVERAGE(S119,X119,AC119,AH119,AM119,AR119) -> #DIV/0! | N119: =AVERAGE(T119,Y119,AD119,AI119,AN119,AS119) -> #DIV/0! | O119: =AVERAGE(U119,Z119,AE119,AJ119,AO119,AT119) -> #DIV/0! | Q119: 0.57388316 | R119: 0.50687285 | V119: 0.87972509 | W119: 0.63402062 | AA119: 0.8556701 | AB119: 0.35051546 | AF119: 0.86254296 | AG119: 0.62199313 | AK119: 0.83505155 | AL119: 0.73539519
J120: 0.97962963 | K120: =AVERAGE(Q120,V120,AA120,AF120,AK120,AP120) -> 0.86388889 | L120: =AVERAGE(R120,W120,AB120,AG120,AL120,AQ120) -> 0.69341085 | M120: =AVERAGE(S120,X120,AC120,AH120,AM120,AR120) -> #DIV/0! | N120: =AVERAGE(T120,Y120,AD120,AI120,AN120,AS120) -> #DIV/0! | O120: =AVERAGE(U120,Z120,AE120,AJ120,AO120,AT120) -> #DIV/0! | Q120: 0.85648148 | R120: 0.4748062 | V120: 0.86111111 | W120: 0.82945736 | AA120: 0.84259259 | AB120: 0.74418605 | AF120: 0.86574074 | AG120: 0.65310078 | AK120: 0.89351852 | AL120: 0.76550388
J121: 0.96761905 | K121: =AVERAGE(Q121,V121,AA121,AF121,AK121,AP121) -> 0.91333333 | L121: =AVERAGE(R121,W121,AB121,AG121,AL121,AQ121) -> 0.69837398 | M121: =AVERAGE(S121,X121,AC121,AH121,AM121,AR121) -> #DIV/0! | N121: =AVERAGE(T121,Y121,AD121,AI121,AN121,AS121) -> #DIV/0! | O121: =AVERAGE(U121,Z121,AE121,AJ121,AO121,AT121) -> #DIV/0! | Q121: 0.87142857 | R121: 0.52845528 | V121: 0.88095238 | W121: 0.8699187 | AA121: 0.93809524 | AB121: 0.64227642 | AF121: 0.92380952 | AG121: 0.62601626 | AK121: 0.95238095 | AL121: 0.82520325
J122: 0.88085106 | K122: =AVERAGE(Q122,V122,AA122,AF122,AK122,AP122) -> 0.71914894 | L122: =AVERAGE(R122,W122,AB122,AG122,AL122,AQ122) -> 0.52659574 | M122: =AVERAGE(S122,X122,AC122,AH122,AM122,AR122) -> #DIV/0! | N122: =AVERAGE(T122,Y122,AD122,AI122,AN122,AS122) -> #DIV/0! | O122: =AVERAGE(U122,Z122,AE122,AJ122,AO122,AT122) -> #DIV/0! | Q122: 0.71631206 | R122: 0.42021277 | V122: 0.61702128 | W122: 0.4929078 | AA122: 0.76950355 | AB122: 0.57092199 | AF122: 0.80851064 | AG122: 0.58156028 | AK122: 0.68439716 | AL122: 0.56737589
J123: 0.97517241 | K123: =AVERAGE(Q123,V123,AA123,AF123,AK123,AP123) -> 0.94275862 | L123: =AVERAGE(R123,W123,AB123,AG123,AL123,AQ123) -> 0.6584 | M123: =AVERAGE(S123,X123,AC123,AH123,AM123,AR123) -> #DIV/0! | N123: =AVERAGE(T123,Y123,AD123,AI123,AN123,AS123) -> #DIV/0! | O123: =AVERAGE(U123,Z123,AE123,AJ123,AO123,AT123) -> #DIV/0! | Q123: 0.94827586 | R123: 0.502 | V123: 0.91034483 | W123: 0.572 | AA123: 0.96896552 | AB123: 0.82 | AF123: 0.94137931 | AG123: 0.726 | AK123: 0.94482759 | AL123: 0.672
J124: 0.97728532 | K124: =AVERAGE(Q124,V124,AA124,AF124,AK124,AP124) -> 0.86371191 | L124: =AVERAGE(R124,W124,AB124,AG124,AL124,AQ124) -> 0.58910741 | M124: =AVERAGE(S124,X124,AC124,AH124,AM124,AR124) -> #DIV/0! | N124: =AVERAGE(T124,Y124,AD124,AI124,AN124,AS124) -> #DIV/0! | O124: =AVERAGE(U124,Z124,AE124,AJ124,AO124,AT124) -> #DIV/0! | Q124: 0.93628809 | R124: 0.55370651 | V124: 0.83102493 | W124: 0.58698941 | AA124: 0.91966759 | AB124: 0.51134644 | AF124: 0.84764543 | AG124: 0.64145234 | AK124: 0.78393352 | AL124: 0.65204236
J125: 0.98358209 | K125: =AVERAGE(Q125,V125,AA125,AF125,AK125,AP125) -> 0.6119403 | L125: =AVERAGE(R125,W125,AB125,AG125,AL125,AQ125) -> 0.57839721 | M125: =AVERAGE(S125,X125,AC125,AH125,AM125,AR125) -> #DIV/0! | N125: =AVERAGE(T125,Y125,AD125,AI125,AN125,AS125) -> #DIV/0! | O125: =AVERAGE(U125,Z125,AE125,AJ125,AO125,AT125) -> #DIV/0! | Q125: 0.59328358 | R125: 0.53658537 | V125: 0.51492537 | W125: 0.47735192 | AA125: 0.3880597 | AB125: 0.51045296 | AF125: 0.74253731 | AG125: 0.64111498 | AK125: 0.82089552 | AL125: 0.72648084
J126: 0.98028169 | K126: =AVERAGE(Q126,V126,AA126,AF126,AK126,AP126) -> 0.59084507 | L126: =AVERAGE(R126,W126,AB126,AG126,AL126,AQ126) -> 0.49458988 | M126: =AVERAGE(S126,X126,AC126,AH126,AM126,AR126) -> #DIV/0! | N126: =AVERAGE(T126,Y126,AD126,AI126,AN126,AS126) -> #DIV/0! | O126: =AVERAGE(U126,Z126,AE126,AJ126,AO126,AT126) -> #DIV/0! | Q126: 0.58450704 | R126: 0.5113438 | V126: 0.61619718 | W126: 0.60732984 | AA126: 0.56690141 | AB126: 0.2478185 | AF126: 0.65140845 | AG126: 0.48691099 | AK126: 0.53521127 | AL126: 0.61954625
J127: 0.9646438 | K127: =AVERAGE(Q127,V127,AA127,AF127,AK127,AP127) -> 0.72084433 | L127: =AVERAGE(R127,W127,AB127,AG127,AL127,AQ127) -> 0.55583039 | M127: =AVERAGE(S127,X127,AC127,AH127,AM127,AR127) -> #DIV/0! | N127: =AVERAGE(T127,Y127,AD127,AI127,AN127,AS127) -> #DIV/0! | O127: =AVERAGE(U127,Z127,AE127,AJ127,AO127,AT127) -> #DIV/0! | Q127: 0.84960422 | R127: 0.72084806 | V127: 0.87335092 | W127: 0.704947 | AA127: 0.81794195 | AB127: 0.44699647 | AF127: 0.30870712 | AG127: 0.31272085 | AK127: 0.75461741 | AL127: 0.59363958
J128: 0.87567568 | K128: =AVERAGE(Q128,V128,AA128,AF128,AK128,AP128) -> 0.74918919 | L128: =AVERAGE(R128,W128,AB128,AG128,AL128,AQ128) -> 0.57546218 | M128: =AVERAGE(S128,X128,AC128,AH128,AM128,AR128) -> #DIV/0! | N128: =AVERAGE(T128,Y128,AD128,AI128,AN128,AS128) -> #DIV/0! | O128: =AVERAGE(U128,Z128,AE128,AJ128,AO128,AT128) -> #DIV/0! | Q128: 0.77297297 | R128: 0.69411765 | V128: 0.72432432 | W128: 0.59495798 | AA128: 0.73243243 | AB128: 0.5512605 | AF128: 0.72702703 | AG128: 0.35966387 | AK128: 0.78918919 | AL128: 0.67731092
... J146: 0.96338028 | K146: =AVERAGE(Q146,V146,AA146,AF146,AK146,AP146) -> 0.90985915 | L146: =AVERAGE(R146,W146,AB146,AG146,AL146,AQ146) -> 0.58890877 | M146: =AVERAGE(S146,X146,AC146,AH146,AM146,AR146) -> #DIV/0! | N146: =AVERAGE(T146,Y146,AD146,AI146,AN146,AS146) -> #DIV/0! | O146: =AVERAGE(U146,Z146,AE146,AJ146,AO146,AT146) -> #DIV/0! | Q146: 0.9342723 | R146: 0.6529517 | V146: 0.88262911 | W146: 0.61359571 | AA146: 0.85446009 | AB146: 0.30411449 | AF146: 0.97183099 | AG146: 0.69588551 | AK146: 0.90610329 | AL146: 0.67799642
J148: 0.99084324 | K148: =AVERAGE(K117:K146) -> 0.78816491 | L148: =AVERAGE(L117:L146) -> 0.58254337 | M148: =AVERAGE(M117:M146) -> #DIV/0! | N148: =AVERAGE(N117:N146) -> #DIV/0! | O148: =AVERAGE(O117:O146) -> #DIV/0! | Q148: =AVERAGE(Q117:Q146) -> 0.78797902 | R148: =AVERAGE(R117:R146) -> 0.57076163 | S148: =AVERAGE(S117:S146) -> #DIV/0! | T148: =AVERAGE(T117:T146) -> #DIV/0! | U148: =AVERAGE(U117:U146) -> #DIV/0! | V148: =AVERAGE(V117:V146) -> 0.7896032 | W148: =AVERAGE(W117:W146) -> 0.59699513 | X148: =AVERAGE(X117:X146) -> #DIV/0! | ... AT148: =AVERAGE(AT117:AT146) -> #DIV/0!
J151: k=3
Q152: 1 | V152: 2 | AA152: 3 | AF152: 4 | AK152: 5 | AP152: 6
I153: ID | J153: Task 1 | K153: Task 2 | L153: Task 3 | M153: Task 4 | N153: Task 5 | O153: Task 6 | Q153: Task 2 | R153: Task 3 | S153: Task 4 | T153: Task 5 | U153: Task 6 | V153: Task 2 | W153: Task 3 | X153: Task 4 | Y153: Task 5 | Z153: Task 6 | AA153: Task 2 | AB153: Task 3 | AC153: Task 4 | AD153: Task 5 | AE153: Task 6 | AF153: Task 2 | AG153: Task 3 | AH153: Task 4 | AI153: Task 5 | AJ153: Task 6 | AK153: Task 2 | AL153: Task 3 | AM153: Task 4 | AN153: Task 5 | AO153: Task 6 | AP153: Task 2 | AQ153: Task 3 | AR153: Task 4 | AS153: Task 5 | AT153: Task 6
...

Sheet Person_2
J3: k=0.25
Q4: 1 | V4: 2 | AA4: 3 | AF4: 4 | AK4: 5 | AP4: 6
A5: k | B5: Task 1 | C5: Task 2 | D5: Task 3 | E5: Task 4 | F5: Task 5 | G5: Task 6 | I5: ID | J5: Task 1 | K5: Task 2 | L5: Task 3 | M5: Task 4 | N5: Task 5 | O5: Task 6 | Q5: Task 2 | R5: Task 3 | S5: Task 4 | T5: Task 5 | U5: Task 6 | V5: Task 2 | W5: Task 3 | X5: Task 4 | Y5: Task 5 | Z5: Task 6 | AA5: Task 2 | AB5: Task 3 | AC5: Task 4 | AD5: Task 5 | AE5: Task 6 | AF5: Task 2 | AG5: Task 3 | AH5: Task 4 | AI5: Task 5 | AJ5: Task 6 | AK5: Task 2 | AL5: Task 3 | AM5: Task 4 | AN5: Task 5 | AO5: Task 6 | AP5: Task 2 | AQ5: Task 3 | AR5: Task 4 | AS5: Task 5 | AT5: Task 6 | AV5: =A6 -> 0.25 | AW5: Task 2 | AX5: Task 3 | AY5: Task 4 | AZ5: Task 5 | BA5: Task 6
A6: 0.25 | B6: =AVERAGE(J6:J35) -> 0.99247324 | C6: =AVERAGE(K6:K35) -> 0.89019955 | D6: =AVERAGE(L6:L35) -> 0.74311312 | E6: =AVERAGE(M6:M35) -> #DIV/0! | F6: =AVERAGE(N6:N35) -> #DIV/0! | G6: =AVERAGE(O6:O35) -> #DIV/0! | J6: 0.99626667 | K6: =AVERAGE(Q6,V6,AA6,AF6,AK6,AP6) -> 0.832 | L6: =AVERAGE(R6,W6,AB6,AG6,AL6,AQ6) -> 0.6516934 | M6: =AVERAGE(S6,X6,AC6,AH6,AM6,AR6) -> #DIV/0! | N6: =AVERAGE(T6,Y6,AD6,AI6,AN6,AS6) -> #DIV/0! | O6: =AVERAGE(U6,Z6,AE6,AJ6,AO6,AT6) -> #DIV/0! | Q6: 0.67733333 | R6: 0.5026738 | V6: 0.97866667 | W6: 0.79500891 | AA6: 0.816 | AB6: 0.68627451 | AF6: 0.744 | AG6: 0.59536542 | AK6: 0.944 | AL6: 0.67914439 | AV6: 1 | AW6: =$Q$37 -> 0.88599298 | AX6: =$R$37 -> 0.73507943 | AY6: =$S$37 -> #DIV/0! | AZ6: =$T$37 -> #DIV/0! | BA6: =$U$37 -> #DIV/0!
A7: 0.5 | B7: =AVERAGE(J43:J72) -> 0.99218933 | C7: =AVERAGE(K43:K72) -> 0.88519347 | D7: =AVERAGE(L43:L72) -> 0.77256356 | E7: =AVERAGE(M43:M72) -> #DIV/0! | F7: =AVERAGE(N43:N72) -> #DIV/0! | G7: =AVERAGE(O43:O72) -> #DIV/0! | J7: 0.99862543 | K7: =AVERAGE(Q7,V7,AA7,AF7,AK7,AP7) -> 0.76975945 | L7: =AVERAGE(R7,W7,AB7,AG7,AL7,AQ7) -> 0.60321429 | M7: =AVERAGE(S7,X7,AC7,AH7,AM7,AR7) -> #DIV/0! | N7: =AVERAGE(T7,Y7,AD7,AI7,AN7,AS7) -> #DIV/0! | O7: =AVERAGE(U7,Z7,AE7,AJ7,AO7,AT7) -> #DIV/0! | Q7: 0.75257732 | R7: 0.62142857 | V7: 0.60824742 | W7: 0.49642857 | AA7: 0.83161512 | AB7: 0.675 | AF7: 0.81099656 | AG7: 0.67321429 | AK7: 0.84536082 | AL7: 0.55 | AV7: 2 | AW7: =$V$37 -> 0.9061601 | AX7: =$W$37 -> 0.76247792 | AY7: =$X$37 -> #DIV/0! | AZ7: =$Y$37 -> #DIV/0! | BA7: =$Z$37 -> #DIV/0!
A8: 1 | B8: =AVERAGE(J80:J109) -> 0.99147797 | C8: =AVERAGE(K80:K109) -> 0.91003783 | D8: =AVERAGE(L80:L109) -> 0.79044994 | E8: =AVERAGE(M80:M109) -> #DIV/0! | F8: =AVERAGE(N80:N109) -> #DIV/0! | G8: =AVERAGE(O80:O109) -> #DIV/0! | J8: 0.99368421 | K8: =AVERAGE(Q8,V8,AA8,AF8,AK8,AP8) -> 0.91789474 | L8: =AVERAGE(R8,W8,AB8,AG8,AL8,AQ8) -> 0.68499157 | M8: =AVERAGE(S8,X8,AC8,AH8,AM8,AR8) -> #DIV/0! | N8: =AVERAGE(T8,Y8,AD8,AI8,AN8,AS8) -> #DIV/0! | O8: =AVERAGE(U8,Z8,AE8,AJ8,AO8,AT8) -> #DIV/0! | Q8: 0.94473684 | R8: 0.60539629 | V8: 0.93947368 | W8: 0.7925801 | AA8: 0.94210526 | AB8: 0.47554806 | AF8: 0.90789474 | AG8: 0.78583474 | AK8: 0.85526316 | AL8: 0.76559865 | AV8: 3 | AW8: =$AA$37 -> 0.90233103 | AX8: =$AB$37 -> 0.72990941 | AY8: =$AC$37 -> #DIV/0! | AZ8: =$AD$37 -> #DIV/0! | BA8: =$AE$37 -> #DIV/0!
A9: 2 | B9: =AVERAGE(J117:J146) -> 0.99218617 | C9: =AVERAGE(K117:K146) -> 0.9280538 | D9: =AVERAGE(L117:L146) -> 0.80850462 | E9: =AVERAGE(M117:M146) -> #DIV/0! | F9: =AVERAGE(N117:N146) -> #DIV/0! | G9: =AVERAGE(O117:O146) -> #DIV/0! | J9: 1 | K9: =AVERAGE(Q9,V9,AA9,AF9,AK9,AP9) -> 0.93211009 | L9: =AVERAGE(R9,W9,AB9,AG9,AL9,AQ9) -> 0.73355593 | M9: =AVERAGE(S9,X9,AC9,AH9,AM9,AR9) -> #DIV/0! | N9: =AVERAGE(T9,Y9,AD9,AI9,AN9,AS9) -> #DIV/0! | O9: =AVERAGE(U9,Z9,AE9,AJ9,AO9,AT9) -> #DIV/0! | Q9: 0.90825688 | R9: 0.83806344 | V9: 0.93577982 | W9: 0.65776294 | AA9: 0.94954128 | AB9: 0.67111853 | AF9: 0.94495413 | AG9: 0.77462437 | AK9: 0.92201835 | AL9: 0.72621035 | AV9: 4 | AW9: =$AF$37 -> 0.8723797 | AX9: =$AG$37 -> 0.74654806 | AY9: =$AH$37 -> #DIV/0! | AZ9: =$AI$37 -> #DIV/0! | BA9: =$AJ$37 -> #DIV/0!
A10: 3 | B10: =AVERAGE(J154:J183) -> 0.99181402 | C10: =AVERAGE(K154:K183) -> 0.92534981 | D10: =AVERAGE(L154:L183) -> 0.80719876 | E10: =AVERAGE(M154:M183) -> #DIV/0! | F10: =AVERAGE(N154:N183) -> #DIV/0! | G10: =AVERAGE(O154:O183) -> #DIV/0! | J10: 0.98807339 | K10: =AVERAGE(Q10,V10,AA10,AF10,AK10,AP10) -> 0.91100917 | L10: =AVERAGE(R10,W10,AB10,AG10,AL10,AQ10) -> 0.87100176 | M10: =AVERAGE(S10,X10,AC10,AH10,AM10,AR10) -> #DIV/0! | N10: =AVERAGE(T10,Y10,AD10,AI10,AN10,AS10) -> #DIV/0! | O10: =AVERAGE(U10,Z10,AE10,AJ10,AO10,AT10) -> #DIV/0! | Q10: 0.88990826 | R10: 0.79964851 | V10: 0.89908257 | W10: 0.88400703 | AA10: 0.96788991 | AB10: 0.94376098 | AF10: 0.85321101 | AG10: 0.87697715 | AK10: 0.94495413 | AL10: 0.85061511 | AV10: 5 | AW10: =$AK$37 -> 0.88413395 | AX10: =$AL$37 -> 0.74155076 | AY10: =$AM$37 -> #DIV/0! | AZ10: =$AN$37 -> #DIV/0! | BA10: =$AO$37 -> #DIV/0!
J11: 0.9990566 | K11: =AVERAGE(Q11,V11,AA11,AF11,AK11,AP11) -> 0.90566038 | L11: =AVERAGE(R11,W11,AB11,AG11,AL11,AQ11) -> 0.79928952 | M11: =AVERAGE(S11,X11,AC11,AH11,AM11,AR11) -> #DIV/0! | N11: =AVERAGE(T11,Y11,AD11,AI11,AN11,AS11) -> #DIV/0! | O11: =AVERAGE(U11,Z11,AE11,AJ11,AO11,AT11) -> #DIV/0! | Q11: 0.91509434 | R11: 0.73534636 | V11: 0.9009434 | W11: 0.87921847 | AA11: 0.91509434 | AB11: 0.79218472 | AF11: 0.88207547 | AG11: 0.77264654 | AK11: 0.91509434 | AL11: 0.81705151 | AV11: 6 | AW11: =$AP$37 -> #DIV/0! | AX11: =$AQ$37 -> #DIV/0! | AY11: =$AR$37 -> #DIV/0! | AZ11: =$AS$37 -> #DIV/0! | BA11: =$AT$37 -> #DIV/0!
J12: 0.97703704 | K12: =AVERAGE(Q12,V12,AA12,AF12,AK12,AP12) -> 0.92296296 | L12: =AVERAGE(R12,W12,AB12,AG12,AL12,AQ12) -> 0.69590164 | M12: =AVERAGE(S12,X12,AC12,AH12,AM12,AR12) -> #DIV/0! | N12: =AVERAGE(T12,Y12,AD12,AI12,AN12,AS12) -> #DIV/0! | O12: =AVERAGE(U12,Z12,AE12,AJ12,AO12,AT12) -> #DIV/0! | Q12: 0.93703704 | R12: 0.56352459 | V12: 0.93333333 | W12: 0.87909836 | AA12: 0.94444444 | AB12: 0.67622951 | AF12: 0.93333333 | AG12: 0.60655738 | AK12: 0.86666667 | AL12: 0.75409836
J13: 0.9917603 | K13: =AVERAGE(Q13,V13,AA13,AF13,AK13,AP13) -> 0.78052434 | L13: =AVERAGE(R13,W13,AB13,AG13,AL13,AQ13) -> 0.72932099 | M13: =AVERAGE(S13,X13,AC13,AH13,AM13,AR13) -> #DIV/0! | N13: =AVERAGE(T13,Y13,AD13,AI13,AN13,AS13) -> #DIV/0! | O13: =AVERAGE(U13,Z13,AE13,AJ13,AO13,AT13) -> #DIV/0! | Q13: 0.82771536 | R13: 0.71450617 | V13: 0.77902622 | W13: 0.76234568 | AA13: 0.77153558 | AB13: 0.73611111 | AF13: 0.86516854 | AG13: 0.74845679 | AK13: 0.65917603 | AL13: 0.68518519
J14: 0.98888889 | K14: =AVERAGE(Q14,V14,AA14,AF14,AK14,AP14) -> 0.77222222 | L14: =AVERAGE(R14,W14,AB14,AG14,AL14,AQ14) -> 0.74901961 | M14: =AVERAGE(S14,X14,AC14,AH14,AM14,AR14) -> #DIV/0! | N14: =AVERAGE(T14,Y14,AD14,AI14,AN14,AS14) -> #DIV/0! | O14: =AVERAGE(U14,Z14,AE14,AJ14,AO14,AT14) -> #DIV/0! | Q14: 0.76666667 | R14: 0.75935829 | V14: 0.61111111 | W14: 0.78966132 | AA14: 0.83333333 | AB14: 0.78787879 | AF14: 0.85555556 | AG14: 0.61319073 | AK14: 0.79444444 | AL14: 0.79500891
J15: 0.99793814 | K15: =AVERAGE(Q15,V15,AA15,AF15,AK15,AP15) -> 0.82405498 | L15: =AVERAGE(R15,W15,AB15,AG15,AL15,AQ15) -> 0.69751773 | M15: =AVERAGE(S15,X15,AC15,AH15,AM15,AR15) -> #DIV/0! | N15: =AVERAGE(T15,Y15,AD15,AI15,AN15,AS15) -> #DIV/0! | O15: =AVERAGE(U15,Z15,AE15,AJ15,AO15,AT15) -> #DIV/0! | Q15: 0.85910653 | R15: 0.70744681 | V15: 0.91408935 | W15: 0.65780142 | AA15: 0.84536082 | AB15: 0.7606383 | AF15: 0.58419244 | AG15: 0.63297872 | AK15: 0.91752577 | AL15: 0.7287234 | AV15: =A7 -> 0.5 | AW15: Task 2 | AX15: Task 3 | AY15: Task 4 | AZ15: Task 5 | BA15: Task 6
J16: 0.99057239 | K16: =AVERAGE(Q16,V16,AA16,AF16,AK16,AP16) -> 0.98249158 | L16: =AVERAGE(R16,W16,AB16,AG16,AL16,AQ16) -> 0.8780083 | M16: =AVERAGE(S16,X16,AC16,AH16,AM16,AR16) -> #DIV/0! | N16: =AVERAGE(T16,Y16,AD16,AI16,AN16,AS16) -> #DIV/0! | O16: =AVERAGE(U16,Z16,AE16,AJ16,AO16,AT16) -> #DIV/0! | Q16: 0.98989899 | R16: 0.90248963 | V16: 0.98316498 | W16: 0.83817427 | AA16: 0.98316498 | AB16: 0.85684647 | AF16: 0.98653199 | AG16: 0.93360996 | AK16: 0.96969697 | AL16: 0.85892116 | AV16: 1 | AW16: =$Q$74 -> 0.81939052 | AX16: =$R$74 -> 0.73609052 | AY16: =$S$74 -> #DIV/0! | AZ16: =$T$74 -> #DIV/0! | BA16: =$U$74 -> #DIV/0!
J17: 0.98986486 | K17: =AVERAGE(Q17,V17,AA17,AF17,AK17,AP17) -> 0.85743243 | L17: =AVERAGE(R17,W17,AB17,AG17,AL17,AQ17) -> 0.69475728 | M17: =AVERAGE(S17,X17,AC17,AH17,AM17,AR17) -> #DIV/0! | N17: =AVERAGE(T17,Y17,AD17,AI17,AN17,AS17) -> #DIV/0! | O17: =AVERAGE(U17,Z17,AE17,AJ17,AO17,AT17) -> #DIV/0! | Q17: 0.97635135 | R17: 0.86019417 | V17: 0.96621622 | W17: 0.7961165 | AA17: 0.95945946 | AB17: 0.66796117 | AF17: 0.66554054 | AG17: 0.57475728 | AK17: 0.71959459 | AL17: 0.57475728 | AV17: 2 | AW17: =$V$74 -> 0.91621685 | AX17: =$W$74 -> 0.76079933 | AY17: =$X$74 -> #DIV/0! | AZ17: =$Y$74 -> #DIV/0! | BA17: =$Z$74 -> #DIV/0!
J18: 0.98289963 | K18: =AVERAGE(Q18,V18,AA18,AF18,AK18,AP18) -> 0.95315985 | L18: =AVERAGE(R18,W18,AB18,AG18,AL18,AQ18) -> 0.7935085 | M18: =AVERAGE(S18,X18,AC18,AH18,AM18,AR18) -> #DIV/0! | N18: =AVERAGE(T18,Y18,AD18,AI18,AN18,AS18) -> #DIV/0! | O18: =AVERAGE(U18,Z18,AE18,AJ18,AO18,AT18) -> #DIV/0! | Q18: 0.89219331 | R18: 0.79907264 | V18: 0.9739777 | W18: 0.73570325 | AA18: 0.95539033 | AB18: 0.92272025 | AF18: 0.9739777 | AG18: 0.812983 | AK18: 0.97026022 | AL18: 0.69706337 | AV18: 3 | AW18: =$AA$74 -> 0.86388749 | AX18: =$AB$74 -> 0.79716305 | AY18: =$AC$74 -> #DIV/0! | AZ18: =$AD$74 -> #DIV/0! | BA18: =$AE$74 -> #DIV/0!
J19: 0.99060052 | K19: =AVERAGE(Q19,V19,AA19,AF19,AK19,AP19) -> 0.88563969 | L19: =AVERAGE(R19,W19,AB19,AG19,AL19,AQ19) -> 0.67512521 | M19: =AVERAGE(S19,X19,AC19,AH19,AM19,AR19) -> #DIV/0! | N19: =AVERAGE(T19,Y19,AD19,AI19,AN19,AS19) -> #DIV/0! | O19: =AVERAGE(U19,Z19,AE19,AJ19,AO19,AT19) -> #DIV/0! | Q19: 0.89817232 | R19: 0.639399 | V19: 0.94516971 | W19: 0.79131886 | AA19: 0.92950392 | AB19: 0.64440735 | AF19: 0.93472585 | AG19: 0.57429048 | AK19: 0.72062663 | AL19: 0.72621035 | AV19: 4 | AW19: =$AF$74 -> 0.91348218 | AX19: =$AG$74 -> 0.79101586 | AY19: =$AH$74 -> #DIV/0! | AZ19: =$AI$74 -> #DIV/0! | BA19: =$AJ$74 -> #DIV/0!
J20: 0.99351852 | K20: =AVERAGE(Q20,V20,AA20,AF20,AK20,AP20) -> 0.93333333 | L20: =AVERAGE(R20,W20,AB20,AG20,AL20,AQ20) -> 0.68634064 | M20: =AVERAGE(S20,X20,AC20,AH20,AM20,AR20) -> #DIV/0! | N20: =AVERAGE(T20,Y20,AD20,AI20,AN20,AS20) -> #DIV/0! | O20: =AVERAGE(U20,Z20,AE20,AJ20,AO20,AT20) -> #DIV/0! | Q20: 0.91203704 | R20: 0.80944351 | V20: 0.96759259 | W20: 0.76053963 | AA20: 0.91203704 | AB20: 0.44182125 | AF20: 0.91203704 | AG20: 0.6762226 | AK20: 0.96296296 | AL20: 0.74367622 | AV20: 5 | AW20: =$AK$74 -> 0.9129903 | AX20: =$AL$74 -> 0.77774903 | AY20: =$AM$74 -> #DIV/0! | AZ20: =$AN$74 -> #DIV/0! | BA20: =$AO$74 -> #DIV/0!
J21: 0.9994709 | K21: =AVERAGE(Q21,V21,AA21,AF21,AK21,AP21) -> 0.90582011 | L21: =AVERAGE(R21,W21,AB21,AG21,AL21,AQ21) -> 0.63743676 | M21: =AVERAGE(S21,X21,AC21,AH21,AM21,AR21) -> #DIV/0! | N21: =AVERAGE(T21,Y21,AD21,AI21,AN21,AS21) -> #DIV/0! | O21: =AVERAGE(U21,Z21,AE21,AJ21,AO21,AT21) -> #DIV/0! | Q21: 0.97883598 | R21: 0.75042159 | V21: 0.95502646 | W21: 0.62394604 | AA21: 0.92857143 | AB21: 0.52107926 | AF21: 0.69047619 | AG21: 0.68296796 | AK21: 0.97619048 | AL21: 0.60876897 | AV21: 6 | AW21: =$AP$74 -> #DIV/0! | AX21: =$AQ$74 -> #DIV/0! | AY21: =$AR$74 -> #DIV/0! | AZ21: =$AS$74 -> #DIV/0! | BA21: =$AT$74 -> #DIV/0!
J22: 0.98721805 | K22: =AVERAGE(Q22,V22,AA22,AF22,AK22,AP22) -> 0.90526316 | L22: =AVERAGE(R22,W22,AB22,AG22,AL22,AQ22) -> 0.61525773 | M22: =AVERAGE(S22,X22,AC22,AH22,AM22,AR22) -> #DIV/0! | N22: =AVERAGE(T22,Y22,AD22,AI22,AN22,AS22) -> #DIV/0! | O22: =AVERAGE(U22,Z22,AE22,AJ22,AO22,AT22) -> #DIV/0! | Q22: 0.85714286 | R22: 0.70309278 | V22: 0.91353383 | W22: 0.65979381 | AA22: 0.92857143 | AB22: 0.59793814 | AF22: 0.92105263 | AG22: 0.57113402 | AK22: 0.90601504 | AL22: 0.5443299
J23: 0.98528428 | K23: =AVERAGE(Q23,V23,AA23,AF23,AK23,AP23) -> 0.94916388 | L23: =AVERAGE(R23,W23,AB23,AG23,AL23,AQ23) -> 0.82987698 | M23: =AVERAGE(S23,X23,AC23,AH23,AM23,AR23) -> #DIV/0! | N23: =AVERAGE(T23,Y23,AD23,AI23,AN23,AS23) -> #DIV/0! | O23: =AVERAGE(U23,Z23,AE23,AJ23,AO23,AT23) -> #DIV/0! | Q23: 0.95986622 | R23: 0.60281195 | V23: 0.98662207 | W23: 0.89806678 | AA23: 0.98662207 | AB23: 0.91915641 | AF23: 0.84615385 | AG23: 0.88224956 | AK23: 0.96655518 | AL23: 0.84710018
J24: 0.98940397 | K24: =AVERAGE(Q24,V24,AA24,AF24,AK24,AP24) -> 0.97350993 | L24: =AVERAGE(R24,W24,AB24,AG24,AL24,AQ24) -> 0.81625442 | M24: =AVERAGE(S24,X24,AC24,AH24,AM24,AR24) -> #DIV/0! | N24: =AVERAGE(T24,Y24,AD24,AI24,AN24,AS24) -> #DIV/0! | O24: =AVERAGE(U24,Z24,AE24,AJ24,AO24,AT24) -> #DIV/0! | Q24: 0.99006623 | R24: 0.81978799 | V24: 0.9602649 | W24: 0.75088339 | AA24: 0.97682119 | AB24: 0.92932862 | AF24: 0.97019868 | AG24: 0.87809187 | AK24: 0.97019868 | AL24: 0.70318021
J25: 0.98798956 | K25: =AVERAGE(Q25,V25,AA25,AF25,AK25,AP25) -> 0.82767624 | L25: =AVERAGE(R25,W25,AB25,AG25,AL25,AQ25) -> 0.78294849 | M25: =AVERAGE(S25,X25,AC25,AH25,AM25,AR25) -> #DIV/0! | N25: =AVERAGE(T25,Y25,AD25,AI25,AN25,AS25) -> #DIV/0! | O25: =AVERAGE(U25,Z25,AE25,AJ25,AO25,AT25) -> #DIV/0! | Q25: 0.90600522 | R25: 0.79396092 | V25: 0.88772846 | W25: 0.72468917 | AA25: 0.76240209 | AB25: 0.76198934 | AF25: 0.7310705 | AG25: 0.77797513 | AK25: 0.85117493 | AL25: 0.85612789 | AV25: =A8 -> 1 | AW25: Task 2 | AX25: Task 3 | AY25: Task 4 | AZ25: Task 5 | BA25: Task 6
J26: 0.99354839 | K26: =AVERAGE(Q26,V26,AA26,AF26,AK26,AP26) -> 0.84623656 | L26: =AVERAGE(R26,W26,AB26,AG26,AL26,AQ26) -> 0.78798587 | M26: =AVERAGE(S26,X26,AC26,AH26,AM26,AR26) -> #DIV/0! | N26: =AVERAGE(T26,Y26,AD26,AI26,AN26,AS26) -> #DIV/0! | O26: =AVERAGE(U26,Z26,AE26,AJ26,AO26,AT26) -> #DIV/0! | Q26: 0.82795699 | R26: 0.68374558 | V26: 0.91397849 | W26: 0.86042403 | AA26: 0.89247312 | AB26: 0.80388693 | AF26: 0.84946237 | AG26: 0.74911661 | AK26: 0.74731183 | AL26: 0.84275618 | AV26: 1 | AW26: =$Q$111 -> 0.91467365 | AX26: =$R$111 -> 0.80377509 | AY26: =$S$111 -> #DIV/0! | AZ26: =$T$111 -> #DIV/0! | BA26: =$U$111 -> #DIV/0!
J27: 0.99812207 | K27: =AVERAGE(Q27,V27,AA27,AF27,AK27,AP27) -> 0.96056338 | L27: =AVERAGE(R27,W27,AB27,AG27,AL27,AQ27) -> 0.85165049 | M27: =AVERAGE(S27,X27,AC27,AH27,AM27,AR27) -> #DIV/0! | N27: =AVERAGE(T27,Y27,AD27,AI27,AN27,AS27) -> #DIV/0! | O27: =AVERAGE(U27,Z27,AE27,AJ27,AO27,AT27) -> #DIV/0! | Q27: 0.95305164 | R27: 0.93398058 | V27: 0.97652582 | W27: 0.71456311 | AA27: 0.93896714 | AB27: 0.93009709 | AF27: 0.94835681 | AG27: 0.92621359 | AK27: 0.98591549 | AL27: 0.75339806 | AV27: 2 | AW27: =$V$111 -> 0.9140956 | AX27: =$W$111 -> 0.79008739 | AY27: =$X$111 -> #DIV/0! | AZ27: =$Y$111 -> #DIV/0! | BA27: =$Z$111 -> #DIV/0!
J28: 0.9994709 | K28: =AVERAGE(Q28,V28,AA28,AF28,AK28,AP28) -> 0.8005291 | L28: =AVERAGE(R28,W28,AB28,AG28,AL28,AQ28) -> 0.55329768 | M28: =AVERAGE(S28,X28,AC28,AH28,AM28,AR28) -> #DIV/0! | N28: =AVERAGE(T28,Y28,AD28,AI28,AN28,AS28) -> #DIV/0! | O28: =AVERAGE(U28,Z28,AE28,AJ28,AO28,AT28) -> #DIV/0! | Q28: 0.74867725 | R28: 0.42424242 | V28: 0.95767196 | W28: 0.42067736 | AA28: 0.62698413 | AB28: 0.42602496 | AF28: 0.93121693 | AG28: 0.78787879 | AK28: 0.73809524 | AL28: 0.70766488 | AV28: 3 | AW28: =$AA$111 -> 0.90908977 | AX28: =$AB$111 -> 0.77899269 | AY28: =$AC$111 -> #DIV/0! | AZ28: =$AD$111 -> #DIV/0! | BA28: =$AE$111 -> #DIV/0!
J29: 0.99908257 | K29: =AVERAGE(Q29,V29,AA29,AF29,AK29,AP29) -> 0.9412844 | L29: =AVERAGE(R29,W29,AB29,AG29,AL29,AQ29) -> 0.73783304 | M29: =AVERAGE(S29,X29,AC29,AH29,AM29,AR29) -> #DIV/0! | N29: =AVERAGE(T29,Y29,AD29,AI29,AN29,AS29) -> #DIV/0! | O29: =AVERAGE(U29,Z29,AE29,AJ29,AO29,AT29) -> #DIV/0! | Q29: 0.9587156 | R29: 0.8277087 | V29: 0.91743119 | W29: 0.77442274 | AA29: 0.9266055 | AB29: 0.73001776 | AF29: 0.97706422 | AG29: 0.70515098 | AK29: 0.9266055 | AL29: 0.65186501 | AV29: 4 | AW29: =$AF$111 -> 0.88873659 | AX29: =$AG$111 -> 0.78496224 | AY29: =$AH$111 -> #DIV/0! | AZ29: =$AI$111 -> #DIV/0! | BA29: =$AJ$111 -> #DIV/0!
J30: 0.99166667 | K30: =AVERAGE(Q30,V30,AA30,AF30,AK30,AP30) -> 0.94074074 | L30: =AVERAGE(R30,W30,AB30,AG30,AL30,AQ30) -> 0.79929329 | M30: =AVERAGE(S30,X30,AC30,AH30,AM30,AR30) -> #DIV/0! | N30: =AVERAGE(T30,Y30,AD30,AI30,AN30,AS30) -> #DIV/0! | O30: =AVERAGE(U30,Z30,AE30,AJ30,AO30,AT30) -> #DIV/0! | Q30: 0.94444444 | R30: 0.82155477 | V30: 0.96759259 | W30: 0.85159011 | AA30: 0.93981481 | AB30: 0.86572438 | AF30: 0.93981481 | AG30: 0.77385159 | AK30: 0.91203704 | AL30: 0.68374558 | AV30: 5 | AW30: =$AK$111 -> 0.92359354 | AX30: =$AL$111 -> 0.79443227 | AY30: =$AM$111 -> #DIV/0! | AZ30: =$AN$111 -> #DIV/0! | BA30: =$AO$111 -> #DIV/0!
J31: 0.99316239 | K31: =AVERAGE(Q31,V31,AA31,AF31,AK31,AP31) -> 0.93846154 | L31: =AVERAGE(R31,W31,AB31,AG31,AL31,AQ31) -> 0.88617021 | M31: =AVERAGE(S31,X31,AC31,AH31,AM31,AR31) -> #DIV/0! | N31: =AVERAGE(T31,Y31,AD31,AI31,AN31,AS31) -> #DIV/0! | O31: =AVERAGE(U31,Z31,AE31,AJ31,AO31,AT31) -> #DIV/0! | Q31: 0.95726496 | R31: 0.84574468 | V31: 0.93447293 | W31: 0.91134752 | AA31: 0.95156695 | AB31: 0.89893617 | AF31: 0.91452991 | AG31: 0.85283688 | AK31: 0.93447293 | AL31: 0.92198582 | AV31: 6 | AW31: =$AP$111 -> #DIV/0! | AX31: =$AQ$111 -> #DIV/0! | AY31: =$AR$111 -> #DIV/0! | AZ31: =$AS$111 -> #DIV/0! | BA31: =$AT$111 -> #DIV/0!
J32: 0.98990826 | K32: =AVERAGE(Q32,V32,AA32,AF32,AK32,AP32) -> 0.88256881 | L32: =AVERAGE(R32,W32,AB32,AG32,AL32,AQ32) -> 0.76127886 | M32: =AVERAGE(S32,X32,AC32,AH32,AM32,AR32) -> #DIV/0! | N32: =AVERAGE(T32,Y32,AD32,AI32,AN32,AS32) -> #DIV/0! | O32: =AVERAGE(U32,Z32,AE32,AJ32,AO32,AT32) -> #DIV/0! | Q32: 0.85779817 | R32: 0.77797513 | V32: 0.82568807 | W32: 0.74955595 | AA32: 0.88990826 | AB32: 0.59857904 | AF32: 0.87155963 | AG32: 0.79040853 | AK32: 0.96788991 | AL32: 0.88987567
J33: 0.99793814 | K33: =AVERAGE(Q33,V33,AA33,AF33,AK33,AP33) -> 0.80068729 | L33: =AVERAGE(R33,W33,AB33,AG33,AL33,AQ33) -> 0.61349073 | M33: =AVERAGE(S33,X33,AC33,AH33,AM33,AR33) -> #DIV/0! | N33: =AVERAGE(T33,Y33,AD33,AI33,AN33,AS33) -> #DIV/0! | O33: =AVERAGE(U33,Z33,AE33,AJ33,AO33,AT33) -> #DIV/0! | Q33: 0.6185567 | R33: 0.54131535 | V33: 0.91752577 | W33: 0.72681282 | AA33: 0.87628866 | AB33: 0.55817875 | AF33: 0.82130584 | AG33: 0.67959528 | AK33: 0.76975945 | AL33: 0.56155143
J34: 0.98518519 | K34: =AVERAGE(Q34,V34,AA34,AF34,AK34,AP34) -> 0.98383838 | L34: =AVERAGE(R34,W34,AB34,AG34,AL34,AQ34) -> 0.85237258 | M34: =AVERAGE(S34,X34,AC34,AH34,AM34,AR34) -> #DIV/0! | N34: =AVERAGE(T34,Y34,AD34,AI34,AN34,AS34) -> #DIV/0! | O34: =AVERAGE(U34,Z34,AE34,AJ34,AO34,AT34) -> #DIV/0! | Q34: 0.98316498 | R34: 0.87697715 | V34: 0.98316498 | W34: 0.84358524 | AA34: 0.98989899 | AB34: 0.77855888 | AF34: 0.98316498 | AG34: 0.79261863 | AK34: 0.97979798 | AL34: 0.97012302
J35: 0.99795918 | K35: =AVERAGE(Q35,V35,AA35,AF35,AK35,AP35) -> 0.86938776 | L35: =AVERAGE(R35,W35,AB35,AG35,AL35,AQ35) -> 0.825 | M35: =AVERAGE(S35,X35,AC35,AH35,AM35,AR35) -> #DIV/0! | N35: =AVERAGE(T35,Y35,AD35,AI35,AN35,AS35) -> #DIV/0! | O35: =AVERAGE(U35,Z35,AE35,AJ35,AO35,AT35) -> #DIV/0! | Q35: 0.89115646 | R35: 0.79107143 | V35: 0.75170068 | W35: 0.84821429 | AA35: 0.89795918 | AB35: 0.83928571 | AF35: 0.92176871 | AG35: 0.89464286 | AK35: 0.88435374 | AL35: 0.75178571 | AV35: =A9 -> 2 | AW35: Task 2 | AX35: Task 3 | AY35: Task 4 | AZ35: Task 5 | BA35: Task 6
AV36: 1 | AW36: =$Q$148 -> 0.92973882 | AX36: =$R$148 -> 0.80476126 | AY36: =$S$148 -> #DIV/0! | AZ36: =$T$148 -> #DIV/0! | BA36: =$U$148 -> #DIV/0!
J37: 0.98844568 | K37: =AVERAGE(K6:K35) -> 0.89019955 | L37: =AVERAGE(L6:L35) -> 0.74311312 | M37: =AVERAGE(M6:M35) -> #DIV/0! | N37: =AVERAGE(N6:N35) -> #DIV/0! | O37: =AVERAGE(O6:O35) -> #DIV/0! | Q37: =AVERAGE(Q6:Q35) -> 0.88599298 | R37: =AVERAGE(R6:R35) -> 0.73507943 | S37: =AVERAGE(S6:S35) -> #DIV/0! | T37: =AVERAGE(T6:T35) -> #DIV/0! | U37: =AVERAGE(U6:U35) -> #DIV/0! | V37: =AVERAGE(V6:V35) -> 0.9061601 | W37: =AVERAGE(W6:W35) -> 0.76247792 | X37: =AVERAGE(X6:X35) -> #DIV/0! | ... AT37: =AVERAGE(AT6:AT35) -> #DIV/0! | AV37: 2 | AW37: =$V$148 -> 0.90377215 | AX37: =$W$148 -> 0.79377127 | AY37: =$X$148 -> #DIV/0! | AZ37: =$Y$148 -> #DIV/0! | BA37: =$Z$148 -> #DIV/0!
AV38: 3 | AW38: =$AA$148 -> 0.92085115 | AX38: =$AB$148 -> 0.80109843 | AY38: =$AC$148 -> #DIV/0! | AZ38: =$AD$148 -> #DIV/0! | BA38: =$AE$148 -> #DIV/0!
AV39: 4 | AW39: =$AF$148 -> 0.94160747 | AX39: =$AG$148 -> 0.80928196 | AY39: =$AH$148 -> #DIV/0! | AZ39: =$AI$148 -> #DIV/0! | BA39: =$AJ$148 -> #DIV/0!
J40: k=0.5 | AV40: 5 | AW40: =$AK$148 -> 0.94429939 | AX40: =$AL$148 -> 0.83361017 | AY40: =$AM$148 -> #DIV/0! | AZ40: =$AN$148 -> #DIV/0! | BA40: =$AO$148 -> #DIV/0!
Q41: 1 | V41: 2 | AA41: 3 | AF41: 4 | AK41: 5 | AP41: 6 | AV41: 6 | AW41: =$AP$148 -> #DIV/0! | AX41: =$AQ$148 -> #DIV/0! | AY41: =$AR$148 -> #DIV/0! | AZ41: =$AS$148 -> #DIV/0! | BA41: =$AT$148 -> #DIV/0!
I42: ID | J42: Task 1 | K42: Task 2 | L42: Task 3 | M42: Task 4 | N42: Task 5 | O42: Task 6 | Q42: Task 2 | R42: Task 3 | S42: Task 4 | T42: Task 5 | U42: Task 6 | V42: Task 2 | W42: Task 3 | X42: Task 4 | Y42: Task 5 | Z42: Task 6 | AA42: Task 2 | AB42: Task 3 | AC42: Task 4 | AD42: Task 5 | AE42: Task 6 | AF42: Task 2 | AG42: Task 3 | AH42: Task 4 | AI42: Task 5 | AJ42: Task 6 | AK42: Task 2 | AL42: Task 3 | AM42: Task 4 | AN42: Task 5 | AO42: Task 6 | AP42: Task 2 | AQ42: Task 3 | AR42: Task 4 | AS42: Task 5 | AT42: Task 6
J43: 0.9968 | K43: =AVERAGE(Q43,V43,AA43,AF43,AK43,AP43) -> 0.88053333 | L43: =AVERAGE(R43,W43,AB43,AG43,AL43,AQ43) -> 0.69269162 | M43: =AVERAGE(S43,X43,AC43,AH43,AM43,AR43) -> #DIV/0! | N43: =AVERAGE(T43,Y43,AD43,AI43,AN43,AS43) -> #DIV/0! | O43: =AVERAGE(U43,Z43,AE43,AJ43,AO43,AT43) -> #DIV/0! | Q43: 0.84533333 | R43: 0.68449198 | V43: 0.912 | W43: 0.70053476 | AA43: 0.71733333 | AB43: 0.65240642 | AF43: 0.952 | AG43: 0.68805704 | AK43: 0.976 | AL43: 0.73796791
J44: 0.99725086 | K44: =AVERAGE(Q44,V44,AA44,AF44,AK44,AP44) -> 0.79243986 | L44: =AVERAGE(R44,W44,AB44,AG44,AL44,AQ44) -> 0.70035714 | M44: =AVERAGE(S44,X44,AC44,AH44,AM44,AR44) -> #DIV/0! | N44: =AVERAGE(T44,Y44,AD44,AI44,AN44,AS44) -> #DIV/0! | O44: =AVERAGE(U44,Z44,AE44,AJ44,AO44,AT44) -> #DIV/0! | Q44: 0.61168385 | R44: 0.66964286 | V44: 0.85223368 | W44: 0.64464286 | AA44: 0.74914089 | AB44: 0.6125 | AF44: 0.86941581 | AG44: 0.75357143 | AK44: 0.87972509 | AL44: 0.82142857
J45: 0.99368421 | K45: =AVERAGE(Q45,V45,AA45,AF45,AK45,AP45) -> 0.94315789 | L45: =AVERAGE(R45,W45,AB45,AG45,AL45,AQ45) -> 0.79797639 | M45: =AVERAGE(S45,X45,AC45,AH45,AM45,AR45) -> #DIV/0! | N45: =AVERAGE(T45,Y45,AD45,AI45,AN45,AS45) -> #DIV/0! | O45: =AVERAGE(U45,Z45,AE45,AJ45,AO45,AT45) -> #DIV/0! | Q45: 0.97105263 | R45: 0.77234401 | V45: 0.98947368 | W45: 0.79763912 | AA45: 0.97368421 | AB45: 0.87858347 | AF45: 0.96052632 | AG45: 0.88701518 | AK45: 0.82105263 | AL45: 0.65430017 | AV45: =A10 -> 3 | AW45: Task 2 | AX45: Task 3 | AY45: Task 4 | AZ45: Task 5 | BA45: Task 6
J46: 0.99816514 | K46: =AVERAGE(Q46,V46,AA46,AF46,AK46,AP46) -> 0.94678899 | L46: =AVERAGE(R46,W46,AB46,AG46,AL46,AQ46) -> 0.76293823 | M46: =AVERAGE(S46,X46,AC46,AH46,AM46,AR46) -> #DIV/0! | N46: =AVERAGE(T46,Y46,AD46,AI46,AN46,AS46) -> #DIV/0! | O46: =AVERAGE(U46,Z46,AE46,AJ46,AO46,AT46) -> #DIV/0! | Q46: 0.91743119 | R46: 0.69782972 | V46: 0.94495413 | W46: 0.74791319 | AA46: 0.9587156 | AB46: 0.8196995 | AF46: 0.94954128 | AG46: 0.83305509 | AK46: 0.96330275 | AL46: 0.71619366 | AV46: 1 | AW46: =$Q$185 -> 0.92609562 | AX46: =$R$185 -> 0.82889397 | AY46: =$S$185 -> #DIV/0! | AZ46: =$T$185 -> #DIV/0! | BA46: =$U$185 -> #DIV/0!
J47: 0.98899083 | K47: =AVERAGE(Q47,V47,AA47,AF47,AK47,AP47) -> 0.91192661 | L47: =AVERAGE(R47,W47,AB47,AG47,AL47,AQ47) -> 0.85869947 | M47: =AVERAGE(S47,X47,AC47,AH47,AM47,AR47) -> #DIV/0! | N47: =AVERAGE(T47,Y47,AD47,AI47,AN47,AS47) -> #DIV/0! | O47: =AVERAGE(U47,Z47,AE47,AJ47,AO47,AT47) -> #DIV/0! | Q47: 0.8440367 | R47: 0.85413005 | V47: 0.91743119 | W47: 0.78558875 | AA47: 0.82110092 | AB47: 0.84710018 | AF47: 0.98623853 | AG47: 0.96309315 | AK47: 0.99082569 | AL47: 0.84358524 | AV47: 2 | AW47: =$V$185 -> 0.91420773 | AX47: =$W$185 -> 0.77784664 | AY47: =$X$185 -> #DIV/0! | AZ47: =$Y$185 -> #DIV/0! | BA47: =$Z$185 -> #DIV/0!
J48: 0.99622642 | K48: =AVERAGE(Q48,V48,AA48,AF48,AK48,AP48) -> 0.83962264 | L48: =AVERAGE(R48,W48,AB48,AG48,AL48,AQ48) -> 0.82628774 | M48: =AVERAGE(S48,X48,AC48,AH48,AM48,AR48) -> #DIV/0! | N48: =AVERAGE(T48,Y48,AD48,AI48,AN48,AS48) -> #DIV/0! | O48: =AVERAGE(U48,Z48,AE48,AJ48,AO48,AT48) -> #DIV/0! | Q48: 0.48113208 | R48: 0.71936057 | V48: 0.9245283 | W48: 0.91474245 | AA48: 0.9009434 | AB48: 0.80284192 | AF48: 0.98584906 | AG48: 0.79751332 | AK48: 0.90566038 | AL48: 0.89698046 | AV48: 3 | AW48: =$AA$185 -> 0.92677855 | AX48: =$AB$185 -> 0.80871885 | AY48: =$AC$185 -> #DIV/0! | AZ48: =$AD$185 -> #DIV/0! | BA48: =$AE$185 -> #DIV/0!
J49: 0.97925926 | K49: =AVERAGE(Q49,V49,AA49,AF49,AK49,AP49) -> 0.88074074 | L49: =AVERAGE(R49,W49,AB49,AG49,AL49,AQ49) -> 0.67459016 | M49: =AVERAGE(S49,X49,AC49,AH49,AM49,AR49) -> #DIV/0! | N49: =AVERAGE(T49,Y49,AD49,AI49,AN49,AS49) -> #DIV/0! | O49: =AVERAGE(U49,Z49,AE49,AJ49,AO49,AT49) -> #DIV/0! | Q49: 0.61111111 | R49: 0.40368852 | V49: 0.95185185 | W49: 0.69262295 | AA49: 0.94444444 | AB49: 0.68647541 | AF49: 0.95185185 | AG49: 0.74180328 | AK49: 0.94444444 | AL49: 0.84836066 | AV49: 4 | AW49: =$AF$185 -> 0.9304406 | AX49: =$AG$185 -> 0.80431684 | AY49: =$AH$185 -> #DIV/0! | AZ49: =$AI$185 -> #DIV/0! | BA49: =$AJ$185 -> #DIV/0!
J50: 0.9917603 | K50: =AVERAGE(Q50,V50,AA50,AF50,AK50,AP50) -> 0.83370787 | L50: =AVERAGE(R50,W50,AB50,AG50,AL50,AQ50) -> 0.74475309 | M50: =AVERAGE(S50,X50,AC50,AH50,AM50,AR50) -> #DIV/0! | N50: =AVERAGE(T50,Y50,AD50,AI50,AN50,AS50) -> #DIV/0! | O50: =AVERAGE(U50,Z50,AE50,AJ50,AO50,AT50) -> #DIV/0! | Q50: 0.94756554 | R50: 0.76851852 | V50: 0.94007491 | W50: 0.73148148 | AA50: 0.6928839 | AB50: 0.81018519 | AF50: 0.75280899 | AG50: 0.79012346 | AK50: 0.83520599 | AL50: 0.62345679 | AV50: 5 | AW50: =$AK$185 -> 0.92922653 | AX50: =$AL$185 -> 0.81621752 | AY50: =$AM$185 -> #DIV/0! | AZ50: =$AN$185 -> #DIV/0! | BA50: =$AO$185 -> #DIV/0!
J51: 0.98888889 | K51: =AVERAGE(Q51,V51,AA51,AF51,AK51,AP51) -> 0.81111111 | L51: =AVERAGE(R51,W51,AB51,AG51,AL51,AQ51) -> 0.78609626 | M51: =AVERAGE(S51,X51,AC51,AH51,AM51,AR51) -> #DIV/0! | N51: =AVERAGE(T51,Y51,AD51,AI51,AN51,AS51) -> #DIV/0! | O51: =AVERAGE(U51,Z51,AE51,AJ51,AO51,AT51) -> #DIV/0! | Q51: 0.83333333 | R51: 0.78966132 | V51: 0.76666667 | W51: 0.80748663 | AA51: 0.8 | AB51: 0.81283422 | AF51: 0.78888889 | AG51: 0.80035651 | AK51: 0.86666667 | AL51: 0.7201426 | AV51: 6 | AW51: =$AP$185 -> #DIV/0! | AX51: =$AQ$185 -> #DIV/0! | AY51: =$AR$185 -> #DIV/0! | AZ51: =$AS$185 -> #DIV/0! | BA51: =$AT$185 -> #DIV/0!
J52: 0.99725086 | K52: =AVERAGE(Q52,V52,AA52,AF52,AK52,AP52) -> 0.79793814 | L52: =AVERAGE(R52,W52,AB52,AG52,AL52,AQ52) -> 0.70531915 | M52: =AVERAGE(S52,X52,AC52,AH52,AM52,AR52) -> #DIV/0! | N52: =AVERAGE(T52,Y52,AD52,AI52,AN52,AS52) -> #DIV/0! | O52: =AVERAGE(U52,Z52,AE52,AJ52,AO52,AT52) -> #DIV/0! | Q52: 0.90378007 | R52: 0.83865248 | V52: 0.92439863 | W52: 0.69858156 | AA52: 0.67353952 | AB52: 0.75 | AF52: 0.71134021 | AG52: 0.58333333 | AK52: 0.7766323 | AL52: 0.65602837
J53: 0.98855219 | K53: =AVERAGE(Q53,V53,AA53,AF53,AK53,AP53) -> 0.92592593 | L53: =AVERAGE(R53,W53,AB53,AG53,AL53,AQ53) -> 0.87634855 | M53: =AVERAGE(S53,X53,AC53,AH53,AM53,AR53) -> #DIV/0! | N53: =AVERAGE(T53,Y53,AD53,AI53,AN53,AS53) -> #DIV/0! | O53: =AVERAGE(U53,Z53,AE53,AJ53,AO53,AT53) -> #DIV/0! | Q53: 0.69360269 | R53: 0.79875519 | V53: 0.98316498 | W53: 0.85892116 | AA53: 0.98316498 | AB53: 0.93153527 | AF53: 0.98316498 | AG53: 0.95435685 | AK53: 0.98653199 | AL53: 0.83817427
J54: 0.98918919 | K54: =AVERAGE(Q54,V54,AA54,AF54,AK54,AP54) -> 0.91486486 | L54: =AVERAGE(R54,W54,AB54,AG54,AL54,AQ54) -> 0.81669903 | M54: =AVERAGE(S54,X54,AC54,AH54,AM54,AR54) -> #DIV/0! | N54: =AVERAGE(T54,Y54,AD54,AI54,AN54,AS54) -> #DIV/0! | O54: =AVERAGE(U54,Z54,AE54,AJ54,AO54,AT54) -> #DIV/0! | Q54: 0.95608108 | R54: 0.83495146 | V54: 0.97635135 | W54: 0.85631068 | AA54: 0.98648649 | AB54: 0.86796117 | AF54: 0.69594595 | AG54: 0.70485437 | AK54: 0.95945946 | AL54: 0.81941748
J55: 0.98066914 | K55: =AVERAGE(Q55,V55,AA55,AF55,AK55,AP55) -> 0.97174721 | L55: =AVERAGE(R55,W55,AB55,AG55,AL55,AQ55) -> 0.76816074 | M55: =AVERAGE(S55,X55,AC55,AH55,AM55,AR55) -> #DIV/0! | N55: =AVERAGE(T55,Y55,AD55,AI55,AN55,AS55) -> #DIV/0! | O55: =AVERAGE(U55,Z55,AE55,AJ55,AO55,AT55) -> #DIV/0! | Q55: 0.96282528 | R55: 0.62751159 | V55: 0.9739777 | W55: 0.81916538 | AA55: 0.9739777 | AB55: 0.7187017 | AF55: 0.9739777 | AG55: 0.85162287 | AK55: 0.9739777 | AL55: 0.82380216
J56: 0.99007833 | K56: =AVERAGE(Q56,V56,AA56,AF56,AK56,AP56) -> 0.88198433 | L56: =AVERAGE(R56,W56,AB56,AG56,AL56,AQ56) -> 0.76761269 | M56: =AVERAGE(S56,X56,AC56,AH56,AM56,AR56) -> #DIV/0! | N56: =AVERAGE(T56,Y56,AD56,AI56,AN56,AS56) -> #DIV/0! | O56: =AVERAGE(U56,Z56,AE56,AJ56,AO56,AT56) -> #DIV/0! | Q56: 0.76501305 | R56: 0.72954925 | V56: 0.81201044 | W56: 0.8163606 | AA56: 0.95561358 | AB56: 0.77796327 | AF56: 0.91906005 | AG56: 0.81469115 | AK56: 0.95822454 | AL56: 0.69949917
J57: 0.99259259 | K57: =AVERAGE(Q57,V57,AA57,AF57,AK57,AP57) -> 0.94444444 | L57: =AVERAGE(R57,W57,AB57,AG57,AL57,AQ57) -> 0.79595278 | M57: =AVERAGE(S57,X57,AC57,AH57,AM57,AR57) -> #DIV/0! | N57: =AVERAGE(T57,Y57,AD57,AI57,AN57,AS57) -> #DIV/0! | O57: =AVERAGE(U57,Z57,AE57,AJ57,AO57,AT57) -> #DIV/0! | Q57: 0.92592593 | R57: 0.83642496 | V57: 0.97222222 | W57: 0.70489039 | AA57: 0.94907407 | AB57: 0.7470489 | AF57: 0.93055556 | AG57: 0.8920742 | AK57: 0.94444444 | AL57: 0.79932546
J58: 1 | K58: =AVERAGE(Q58,V58,AA58,AF58,AK58,AP58) -> 0.90529101 | L58: =AVERAGE(R58,W58,AB58,AG58,AL58,AQ58) -> 0.71062395 | M58: =AVERAGE(S58,X58,AC58,AH58,AM58,AR58) -> #DIV/0! | N58: =AVERAGE(T58,Y58,AD58,AI58,AN58,AS58) -> #DIV/0! | O58: =AVERAGE(U58,Z58,AE58,AJ58,AO58,AT58) -> #DIV/0! | Q58: 0.75132275 | R58: 0.63575042 | V58: 0.94444444 | W58: 0.54637437 | AA58: 0.91534392 | AB58: 0.92748735 | AF58: 0.95502646 | AG58: 0.62394604 | AK58: 0.96031746 | AL58: 0.81956155
J59: 0.99473684 | K59: =AVERAGE(Q59,V59,AA59,AF59,AK59,AP59) -> 0.86315789 | L59: =AVERAGE(R59,W59,AB59,AG59,AL59,AQ59) -> 0.50845361 | M59: =AVERAGE(S59,X59,AC59,AH59,AM59,AR59) -> #DIV/0! | N59: =AVERAGE(T59,Y59,AD59,AI59,AN59,AS59) -> #DIV/0! | O59: =AVERAGE(U59,Z59,AE59,AJ59,AO59,AT59) -> #DIV/0! | Q59: 0.60526316 | R59: 0.45360825 | V59: 0.90977444 | W59: 0.49896907 | AA59: 0.90977444 | AB59: 0.63298969 | AF59: 0.96240602 | AG59: 0.62474227 | AK59: 0.92857143 | AL59: 0.33195876
J60: 0.98327759 | K60: =AVERAGE(Q60,V60,AA60,AF60,AK60,AP60) -> 0.86889632 | L60: =AVERAGE(R60,W60,AB60,AG60,AL60,AQ60) -> 0.75641476 | M60: =AVERAGE(S60,X60,AC60,AH60,AM60,AR60) -> #DIV/0! | N60: =AVERAGE(T60,Y60,AD60,AI60,AN60,AS60) -> #DIV/0! | O60: =AVERAGE(U60,Z60,AE60,AJ60,AO60,AT60) -> #DIV/0! | Q60: 0.8729097 | R60: 0.56766257 | V60: 0.91973244 | W60: 0.75043937 | AA60: 0.59866221 | AB60: 0.77680141 | AF60: 0.96989967 | AG60: 0.75043937 | AK60: 0.98327759 | AL60: 0.93673111
J61: 0.99139073 | K61: =AVERAGE(Q61,V61,AA61,AF61,AK61,AP61) -> 0.9807947 | L61: =AVERAGE(R61,W61,AB61,AG61,AL61,AQ61) -> 0.91978799 | M61: =AVERAGE(S61,X61,AC61,AH61,AM61,AR61) -> #DIV/0! | N61: =AVERAGE(T61,Y61,AD61,AI61,AN61,AS61) -> #DIV/0! | O61: =AVERAGE(U61,Z61,AE61,AJ61,AO61,AT61) -> #DIV/0! | Q61: 0.98344371 | R61: 0.91519435 | V61: 0.98344371 | W61: 0.88869258 | AA61: 0.97682119 | AB61: 0.93639576 | AF61: 0.97350993 | AG61: 0.93109541 | AK61: 0.98675497 | AL61: 0.92756184
J62: 0.98798956 | K62: =AVERAGE(Q62,V62,AA62,AF62,AK62,AP62) -> 0.82924282 | L62: =AVERAGE(R62,W62,AB62,AG62,AL62,AQ62) -> 0.74671403 | M62: =AVERAGE(S62,X62,AC62,AH62,AM62,AR62) -> #DIV/0! | N62: =AVERAGE(T62,Y62,AD62,AI62,AN62,AS62) -> #DIV/0! | O62: =AVERAGE(U62,Z62,AE62,AJ62,AO62,AT62) -> #DIV/0! | Q62: 0.88511749 | R62: 0.64298401 | V62: 0.79373368 | W62: 0.85968028 | AA62: 0.8381201 | AB62: 0.80106572 | AF62: 0.7075718 | AG62: 0.69804618 | AK62: 0.92167102 | AL62: 0.73179396
J63: 0.98387097 | K63: =AVERAGE(Q63,V63,AA63,AF63,AK63,AP63) -> 0.89247312 | L63: =AVERAGE(R63,W63,AB63,AG63,AL63,AQ63) -> 0.78551237 | M63: =AVERAGE(S63,X63,AC63,AH63,AM63,AR63) -> #DIV/0! | N63: =AVERAGE(T63,Y63,AD63,AI63,AN63,AS63) -> #DIV/0! | O63: =AVERAGE(U63,Z63,AE63,AJ63,AO63,AT63) -> #DIV/0! | Q63: 0.94623656 | R63: 0.85512367 | V63: 0.93548387 | W63: 0.72261484 | AA63: 0.80645161 | AB63: 0.84805654 | AF63: 0.85483871 | AG63: 0.80918728 | AK63: 0.91935484 | AL63: 0.69257951
... J72: 0.99795918 | K72: =AVERAGE(Q72,V72,AA72,AF72,AK72,AP72) -> 0.87823129 | L72: =AVERAGE(R72,W72,AB72,AG72,AL72,AQ72) -> 0.83178571 | M72: =AVERAGE(S72,X72,AC72,AH72,AM72,AR72) -> #DIV/0! | N72: =AVERAGE(T72,Y72,AD72,AI72,AN72,AS72) -> #DIV/0! | O72: =AVERAGE(U72,Z72,AE72,AJ72,AO72,AT72) -> #DIV/0! | Q72: 0.75510204 | R72: 0.79285714 | V72: 0.80272109 | W72: 0.76071429 | AA72: 0.91156463 | AB72: 0.9125 | AF72: 0.96258503 | AG72: 0.83928571 | AK72: 0.95918367 | AL72: 0.85357143
J74: 0.99256308 | K74: =AVERAGE(K43:K72) -> 0.88519347 | L74: =AVERAGE(L43:L72) -> 0.77256356 | M74: =AVERAGE(M43:M72) -> #DIV/0! | N74: =AVERAGE(N43:N72) -> #DIV/0! | O74: =AVERAGE(O43:O72) -> #DIV/0! | Q74: =AVERAGE(Q43:Q72) -> 0.81939052 | R74: =AVERAGE(R43:R72) -> 0.73609052 | S74: =AVERAGE(S43:S72) -> #DIV/0! | T74: =AVERAGE(T43:T72) -> #DIV/0! | U74: =AVERAGE(U43:U72) -> #DIV/0! | V74: =AVERAGE(V43:V72) -> 0.91621685 | W74: =AVERAGE(W43:W72) -> 0.76079933 | X74: =AVERAGE(X43:X72) -> #DIV/0! | ... AT74: =AVERAGE(AT43:AT72) -> #DIV/0!
J77: k=1
Q78: 1 | V78: 2 | AA78: 3 | AF78: 4 | AK78: 5 | AP78: 6
I79: ID | J79: Task 1 | K79: Task 2 | L79: Task 3 | M79: Task 4 | N79: Task 5 | O79: Task 6 | Q79: Task 2 | R79: Task 3 | S79: Task 4 | T79: Task 5 | U79: Task 6 | V79: Task 2 | W79: Task 3 | X79: Task 4 | Y79: Task 5 | Z79: Task 6 | AA79: Task 2 | AB79: Task 3 | AC79: Task 4 | AD79: Task 5 | AE79: Task 6 | AF79: Task 2 | AG79: Task 3 | AH79: Task 4 | AI79: Task 5 | AJ79: Task 6 | AK79: Task 2 | AL79: Task 3 | AM79: Task 4 | AN79: Task 5 | AO79: Task 6 | AP79: Task 2 | AQ79: Task 3 | AR79: Task 4 | AS79: Task 5 | AT79: Task 6
J80: 0.99626667 | K80: =AVERAGE(Q80,V80,AA80,AF80,AK80,AP80) -> 0.9328 | L80: =AVERAGE(R80,W80,AB80,AG80,AL80,AQ80) -> 0.70445633 | M80: =AVERAGE(S80,X80,AC80,AH80,AM80,AR80) -> #DIV/0! | N80: =AVERAGE(T80,Y80,AD80,AI80,AN80,AS80) -> #DIV/0! | O80: =AVERAGE(U80,Z80,AE80,AJ80,AO80,AT80) -> #DIV/0! | Q80: 0.95733333 | R80: 0.80926916 | V80: 0.79733333 | W80: 0.54188948 | AA80: 0.97066667 | AB80: 0.72370766 | AF80: 0.976 | AG80: 0.84491979 | AK80: 0.96266667 | AL80: 0.60249554
J81: 0.99793814 | K81: =AVERAGE(Q81,V81,AA81,AF81,AK81,AP81) -> 0.75395189 | L81: =AVERAGE(R81,W81,AB81,AG81,AL81,AQ81) -> 0.68535714 | M81: =AVERAGE(S81,X81,AC81,AH81,AM81,AR81) -> #DIV/0! | N81: =AVERAGE(T81,Y81,AD81,AI81,AN81,AS81) -> #DIV/0! | O81: =AVERAGE(U81,Z81,AE81,AJ81,AO81,AT81) -> #DIV/0! | Q81: 0.395189 | R81: 0.57321429 | V81: 0.91065292 | W81: 0.71964286 | AA81: 0.91065292 | AB81: 0.84285714 | AF81: 0.62542955 | AG81: 0.55357143 | AK81: 0.92783505 | AL81: 0.7375
J82: 0.99473684 | K82: =AVERAGE(Q82,V82,AA82,AF82,AK82,AP82) -> 0.96368421 | L82: =AVERAGE(R82,W82,AB82,AG82,AL82,AQ82) -> 0.79932546 | M82: =AVERAGE(S82,X82,AC82,AH82,AM82,AR82) -> #DIV/0! | N82: =AVERAGE(T82,Y82,AD82,AI82,AN82,AS82) -> #DIV/0! | O82: =AVERAGE(U82,Z82,AE82,AJ82,AO82,AT82) -> #DIV/0! | Q82: 0.97105263 | R82: 0.82124789 | V82: 0.96052632 | W82: 0.82462057 | AA82: 0.93947368 | AB82: 0.82462057 | AF82: 0.96578947 | AG82: 0.81618887 | AK82: 0.98157895 | AL82: 0.70994941
J83: 0.99816514 | K83: =AVERAGE(Q83,V83,AA83,AF83,AK83,AP83) -> 0.98256881 | L83: =AVERAGE(R83,W83,AB83,AG83,AL83,AQ83) -> 0.83405676 | M83: =AVERAGE(S83,X83,AC83,AH83,AM83,AR83) -> #DIV/0! | N83: =AVERAGE(T83,Y83,AD83,AI83,AN83,AS83) -> #DIV/0! | O83: =AVERAGE(U83,Z83,AE83,AJ83,AO83,AT83) -> #DIV/0! | Q83: 0.99541284 | R83: 0.96994992 | V83: 0.97706422 | W83: 0.70116861 | AA83: 0.97247706 | AB83: 0.87479132 | AF83: 0.97706422 | AG83: 0.84641068 | AK83: 0.99082569 | AL83: 0.77796327
J84: 0.98715596 | K84: =AVERAGE(Q84,V84,AA84,AF84,AK84,AP84) -> 0.92293578 | L84: =AVERAGE(R84,W84,AB84,AG84,AL84,AQ84) -> 0.83479789 | M84: =AVERAGE(S84,X84,AC84,AH84,AM84,AR84) -> #DIV/0! | N84: =AVERAGE(T84,Y84,AD84,AI84,AN84,AS84) -> #DIV/0! | O84: =AVERAGE(U84,Z84,AE84,AJ84,AO84,AT84) -> #DIV/0! | Q84: 0.93577982 | R84: 0.90509666 | V84: 0.96330275 | W84: 0.81546573 | AA84: 0.8853211 | AB84: 0.8400703 | AF84: 0.89449541 | AG84: 0.73813708 | AK84: 0.93577982 | AL84: 0.87521968
J85: 0.99716981 | K85: =AVERAGE(Q85,V85,AA85,AF85,AK85,AP85) -> 0.91509434 | L85: =AVERAGE(R85,W85,AB85,AG85,AL85,AQ85) -> 0.74991119 | M85: =AVERAGE(S85,X85,AC85,AH85,AM85,AR85) -> #DIV/0! | N85: =AVERAGE(T85,Y85,AD85,AI85,AN85,AS85) -> #DIV/0! | O85: =AVERAGE(U85,Z85,AE85,AJ85,AO85,AT85) -> #DIV/0! | Q85: 0.91037736 | R85: 0.64120782 | V85: 0.91981132 | W85: 0.63232682 | AA85: 0.9009434 | AB85: 0.72824156 | AF85: 0.91981132 | AG85: 0.85612789 | AK85: 0.9245283 | AL85: 0.89165187
J86: 0.97925926 | K86: =AVERAGE(Q86,V86,AA86,AF86,AK86,AP86) -> 0.95333333 | L86: =AVERAGE(R86,W86,AB86,AG86,AL86,AQ86) -> 0.7307377 | M86: =AVERAGE(S86,X86,AC86,AH86,AM86,AR86) -> #DIV/0! | N86: =AVERAGE(T86,Y86,AD86,AI86,AN86,AS86) -> #DIV/0! | O86: =AVERAGE(U86,Z86,AE86,AJ86,AO86,AT86) -> #DIV/0! | Q86: 0.94074074 | R86: 0.48770492 | V86: 0.95925926 | W86: 0.87704918 | AA86: 0.93703704 | AB86: 0.7397541 | AF86: 0.96296296 | AG86: 0.70901639 | AK86: 0.96666667 | AL86: 0.84016393
J87: 0.98951311 | K87: =AVERAGE(Q87,V87,AA87,AF87,AK87,AP87) -> 0.80224719 | L87: =AVERAGE(R87,W87,AB87,AG87,AL87,AQ87) -> 0.66450617 | M87: =AVERAGE(S87,X87,AC87,AH87,AM87,AR87) -> #DIV/0! | N87: =AVERAGE(T87,Y87,AD87,AI87,AN87,AS87) -> #DIV/0! | O87: =AVERAGE(U87,Z87,AE87,AJ87,AO87,AT87) -> #DIV/0! | Q87: 0.92883895 | R87: 0.67438272 | V87: 0.85393258 | W87: 0.72685185 | AA87: 0.70411985 | AB87: 0.66049383 | AF87: 0.91385768 | AG87: 0.66049383 | AK87: 0.61048689 | AL87: 0.60030864
J88: 0.99 | K88: =AVERAGE(Q88,V88,AA88,AF88,AK88,AP88) -> 0.77555556 | L88: =AVERAGE(R88,W88,AB88,AG88,AL88,AQ88) -> 0.76149733 | M88: =AVERAGE(S88,X88,AC88,AH88,AM88,AR88) -> #DIV/0! | N88: =AVERAGE(T88,Y88,AD88,AI88,AN88,AS88) -> #DIV/0! | O88: =AVERAGE(U88,Z88,AE88,AJ88,AO88,AT88) -> #DIV/0! | Q88: 0.91111111 | R88: 0.81996435 | V88: 0.92777778 | W88: 0.79857398 | AA88: 0.87777778 | AB88: 0.68983957 | AF88: 0.26666667 | AG88: 0.6631016 | AK88: 0.89444444 | AL88: 0.83600713
J89: 0.99656357 | K89: =AVERAGE(Q89,V89,AA89,AF89,AK89,AP89) -> 0.82680412 | L89: =AVERAGE(R89,W89,AB89,AG89,AL89,AQ89) -> 0.68368794 | M89: =AVERAGE(S89,X89,AC89,AH89,AM89,AR89) -> #DIV/0! | N89: =AVERAGE(T89,Y89,AD89,AI89,AN89,AS89) -> #DIV/0! | O89: =AVERAGE(U89,Z89,AE89,AJ89,AO89,AT89) -> #DIV/0! | Q89: 0.92783505 | R89: 0.80496454 | V89: 0.78350515 | W89: 0.56205674 | AA89: 0.57388316 | AB89: 0.51950355 | AF89: 0.93127148 | AG89: 0.82801418 | AK89: 0.91752577 | AL89: 0.70390071
J90: 0.98787879 | K90: =AVERAGE(Q90,V90,AA90,AF90,AK90,AP90) -> 0.94006734 | L90: =AVERAGE(R90,W90,AB90,AG90,AL90,AQ90) -> 0.88921162 | M90: =AVERAGE(S90,X90,AC90,AH90,AM90,AR90) -> #DIV/0! | N90: =AVERAGE(T90,Y90,AD90,AI90,AN90,AS90) -> #DIV/0! | O90: =AVERAGE(U90,Z90,AE90,AJ90,AO90,AT90) -> #DIV/0! | Q90: 0.98989899 | R90: 0.96473029 | V90: 0.74410774 | W90: 0.76763485 | AA90: 0.98989899 | AB90: 0.97510373 | AF90: 0.98653199 | AG90: 0.86307054 | AK90: 0.98989899 | AL90: 0.87551867
J91: 0.98986486 | K91: =AVERAGE(Q91,V91,AA91,AF91,AK91,AP91) -> 0.78986486 | L91: =AVERAGE(R91,W91,AB91,AG91,AL91,AQ91) -> 0.69009709 | M91: =AVERAGE(S91,X91,AC91,AH91,AM91,AR91) -> #DIV/0! | N91: =AVERAGE(T91,Y91,AD91,AI91,AN91,AS91) -> #DIV/0! | O91: =AVERAGE(U91,Z91,AE91,AJ91,AO91,AT91) -> #DIV/0! | Q91: 0.78040541 | R91: 0.60970874 | V91: 0.61824324 | W91: 0.63106796 | AA91: 0.94594595 | AB91: 0.67378641 | AF91: 0.65878378 | AG91: 0.64466019 | AK91: 0.94594595 | AL91: 0.89126214
... J109: 1 | K109: =AVERAGE(Q109,V109,AA109,AF109,AK109,AP109) -> 0.94217687 | L109: =AVERAGE(R109,W109,AB109,AG109,AL109,AQ109) -> 0.86928571 | M109: =AVERAGE(S109,X109,AC109,AH109,AM109,AR109) -> #DIV/0! | N109: =AVERAGE(T109,Y109,AD109,AI109,AN109,AS109) -> #DIV/0! | O109: =AVERAGE(U109,Z109,AE109,AJ109,AO109,AT109) -> #DIV/0! | Q109: 0.93537415 | R109: 0.86785714 | V109: 0.95918367 | W109: 0.85535714 | AA109: 0.90136054 | AB109: 0.825 | AF109: 0.95918367 | AG109: 0.85892857 | AK109: 0.95578231 | AL109: 0.93928571
J111: 0.99067066 | K111: =AVERAGE(K80:K109) -> 0.91003783 | L111: =AVERAGE(L80:L109) -> 0.79044994 | M111: =AVERAGE(M80:M109) -> #DIV/0! | N111: =AVERAGE(N80:N109) -> #DIV/0! | O111: =AVERAGE(O80:O109) -> #DIV/0! | Q111: =AVERAGE(Q80:Q109) -> 0.91467365 | R111: =AVERAGE(R80:R109) -> 0.80377509 | S111: =AVERAGE(S80:S109) -> #DIV/0! | T111: =AVERAGE(T80:T109) -> #DIV/0! | U111: =AVERAGE(U80:U109) -> #DIV/0! | V111: =AVERAGE(V80:V109) -> 0.9140956 | W111: =AVERAGE(W80:W109) -> 0.79008739 | X111: =AVERAGE(X80:X109) -> #DIV/0! | ... AT111: =AVERAGE(AT80:AT109) -> #DIV/0!
J114: k=2
Q115: 1 | V115: 2 | AA115: 3 | AF115: 4 | AK115: 5 | AP115: 6
I116: ID | J116: Task 1 | K116: Task 2 | L116: Task 3 | M116: Task 4 | N116: Task 5 | O116: Task 6 | Q116: Task 2 | R116: Task 3 | S116: Task 4 | T116: Task 5 | U116: Task 6 | V116: Task 2 | W116: Task 3 | X116: Task 4 | Y116: Task 5 | Z116: Task 6 | AA116: Task 2 | AB116: Task 3 | AC116: Task 4 | AD116: Task 5 | AE116: Task 6 | AF116: Task 2 | AG116: Task 3 | AH116: Task 4 | AI116: Task 5 | AJ116: Task 6 | AK116: Task 2 | AL116: Task 3 | AM116: Task 4 | AN116: Task 5 | AO116: Task 6 | AP116: Task 2 | AQ116: Task 3 | AR116: Task 4 | AS116: Task 5 | AT116: Task 6
J117: 0.99733333 | K117: =AVERAGE(Q117,V117,AA117,AF117,AK117,AP117) -> 0.96373333 | L117: =AVERAGE(R117,W117,AB117,AG117,AL117,AQ117) -> 0.79607843 | M117: =AVERAGE(S117,X117,AC117,AH117,AM117,AR117) -> #DIV/0! | N117: =AVERAGE(T117,Y117,AD117,AI117,AN117,AS117) -> #DIV/0! | O117: =AVERAGE(U117,Z117,AE117,AJ117,AO117,AT117) -> #DIV/0! | Q117: 0.98133333 | R117: 0.78253119 | V117: 0.976 | W117: 0.83957219 | AA117: 0.93866667 | AB117: 0.74509804 | AF117: 0.94933333 | AG117: 0.76827094 | AK117: 0.97333333 | AL117: 0.84491979
J118: 0.99793814 | K118: =AVERAGE(Q118,V118,AA118,AF118,AK118,AP118) -> 0.93814433 | L118: =AVERAGE(R118,W118,AB118,AG118,AL118,AQ118) -> 0.87107143 | M118: =AVERAGE(S118,X118,AC118,AH118,AM118,AR118) -> #DIV/0! | N118: =AVERAGE(T118,Y118,AD118,AI118,AN118,AS118) -> #DIV/0! | O118: =AVERAGE(U118,Z118,AE118,AJ118,AO118,AT118) -> #DIV/0! | Q118: 0.92439863 | R118: 0.86071429 | V118: 0.91065292 | W118: 0.925 | AA118: 0.92439863 | AB118: 0.89821429 | AF118: 0.96907216 | AG118: 0.91785714 | AK118: 0.96219931 | AL118: 0.75357143
J119: 0.99315789 | K119: =AVERAGE(Q119,V119,AA119,AF119,AK119,AP119) -> 0.97894737 | L119: =AVERAGE(R119,W119,AB119,AG119,AL119,AQ119) -> 0.78718381 | M119: =AVERAGE(S119,X119,AC119,AH119,AM119,AR119) -> #DIV/0! | N119: =AVERAGE(T119,Y119,AD119,AI119,AN119,AS119) -> #DIV/0! | O119: =AVERAGE(U119,Z119,AE119,AJ119,AO119,AT119) -> #DIV/0! | Q119: 0.98684211 | R119: 0.90219224 | V119: 0.98421053 | W119: 0.7470489 | AA119: 0.98947368 | AB119: 0.78077572 | AF119: 0.95263158 | AG119: 0.70994941 | AK119: 0.98157895 | AL119: 0.79595278
J120: 1 | K120: =AVERAGE(Q120,V120,AA120,AF120,AK120,AP120) -> 0.96422018 | L120: =AVERAGE(R120,W120,AB120,AG120,AL120,AQ120) -> 0.91786311 | M120: =AVERAGE(S120,X120,AC120,AH120,AM120,AR120) -> #DIV/0! | N120: =AVERAGE(T120,Y120,AD120,AI120,AN120,AS120) -> #DIV/0! | O120: =AVERAGE(U120,Z120,AE120,AJ120,AO120,AT120) -> #DIV/0! | Q120: 0.9266055 | R120: 0.85642738 | V120: 0.94954128 | W120: 0.88480801 | AA120: 0.98165138 | AB120: 0.93989983 | AF120: 0.96788991 | AG120: 0.96828047 | AK120: 0.99541284 | AL120: 0.93989983
J121: 0.99082569 | K121: =AVERAGE(Q121,V121,AA121,AF121,AK121,AP121) -> 0.94862385 | L121: =AVERAGE(R121,W121,AB121,AG121,AL121,AQ121) -> 0.83233743 | M121: =AVERAGE(S121,X121,AC121,AH121,AM121,AR121) -> #DIV/0! | N121: =AVERAGE(T121,Y121,AD121,AI121,AN121,AS121) -> #DIV/0! | O121: =AVERAGE(U121,Z121,AE121,AJ121,AO121,AT121) -> #DIV/0! | Q121: 0.87155963 | R121: 0.82601054 | V121: 0.99541284 | W121: 0.87170475 | AA121: 0.94036697 | AB121: 0.76274165 | AF121: 0.96330275 | AG121: 0.82073814 | AK121: 0.97247706 | AL121: 0.88049209
J122: 0.9990566 | K122: =AVERAGE(Q122,V122,AA122,AF122,AK122,AP122) -> 0.87358491 | L122: =AVERAGE(R122,W122,AB122,AG122,AL122,AQ122) -> 0.82344583 | M122: =AVERAGE(S122,X122,AC122,AH122,AM122,AR122) -> #DIV/0! | N122: =AVERAGE(T122,Y122,AD122,AI122,AN122,AS122) -> #DIV/0! | O122: =AVERAGE(U122,Z122,AE122,AJ122,AO122,AT122) -> #DIV/0! | Q122: 0.91981132 | R122: 0.84547069 | V122: 0.91037736 | W122: 0.87921847 | AA122: 0.93867925 | AB122: 0.75843694 | AF122: 0.9245283 | AG122: 0.93072824 | AK122: 0.6745283 | AL122: 0.70337478
J123: 0.9837037 | K123: =AVERAGE(Q123,V123,AA123,AF123,AK123,AP123) -> 0.94222222 | L123: =AVERAGE(R123,W123,AB123,AG123,AL123,AQ123) -> 0.74508197 | M123: =AVERAGE(S123,X123,AC123,AH123,AM123,AR123) -> #DIV/0! | N123: =AVERAGE(T123,Y123,AD123,AI123,AN123,AS123) -> #DIV/0! | O123: =AVERAGE(U123,Z123,AE123,AJ123,AO123,AT123) -> #DIV/0! | Q123: 0.91111111 | R123: 0.75204918 | V123: 0.95185185 | W123: 0.69877049 | AA123: 0.95185185 | AB123: 0.69057377 | AF123: 0.92962963 | AG123: 0.72745902 | AK123: 0.96666667 | AL123: 0.85655738
J124: 0.99700375 | K124: =AVERAGE(Q124,V124,AA124,AF124,AK124,AP124) -> 0.93108614 | L124: =AVERAGE(R124,W124,AB124,AG124,AL124,AQ124) -> 0.66975309 | M124: =AVERAGE(S124,X124,AC124,AH124,AM124,AR124) -> #DIV/0! | N124: =AVERAGE(T124,Y124,AD124,AI124,AN124,AS124) -> #DIV/0! | O124: =AVERAGE(U124,Z124,AE124,AJ124,AO124,AT124) -> #DIV/0! | Q124: 0.8988764 | R124: 0.63271605 | V124: 0.9588015 | W124: 0.57098765 | AA124: 0.93632959 | AB124: 0.73765432 | AF124: 0.90262172 | AG124: 0.88117284 | AK124: 0.9588015 | AL124: 0.52623457
J125: 0.98444444 | K125: =AVERAGE(Q125,V125,AA125,AF125,AK125,AP125) -> 0.86777778 | L125: =AVERAGE(R125,W125,AB125,AG125,AL125,AQ125) -> 0.82495544 | M125: =AVERAGE(S125,X125,AC125,AH125,AM125,AR125) -> #DIV/0! | N125: =AVERAGE(T125,Y125,AD125,AI125,AN125,AS125) -> #DIV/0! | O125: =AVERAGE(U125,Z125,AE125,AJ125,AO125,AT125) -> #DIV/0! | Q125: 0.86111111 | R125: 0.79144385 | V125: 0.90555556 | W125: 0.90909091 | AA125: 0.85 | AB125: 0.84491979 | AF125: 0.85 | AG125: 0.73083779 | AK125: 0.87222222 | AL125: 0.84848485
J126: 0.99793814 | K126: =AVERAGE(Q126,V126,AA126,AF126,AK126,AP126) -> 0.8371134 | L126: =AVERAGE(R126,W126,AB126,AG126,AL126,AQ126) -> 0.76666667 | M126: =AVERAGE(S126,X126,AC126,AH126,AM126,AR126) -> #DIV/0! | N126: =AVERAGE(T126,Y126,AD126,AI126,AN126,AS126) -> #DIV/0! | O126: =AVERAGE(U126,Z126,AE126,AJ126,AO126,AT126) -> #DIV/0! | Q126: 0.89690722 | R126: 0.85283688 | V126: 0.59106529 | W126: 0.58156028 | AA126: 0.82817869 | AB126: 0.80496454 | AF126: 0.94158076 | AG126: 0.78900709 | AK126: 0.92783505 | AL126: 0.80496454
J127: 0.98989899 | K127: =AVERAGE(Q127,V127,AA127,AF127,AK127,AP127) -> 0.84713805 | L127: =AVERAGE(R127,W127,AB127,AG127,AL127,AQ127) -> 0.84813278 | M127: =AVERAGE(S127,X127,AC127,AH127,AM127,AR127) -> #DIV/0! | N127: =AVERAGE(T127,Y127,AD127,AI127,AN127,AS127) -> #DIV/0! | O127: =AVERAGE(U127,Z127,AE127,AJ127,AO127,AT127) -> #DIV/0! | Q127: 0.8013468 | R127: 0.77593361 | V127: 0.98989899 | W127: 0.96473029 | AA127: 0.71043771 | AB127: 0.77385892 | AF127: 0.98989899 | AG127: 0.96887967 | AK127: 0.74410774 | AL127: 0.75726141
J128: 0.98918919 | K128: =AVERAGE(Q128,V128,AA128,AF128,AK128,AP128) -> 0.8 | L128: =AVERAGE(R128,W128,AB128,AG128,AL128,AQ128) -> 0.74990291 | M128: =AVERAGE(S128,X128,AC128,AH128,AM128,AR128) -> #DIV/0! | N128: =AVERAGE(T128,Y128,AD128,AI128,AN128,AS128) -> #DIV/0! | O128: =AVERAGE(U128,Z128,AE128,AJ128,AO128,AT128) -> #DIV/0! | Q128: 0.70945946 | R128: 0.75728155 | V128: 0.96959459 | W128: 0.83883495 | AA128: 0.65540541 | AB128: 0.69708738 | AF128: 0.68581081 | AG128: 0.50485437 | AK128: 0.97972973 | AL128: 0.95145631
... J146: 0.99863946 | K146: =AVERAGE(Q146,V146,AA146,AF146,AK146,AP146) -> 0.94829932 | L146: =AVERAGE(R146,W146,AB146,AG146,AL146,AQ146) -> 0.87571429 | M146: =AVERAGE(S146,X146,AC146,AH146,AM146,AR146) -> #DIV/0! | N146: =AVERAGE(T146,Y146,AD146,AI146,AN146,AS146) -> #DIV/0! | O146: =AVERAGE(U146,Z146,AE146,AJ146,AO146,AT146) -> #DIV/0! | Q146: 0.97278912 | R146: 0.95535714 | V146: 0.89795918 | W146: 0.73035714 | AA146: 0.96938776 | AB146: 0.89107143 | AF146: 0.94217687 | AG146: 0.93214286 | AK146: 0.95918367 | AL146: 0.86964286
J148: 0.99084324 | K148: =AVERAGE(K117:K146) -> 0.9280538 | L148: =AVERAGE(L117:L146) -> 0.80850462 | M148: =AVERAGE(M117:M146) -> #DIV/0! | N148: =AVERAGE(N117:N146) -> #DIV/0! | O148: =AVERAGE(O117:O146) -> #DIV/0! | Q148: =AVERAGE(Q117:Q146) -> 0.92973882 | R148: =AVERAGE(R117:R146) -> 0.80476126 | S148: =AVERAGE(S117:S146) -> #DIV/0! | T148: =AVERAGE(T117:T146) -> #DIV/0! | U148: =AVERAGE(U117:U146) -> #DIV/0! | V148: =AVERAGE(V117:V146) -> 0.90377215 | W148: =AVERAGE(W117:W146) -> 0.79377127 | X148: =AVERAGE(X117:X146) -> #DIV/0! | ... AT148: =AVERAGE(AT117:AT146) -> #DIV/0!
J151: k=3
Q152: 1 | V152: 2 | AA152: 3 | AF152: 4 | AK152: 5 | AP152: 6
I153: ID | J153: Task 1 | K153: Task 2 | L153: Task 3 | M153: Task 4 | N153: Task 5 | O153: Task 6 | Q153: Task 2 | R153: Task 3 | S153: Task 4 | T153: Task 5 | U153: Task 6 | V153: Task 2 | W153: Task 3 | X153: Task 4 | Y153: Task 5 | Z153: Task 6 | AA153: Task 2 | AB153: Task 3 | AC153: Task 4 | AD153: Task 5 | AE153: Task 6 | AF153: Task 2 | AG153: Task 3 | AH153: Task 4 | AI153: Task 5 | AJ153: Task 6 | AK153: Task 2 | AL153: Task 3 | AM153: Task 4 | AN153: Task 5 | AO153: Task 6 | AP153: Task 2 | AQ153: Task 3 | AR153: Task 4 | AS153: Task 5 | AT153: Task 6
...

Sheet Scenario_Analysis
J5: ID | K5: P1 (0.25) | L5: P1 (0.5) | M5: P1 (1.0) | N5: P1 (2.0) | O5: P1 (3.0) | P5: P2 (0.25) | Q5: P2 (0.5) | R5: P2 (1.0) | S5: P2 (2.0) | T5: P2 (3.0) | U5: P3 (0.25) | V5: P3 (0.5) | W5: P3 (1.0) | X5: P3 (2.0) | Y5: P3 (3.0)
J6: 1 | K6: =Person_0!J6 -> 0.96494845 | L6: =Person_0!J43 -> 0.96546392 | M6: =Person_0!J80 -> 0.97164948 | N6: =Person_0!J117 -> 0.96443299 | O6: =Person_0!J154 -> 0.96494845 | P6: =Person_1!J6 -> 0.97258065 | Q6: =Person_1!J43 -> 0.97365591 | R6: =Person_1!J80 -> 0.97043011 | S6: =Person_1!J117 -> 0.97043011 | T6: =Person_1!J154 -> 0.97096774 | U6: =Person_2!J6 -> 0.99626667 | V6: =Person_2!J43 -> 0.9968 | W6: =Person_2!J80 -> 0.99626667 | X6: =Person_2!J117 -> 0.99733333 | Y6: =Person_2!J154 -> 0.99733333
J7: 2 | K7: =Person_0!J7 -> 0.97702703 | L7: =Person_0!J44 -> 0.97635135 | M7: =Person_0!J81 -> 0.97432432 | N7: =Person_0!J118 -> 0.97567568 | O7: =Person_0!J155 -> 0.96891892 | P7: =Person_1!J7 -> 0.98028169 | Q7: =Person_1!J44 -> 0.97676056 | R7: =Person_1!J81 -> 0.97746479 | S7: =Person_1!J118 -> 0.97887324 | T7: =Person_1!J155 -> 0.98239437 | U7: =Person_2!J7 -> 0.99862543 | V7: =Person_2!J44 -> 0.99725086 | W7: =Person_2!J81 -> 0.99793814 | X7: =Person_2!J118 -> 0.99793814 | Y7: =Person_2!J155 -> 0.99725086
J8: 3 | K8: =Person_0!J8 -> 0.994375 | L8: =Person_0!J45 -> 0.995625 | M8: =Person_0!J82 -> 0.985 | N8: =Person_0!J119 -> 0.993125 | O8: =Person_0!J156 -> 0.994375 | P8: =Person_1!J8 -> 0.96426117 | Q8: =Person_1!J45 -> 0.96769759 | R8: =Person_1!J82 -> 0.96632302 | S8: =Person_1!J119 -> 0.96563574 | T8: =Person_1!J156 -> 0.96701031 | U8: =Person_2!J8 -> 0.99368421 | V8: =Person_2!J45 -> 0.99368421 | W8: =Person_2!J82 -> 0.99473684 | X8: =Person_2!J119 -> 0.99315789 | Y8: =Person_2!J156 -> 0.99315789
J9: 4 | K9: =Person_0!J9 -> 0.99705882 | L9: =Person_0!J46 -> 0.99411765 | M9: =Person_0!J83 -> 0.99411765 | N9: =Person_0!J120 -> 0.99607843 | O9: =Person_0!J157 -> 0.99411765 | P9: =Person_1!J9 -> 0.98240741 | Q9: =Person_1!J46 -> 0.98240741 | R9: =Person_1!J83 -> 0.98148148 | S9: =Person_1!J120 -> 0.97962963 | T9: =Person_1!J157 -> 0.97962963 | U9: =Person_2!J9 -> 1 | V9: =Person_2!J46 -> 0.99816514 | W9: =Person_2!J83 -> 0.99816514 | X9: =Person_2!J120 -> 1 | Y9: =Person_2!J157 -> 1
J10: 5 | K10: =Person_0!J10 -> 0.97087379 | L10: =Person_0!J47 -> 0.97572816 | M10: =Person_0!J84 -> 0.97378641 | N10: =Person_0!J121 -> 0.97184466 | O10: =Person_0!J158 -> 0.97184466 | P10: =Person_1!J10 -> 0.9647619 | Q10: =Person_1!J47 -> 0.96095238 | R10: =Person_1!J84 -> 0.95714286 | S10: =Person_1!J121 -> 0.96761905 | T10: =Person_1!J158 -> 0.95714286 | U10: =Person_2!J10 -> 0.98807339 | V10: =Person_2!J47 -> 0.98899083 | W10: =Person_2!J84 -> 0.98715596 | X10: =Person_2!J121 -> 0.99082569 | Y10: =Person_2!J158 -> 0.99449541
J11: 6 | K11: =Person_0!J11 -> 0.98364312 | L11: =Person_0!J48 -> 0.97843866 | M11: =Person_0!J85 -> 0.97992565 | N11: =Person_0!J122 -> 0.98364312 | O11: =Person_0!J159 -> 0.97992565 | P11: =Person_1!J11 -> 0.85744681 | Q11: =Person_1!J48 -> 0.85319149 | R11: =Person_1!J85 -> 0.89007092 | S11: =Person_1!J122 -> 0.88085106 | T11: =Person_1!J159 -> 0.86170213 | U11: =Person_2!J11 -> 0.9990566 | V11: =Person_2!J48 -> 0.99622642 | W11: =Person_2!J85 -> 0.99716981 | X11: =Person_2!J122 -> 0.9990566 | Y11: =Person_2!J159 -> 0.99716981
J12: 7 | K12: =Person_0!J12 -> 0.98317152 | L12: =Person_0!J49 -> 0.98576052 | M12: =Person_0!J86 -> 0.98834951 | N12: =Person_0!J123 -> 0.98705502 | O12: =Person_0!J160 -> 0.98446602 | P12: =Person_1!J12 -> 0.97862069 | Q12: =Person_1!J49 -> 0.98137931 | R12: =Person_1!J86 -> 0.97931034 | S12: =Person_1!J123 -> 0.97517241 | T12: =Person_1!J160 -> 0.97931034 | U12: =Person_2!J12 -> 0.97703704 | V12: =Person_2!J49 -> 0.97925926 | W12: =Person_2!J86 -> 0.97925926 | X12: =Person_2!J123 -> 0.9837037 | Y12: =Person_2!J160 -> 0.98074074
J13: 8 | K13: =Person_0!J13 -> 0.96502732 | L13: =Person_0!J50 -> 0.96338798 | M13: =Person_0!J87 -> 0.96174863 | N13: =Person_0!J124 -> 0.96666667 | O13: =Person_0!J161 -> 0.96338798 | P13: =Person_1!J13 -> 0.97894737 | Q13: =Person_1!J50 -> 0.97728532 | R13: =Person_1!J87 -> 0.9767313 | S13: =Person_1!J124 -> 0.97728532 | T13: =Person_1!J161 -> 0.98116343 | U13: =Person_2!J13 -> 0.9917603 | V13: =Person_2!J50 -> 0.9917603 | W13: =Person_2!J87 -> 0.98951311 | X13: =Person_2!J124 -> 0.99700375 | Y13: =Person_2!J161 -> 0.98876404
J14: 9 | K14: =Person_0!J14 -> 0.96099291 | L14: =Person_0!J51 -> 0.95744681 | M14: =Person_0!J88 -> 0.96241135 | N14: =Person_0!J125 -> 0.96099291 | O14: =Person_0!J162 -> 0.95673759 | P14: =Person_1!J14 -> 0.98656716 | Q14: =Person_1!J51 -> 0.98656716 | R14: =Person_1!J88 -> 0.98656716 | S14: =Person_1!J125 -> 0.98358209 | T14: =Person_1!J162 -> 0.98358209 | U14: =Person_2!J14 -> 0.98888889 | V14: =Person_2!J51 -> 0.98888889 | W14: =Person_2!J88 -> 0.99 | X14: =Person_2!J125 -> 0.98444444 | Y14: =Person_2!J162 -> 0.98222222
J15: 10 | K15: =Person_0!J15 -> 0.97702703 | L15: =Person_0!J52 -> 0.97567568 | M15: =Person_0!J89 -> 0.96689189 | N15: =Person_0!J126 -> 0.9777027 | O15: =Person_0!J163 -> 0.97297297 | P15: =Person_1!J15 -> 0.97887324 | Q15: =Person_1!J52 -> 0.98098592 | R15: =Person_1!J89 -> 0.97746479 | S15: =Person_1!J126 -> 0.98028169 | T15: =Person_1!J163 -> 0.97887324 | U15: =Person_2!J15 -> 0.99793814 | V15: =Person_2!J52 -> 0.99725086 | W15: =Person_2!J89 -> 0.99656357 | X15: =Person_2!J126 -> 0.99793814 | Y15: =Person_2!J163 -> 0.99656357
J16: 11 | K16: =Person_0!J16 -> 0.95846995 | L16: =Person_0!J53 -> 0.9579235 | M16: =Person_0!J90 -> 0.95901639 | N16: =Person_0!J127 -> 0.95901639 | O16: =Person_0!J164 -> 0.95628415 | P16: =Person_1!J16 -> 0.96358839 | Q16: =Person_1!J53 -> 0.9646438 | R16: =Person_1!J90 -> 0.96622691 | S16: =Person_1!J127 -> 0.9646438 | T16: =Person_1!J164 -> 0.9646438 | U16: =Person_2!J16 -> 0.99057239 | V16: =Person_2!J53 -> 0.98855219 | W16: =Person_2!J90 -> 0.98787879 | X16: =Person_2!J127 -> 0.98989899 | Y16: =Person_2!J164 -> 0.98855219
J17: 12 | K17: =Person_0!J17 -> 0.96786704 | L17: =Person_0!J54 -> 0.96565097 | M17: =Person_0!J91 -> 0.96897507 | N17: =Person_0!J128 -> 0.9734072 | O17: =Person_0!J165 -> 0.97063712 | P17: =Person_1!J17 -> 0.8772973 | Q17: =Person_1!J54 -> 0.86108108 | R17: =Person_1!J91 -> 0.88162162 | S17: =Person_1!J128 -> 0.87567568 | T17: =Person_1!J165 -> 0.88108108 | U17: =Person_2!J17 -> 0.98986486 | V17: =Person_2!J54 -> 0.98918919 | W17: =Person_2!J91 -> 0.98986486 | X17: =Person_2!J128 -> 0.98918919 | Y17: =Person_2!J165 -> 0.98986486
... J35: 30 | K35: =Person_0!J35 -> 0.99414226 | L35: =Person_0!J72 -> 0.98912134 | M35: =Person_0!J109 -> 0.98577406 | N35: =Person_0!J146 -> 0.99330544 | O35: =Person_0!J183 -> 0.99246862 | P35: =Person_1!J35 -> 0.96713615 | Q35: =Person_1!J72 -> 0.97370892 | R35: =Person_1!J109 -> 0.96713615 | S35: =Person_1!J146 -> 0.96338028 | T35: =Person_1!J183 -> 0.96619718 | U35: =Person_2!J35 -> 0.99795918 | V35: =Person_2!J72 -> 0.99795918 | W35: =Person_2!J109 -> 1 | X35: =Person_2!J146 -> 0.99863946 | Y35: =Person_2!J183 -> 0.99931973
J43: ID | K43: P1 (0.25) | L43: P1 (0.5) | M43: P1 (1.0) | N43: P1 (2.0) | O43: P1 (3.0) | P43: P2 (0.25) | Q43: P2 (0.5) | R43: P2 (1.0) | S43: P2 (2.0) | T43: P2 (3.0) | U43: P3 (0.25) | V43: P3 (0.5) | W43: P3 (1.0) | X43: P3 (2.0) | Y43: P3 (3.0)
J44: 1 | K44: =Person_0!K6 -> 0.83195876 | L44: =Person_0!K43 -> 0.84690722 | M44: =Person_0!K80 -> 0.84329897 | N44: =Person_0!K117 -> 0.86134021 | O44: =Person_0!K154 -> 0.82731959 | P44: =Person_1!K6 -> 0.65053763 | Q44: =Person_1!K43 -> 0.62903226 | R44: =Person_1!K80 -> 0.60268817 | S44: =Person_1!K117 -> 0.54247312 | T44: =Person_1!K154 -> 0.72741935 | U44: =Person_2!K6 -> 0.832 | V44: =Person_2!K43 -> 0.88053333 | W44: =Person_2!K80 -> 0.9328 | X44: =Person_2!K117 -> 0.96373333 | Y44: =Person_2!K154 -> 0.95946667
J45: 2 | K45: =Person_0!K7 -> 0.80810811 | L45: =Person_0!K44 -> 0.84189189 | M45: =Person_0!K81 -> 0.79256757 | N45: =Person_0!K118 -> 0.83581081 | O45: =Person_0!K155 -> 0.84256757 | P45: =Person_1!K7 -> 0.56619718 | Q45: =Person_1!K44 -> 0.5443662 | R45: =Person_1!K81 -> 0.51549296 | S45: =Person_1!K118 -> 0.60352113 | T45: =Person_1!K155 -> 0.60774648 | U45: =Person_2!K7 -> 0.76975945 | V45: =Person_2!K44 -> 0.79243986 | W45: =Person_2!K81 -> 0.75395189 | X45: =Person_2!K118 -> 0.93814433 | Y45: =Person_2!K155 -> 0.85154639
J46: 3 | K46: =Person_0!K8 -> 0.89875 | L46: =Person_0!K45 -> 0.931875 | M46: =Person_0!K82 -> 0.9575 | N46: =Person_0!K119 -> 0.94 | O46: =Person_0!K156 -> 0.9325 | P46: =Person_1!K8 -> 0.6838488 | Q46: =Person_1!K45 -> 0.7628866 | R46: =Person_1!K82 -> 0.75876289 | S46: =Person_1!K119 -> 0.80137457 | T46: =Person_1!K156 -> 0.85773196 | U46: =Person_2!K8 -> 0.91789474 | V46: =Person_2!K45 -> 0.94315789 | W46: =Person_2!K82 -> 0.96368421 | X46: =Person_2!K119 -> 0.97894737 | Y46: =Person_2!K156 -> 0.96263158
J47: 4 | K47: =Person_0!K9 -> 0.93431373 | L47: =Person_0!K46 -> 0.91862745 | M47: =Person_0!K83 -> 0.90588235 | N47: =Person_0!K120 -> 0.91372549 | O47: =Person_0!K157 -> 0.91470588 | P47: =Person_1!K9 -> 0.84907407 | Q47: =Person_1!K46 -> 0.8787037 | R47: =Person_1!K83 -> 0.82592593 | S47: =Person_1!K120 -> 0.86388889 | T47: =Person_1!K157 -> 0.8712963 | U47: =Person_2!K9 -> 0.93211009 | V47: =Person_2!K46 -> 0.94678899 | W47: =Person_2!K83 -> 0.98256881 | X47: =Person_2!K120 -> 0.96422018 | Y47: =Person_2!K157 -> 0.96697248
J48: 5 | K48: =Person_0!K10 -> 0.83592233 | L48: =Person_0!K47 -> 0.91650485 | M48: =Person_0!K84 -> 0.84951456 | N48: =Person_0!K121 -> 0.88932039 | O48: =Person_0!K158 -> 0.84271845 | P48: =Person_1!K10 -> 0.76571429 | Q48: =Person_1!K47 -> 0.82380952 | R48: =Person_1!K84 -> 0.91047619 | S48: =Person_1!K121 -> 0.91333333 | T48: =Person_1!K158 -> 0.92 | U48: =Person_2!K10 -> 0.91100917 | V48: =Person_2!K47 -> 0.91192661 | W48: =Person_2!K84 -> 0.92293578 | X48: =Person_2!K121 -> 0.94862385 | Y48: =Person_2!K158 -> 0.90917431
J49: 6 | K49: =Person_0!K11 -> 0.77918216 | L49: =Person_0!K48 -> 0.81933086 | M49: =Person_0!K85 -> 0.81115242 | N49: =Person_0!K122 -> 0.84907063 | O49: =Person_0!K159 -> 0.70483271 | P49: =Person_1!K11 -> 0.6964539 | Q49: =Person_1!K48 -> 0.68439716 | R49: =Person_1!K85 -> 0.75035461 | S49: =Person_1!K122 -> 0.71914894 | T49: =Person_1!K159 -> 0.71702128 | U49: =Person_2!K11 -> 0.90566038 | V49: =Person_2!K48 -> 0.83962264 | W49: =Person_2!K85 -> 0.91509434 | X49: =Person_2!K122 -> 0.87358491 | Y49: =Person_2!K159 -> 0.92924528
J50: 7 | K50: =Person_0!K12 -> 0.83495146 | L50: =Person_0!K49 -> 0.8381877 | M50: =Person_0!K86 -> 0.81165049 | N50: =Person_0!K123 -> 0.85307443 | O50: =Person_0!K160 -> 0.86925566 | P50: =Person_1!K12 -> 0.88758621 | Q50: =Person_1!K49 -> 0.9 | R50: =Person_1!K86 -> 0.8537931 | S50: =Person_1!K123 -> 0.94275862 | T50: =Person_1!K160 -> 0.88689655 | U50: =Person_2!K12 -> 0.92296296 | V50: =Person_2!K49 -> 0.88074074 | W50: =Person_2!K86 -> 0.95333333 | X50: =Person_2!K123 -> 0.94222222 | Y50: =Person_2!K160 -> 0.93333333
J51: 8 | K51: =Person_0!K13 -> 0.7431694 | L51: =Person_0!K50 -> 0.72349727 | M51: =Person_0!K87 -> 0.76775956 | N51: =Person_0!K124 -> 0.78688525 | O51: =Person_0!K161 -> 0.82622951 | P51: =Person_1!K13 -> 0.80498615 | Q51: =Person_1!K50 -> 0.78891967 | R51: =Person_1!K87 -> 0.81828255 | S51: =Person_1!K124 -> 0.86371191 | T51: =Person_1!K161 -> 0.81052632 | U51: =Person_2!K13 -> 0.78052434 | V51: =Person_2!K50 -> 0.83370787 | W51: =Person_2!K87 -> 0.80224719 | X51: =Person_2!K124 -> 0.93108614 | Y51: =Person_2!K161 -> 0.82546816
J52: 9 | K52: =Person_0!K14 -> 0.6141844 | L52: =Person_0!K51 -> 0.56453901 | M52: =Person_0!K88 -> 0.75957447 | N52: =Person_0!K125 -> 0.6751773 | O52: =Person_0!K162 -> 0.75531915 | P52: =Person_1!K14 -> 0.69029851 | Q52: =Person_1!K51 -> 0.73208955 | R52: =Person_1!K88 -> 0.71567164 | S52: =Person_1!K125 -> 0.6119403 | T52: =Person_1!K162 -> 0.75895522 | U52: =Person_2!K14 -> 0.77222222 | V52: =Person_2!K51 -> 0.81111111 | W52: =Person_2!K88 -> 0.77555556 | X52: =Person_2!K125 -> 0.86777778 | Y52: =Person_2!K162 -> 0.81222222
J53: 10 | K53: =Person_0!K15 -> 0.77297297 | L53: =Person_0!K52 -> 0.83581081 | M53: =Person_0!K89 -> 0.84932432 | N53: =Person_0!K126 -> 0.81891892 | O53: =Person_0!K163 -> 0.85945946 | P53: =Person_1!K15 -> 0.56478873 | Q53: =Person_1!K52 -> 0.51056338 | R53: =Person_1!K89 -> 0.50070423 | S53: =Person_1!K126 -> 0.59084507 | T53: =Person_1!K163 -> 0.65492958 | U53: =Person_2!K15 -> 0.82405498 | V53: =Person_2!K52 -> 0.79793814 | W53: =Person_2!K89 -> 0.82680412 | X53: =Person_2!K126 -> 0.8371134 | Y53: =Person_2!K163 -> 0.85704467
J54: 11 | K54: =Person_0!K16 -> 0.71967213 | L54: =Person_0!K53 -> 0.77978142 | M54: =Person_0!K90 -> 0.83005464 | N54: =Person_0!K127 -> 0.82021858 | O54: =Person_0!K164 -> 0.79672131 | P54: =Person_1!K16 -> 0.86965699 | Q54: =Person_1!K53 -> 0.80158311 | R54: =Person_1!K90 -> 0.85488127 | S54: =Person_1!K127 -> 0.72084433 | T54: =Person_1!K164 -> 0.76728232 | U54: =Person_2!K16 -> 0.98249158 | V54: =Person_2!K53 -> 0.92592593 | W54: =Person_2!K90 -> 0.94006734 | X54: =Person_2!K127 -> 0.84713805 | Y54: =Person_2!K164 -> 0.98653199
J55: 12 | K55: =Person_0!K17 -> 0.78614958 | L55: =Person_0!K54 -> 0.766759 | M55: =Person_0!K91 -> 0.79944598 | N55: =Person_0!K128 -> 0.78891967 | O55: =Person_0!K165 -> 0.77562327 | P55: =Person_1!K17 -> 0.73513514 | Q55: =Person_1!K54 -> 0.74918919 | R55: =Person_1!K91 -> 0.74432432 | S55: =Person_1!K128 -> 0.74918919 | T55: =Person_1!K165 -> 0.74756757 | U55: =Person_2!K17 -> 0.85743243 | V55: =Person_2!K54 -> 0.91486486 | W55: =Person_2!K91 -> 0.78986486 | X55: =Person_2!K128 -> 0.8 | Y55: =Person_2!K165 -> 0.92094595
... J73: 30 | K73: =Person_0!K35 -> 0.91380753 | L73: =Person_0!K72 -> 0.90292887 | M73: =Person_0!K109 -> 0.94309623 | N73: =Person_0!K146 -> 0.95648536 | O73: =Person_0!K183 -> 0.93640167 | P73: =Person_1!K35 -> 0.80469484 | Q73: =Person_1!K72 -> 0.7971831 | R73: =Person_1!K109 -> 0.80938967 | S73: =Person_1!K146 -> 0.90985915 | T73: =Person_1!K183 -> 0.89859155 | U73: =Person_2!K35 -> 0.86938776 | V73: =Person_2!K72 -> 0.87823129 | W73: =Person_2!K109 -> 0.94217687 | X73: =Person_2!K146 -> 0.94829932 | Y73: =Person_2!K183 -> 0.96598639
J81: ID | K81: =K43 -> P1 (0.25) | L81: =L43 -> P1 (0.5) | M81: =M43 -> P1 (1.0) | N81: =N43 -> P1 (2.0) | O81: =O43 -> P1 (3.0) | P81: =P43 -> P2 (0.25) | Q81: =Q43 -> P2 (0.5) | R81: =R43 -> P2 (1.0) | ... Y81: =Y43 -> P3 (3.0)
J82: 1 | K82: =Person_0!L6 -> 0.48731466 | L82: =Person_0!L43 -> 0.6431631 | M82: =Person_0!L80 -> 0.63196046 | N82: =Person_0!L117 -> 0.60164745 | O82: =Person_0!L154 -> 0.49093904 | P82: =Person_1!L6 -> 0.53697183 | Q82: =Person_1!L43 -> 0.60669014 | R82: =Person_1!L80 -> 0.56725352 | S82: =Person_1!L117 -> 0.5028169 | T82: =Person_1!L154 -> 0.56584507 | U82: =Person_2!L6 -> 0.6516934 | V82: =Person_2!L43 -> 0.69269162 | W82: =Person_2!L80 -> 0.70445633 | X82: =Person_2!L117 -> 0.79607843 | Y82: =Person_2!L154 -> 0.73654189
J83: 2 | K83: =Person_0!L7 -> 0.59269103 | L83: =Person_0!L44 -> 0.57873754 | M83: =Person_0!L81 -> 0.61428571 | N83: =Person_0!L118 -> 0.62192691 | O83: =Person_0!L155 -> 0.610299 | P83: =Person_1!L7 -> 0.49230769 | Q83: =Person_1!L44 -> 0.61753131 | R83: =Person_1!L81 -> 0.56851521 | S83: =Person_1!L118 -> 0.4940966 | T83: =Person_1!L155 -> 0.52987478 | U83: =Person_2!L7 -> 0.60321429 | V83: =Person_2!L44 -> 0.70035714 | W83: =Person_2!L81 -> 0.68535714 | X83: =Person_2!L118 -> 0.87107143 | Y83: =Person_2!L155 -> 0.81642857
J84: 3 | K84: =Person_0!L8 -> 0.72996633 | L84: =Person_0!L45 -> 0.85757576 | M84: =Person_0!L82 -> 0.85521886 | N84: =Person_0!L119 -> 0.84747475 | O84: =Person_0!L156 -> 0.75622896 | P84: =Person_1!L8 -> 0.53402062 | Q84: =Person_1!L45 -> 0.53883162 | R84: =Person_1!L82 -> 0.56013746 | S84: =Person_1!L119 -> 0.56975945 | T84: =Person_1!L156 -> 0.61718213 | U84: =Person_2!L8 -> 0.68499157 | V84: =Person_2!L45 -> 0.79797639 | W84: =Person_2!L82 -> 0.79932546 | X84: =Person_2!L119 -> 0.78718381 | Y84: =Person_2!L156 -> 0.84721754
J85: 4 | K85: =Person_0!L9 -> 0.68506616 | L85: =Person_0!L46 -> 0.79206049 | M85: =Person_0!L83 -> 0.70359168 | N85: =Person_0!L120 -> 0.78638941 | O85: =Person_0!L157 -> 0.66238185 | P85: =Person_1!L9 -> 0.58604651 | Q85: =Person_1!L46 -> 0.72868217 | R85: =Person_1!L83 -> 0.63992248 | S85: =Person_1!L120 -> 0.69341085 | T85: =Person_1!L157 -> 0.66550388 | U85: =Person_2!L9 -> 0.73355593 | V85: =Person_2!L46 -> 0.76293823 | W85: =Person_2!L83 -> 0.83405676 | X85: =Person_2!L120 -> 0.91786311 | Y85: =Person_2!L157 -> 0.85075125
J86: 5 | K86: =Person_0!L10 -> 0.69792844 | L86: =Person_0!L47 -> 0.76986817 | M86: =Person_0!L84 -> 0.71977401 | N86: =Person_0!L121 -> 0.71977401 | O86: =Person_0!L158 -> 0.73747646 | P86: =Person_1!L10 -> 0.56626016 | Q86: =Person_1!L47 -> 0.72560976 | R86: =Person_1!L84 -> 0.61300813 | S86: =Person_1!L121 -> 0.69837398 | T86: =Person_1!L158 -> 0.60162602 | U86: =Person_2!L10 -> 0.87100176 | V86: =Person_2!L47 -> 0.85869947 | W86: =Person_2!L84 -> 0.83479789 | X86: =Person_2!L121 -> 0.83233743 | Y86: =Person_2!L158 -> 0.86115993
J87: 6 | K87: =Person_0!L11 -> 0.54309764 | L87: =Person_0!L48 -> 0.60909091 | M87: =Person_0!L85 -> 0.56464646 | N87: =Person_0!L122 -> 0.61178451 | O87: =Person_0!L159 -> 0.5976431 | P87: =Person_1!L11 -> 0.51524823 | Q87: =Person_1!L48 -> 0.61914894 | R87: =Person_1!L85 -> 0.52446809 | S87: =Person_1!L122 -> 0.52659574 | T87: =Person_1!L159 -> 0.50425532 | U87: =Person_2!L11 -> 0.79928952 | V87: =Person_2!L48 -> 0.82628774 | W87: =Person_2!L85 -> 0.74991119 | X87: =Person_2!L122 -> 0.82344583 | Y87: =Person_2!L159 -> 0.91616341
J88: 7 | K88: =Person_0!L12 -> 0.63456311 | L88: =Person_0!L49 -> 0.69048544 | M88: =Person_0!L86 -> 0.73242718 | N88: =Person_0!L123 -> 0.72893204 | O88: =Person_0!L160 -> 0.65087379 | P88: =Person_1!L12 -> 0.468 | Q88: =Person_1!L49 -> 0.5708 | R88: =Person_1!L86 -> 0.5552 | S88: =Person_1!L123 -> 0.6584 | T88: =Person_1!L160 -> 0.5708 | U88: =Person_2!L12 -> 0.69590164 | V88: =Person_2!L49 -> 0.67459016 | W88: =Person_2!L86 -> 0.7307377 | X88: =Person_2!L123 -> 0.74508197 | Y88: =Person_2!L160 -> 0.70737705
J89: 8 | K89: =Person_0!L13 -> 0.58118669 | L89: =Person_0!L50 -> 0.59942113 | M89: =Person_0!L87 -> 0.62257598 | N89: =Person_0!L124 -> 0.66628075 | O89: =Person_0!L161 -> 0.58523878 | P89: =Person_1!L13 -> 0.56490166 | Q89: =Person_1!L50 -> 0.5709531 | R89: =Person_1!L87 -> 0.56157337 | S89: =Person_1!L124 -> 0.58910741 | T89: =Person_1!L161 -> 0.61119516 | U89: =Person_2!L13 -> 0.72932099 | V89: =Person_2!L50 -> 0.74475309 | W89: =Person_2!L87 -> 0.66450617 | X89: =Person_2!L124 -> 0.66975309 | Y89: =Person_2!L161 -> 0.70123457
J90: 9 | K90: =Person_0!L14 -> 0.65619835 | L90: =Person_0!L51 -> 0.65487603 | M90: =Person_0!L88 -> 0.65917355 | N90: =Person_0!L125 -> 0.65983471 | O90: =Person_0!L162 -> 0.64793388 | P90: =Person_1!L14 -> 0.58710801 | Q90: =Person_1!L51 -> 0.63658537 | R90: =Person_1!L88 -> 0.52961672 | S90: =Person_1!L125 -> 0.57839721 | T90: =Person_1!L162 -> 0.58745645 | U90: =Person_2!L14 -> 0.74901961 | V90: =Person_2!L51 -> 0.78609626 | W90: =Person_2!L88 -> 0.76149733 | X90: =Person_2!L125 -> 0.82495544 | Y90: =Person_2!L162 -> 0.84456328
J91: 10 | K91: =Person_0!L15 -> 0.55492487 | L91: =Person_0!L52 -> 0.62370618 | M91: =Person_0!L89 -> 0.64741235 | N91: =Person_0!L126 -> 0.65542571 | O91: =Person_0!L163 -> 0.67512521 | P91: =Person_1!L15 -> 0.57975567 | Q91: =Person_1!L52 -> 0.53717277 | R91: =Person_1!L89 -> 0.58813264 | S91: =Person_1!L126 -> 0.49458988 | T91: =Person_1!L163 -> 0.58499127 | U91: =Person_2!L15 -> 0.69751773 | V91: =Person_2!L52 -> 0.70531915 | W91: =Person_2!L89 -> 0.68368794 | X91: =Person_2!L126 -> 0.76666667 | Y91: =Person_2!L163 -> 0.71702128
J92: 11 | K92: =Person_0!L16 -> 0.52137931 | L92: =Person_0!L53 -> 0.54310345 | M92: =Person_0!L90 -> 0.5137931 | N92: =Person_0!L127 -> 0.64413793 | O92: =Person_0!L164 -> 0.6 | P92: =Person_1!L16 -> 0.6024735 | Q92: =Person_1!L53 -> 0.61978799 | R92: =Person_1!L90 -> 0.6540636 | S92: =Person_1!L127 -> 0.55583039 | T92: =Person_1!L164 -> 0.66042403 | U92: =Person_2!L16 -> 0.8780083 | V92: =Person_2!L53 -> 0.87634855 | W92: =Person_2!L90 -> 0.88921162 | X92: =Person_2!L127 -> 0.84813278 | Y92: =Person_2!L164 -> 0.86514523
J93: 12 | K93: =Person_0!L17 -> 0.54561404 | L93: =Person_0!L54 -> 0.59824561 | M93: =Person_0!L91 -> 0.56385965 | N93: =Person_0!L128 -> 0.52175439 | O93: =Person_0!L165 -> 0.52035088 | P93: =Person_1!L17 -> 0.57747899 | Q93: =Person_1!L54 -> 0.65344538 | R93: =Person_1!L91 -> 0.58621849 | S93: =Person_1!L128 -> 0.57546218 | T93: =Person_1!L165 -> 0.59663866 | U93: =Person_2!L17 -> 0.69475728 | V93: =Person_2!L54 -> 0.81669903 | W93: =Person_2!L91 -> 0.69009709 | X93: =Person_2!L128 -> 0.74990291 | Y93: =Person_2!L165 -> 0.8031068
... J111: 30 | K111: =Person_0!L35 -> 0.67707641 | L111: =Person_0!L72 -> 0.69833887 | M111: =Person_0!L109 -> 0.77807309 | N111: =Person_0!L146 -> 0.70199336 | O111: =Person_0!L183 -> 0.75049834 | P111: =Person_1!L35 -> 0.49731664 | Q111: =Person_1!L72 -> 0.57924866 | R111: =Person_1!L109 -> 0.46440072 | S111: =Person_1!L146 -> 0.58890877 | T111: =Person_1!L183 -> 0.4980322 | U111: =Person_2!L35 -> 0.825 | V111: =Person_2!L72 -> 0.83178571 | W111: =Person_2!L109 -> 0.86928571 | X111: =Person_2!L146 -> 0.87571429 | Y111: =Person_2!L183 -> 0.85964286
J120: ID | K120: =K43 -> P1 (0.25) | L120: =L43 -> P1 (0.5) | M120: =M43 -> P1 (1.0) | N120: =N43 -> P1 (2.0) | O120: =O43 -> P1 (3.0) | P120: =P43 -> P2 (0.25) | Q120: =Q43 -> P2 (0.5) | R120: =R43 -> P2 (1.0) | ... Y120: =Y43 -> P3 (3.0)
J121: 1 | K121: =Person_0!M6 -> #DIV/0! | L121: =Person_0!M43 -> #DIV/0! | M121: =Person_0!M80 -> #DIV/0! | N121: =Person_0!M117 -> #DIV/0! | O121: =Person_0!M154 -> #DIV/0! | P121: =Person_1!M6 -> #DIV/0! | Q121: =Person_1!M43 -> #DIV/0! | R121: =Person_1!M80 -> #DIV/0! | S121: =Person_1!M117 -> #DIV/0! | T121: =Person_1!M154 -> #DIV/0! | U121: =Person_2!M6 -> #DIV/0! | V121: =Person_2!M43 -> #DIV/0! | W121: =Person_2!M80 -> #DIV/0! | X121: =Person_2!M117 -> #DIV/0! | Y121: =Person_2!M154 -> #DIV/0!
J122: 2 | K122: =Person_0!M7 -> #DIV/0! | L122: =Person_0!M44 -> #DIV/0! | M122: =Person_0!M81 -> #DIV/0! | N122: =Person_0!M118 -> #DIV/0! | O122: =Person_0!M155 -> #DIV/0! | P122: =Person_1!M7 -> #DIV/0! | Q122: =Person_1!M44 -> #DIV/0! | R122: =Person_1!M81 -> #DIV/0! | S122: =Person_1!M118 -> #DIV/0! | T122: =Person_1!M155 -> #DIV/0! | U122: =Person_2!M7 -> #DIV/0! | V122: =Person_2!M44 -> #DIV/0! | W122: =Person_2!M81 -> #DIV/0! | X122: =Person_2!M118 -> #DIV/0! | Y122: =Person_2!M155 -> #DIV/0!
J123: 3 | K123: =Person_0!M8 -> #DIV/0! | L123: =Person_0!M45 -> #DIV/0! | M123: =Person_0!M82 -> #DIV/0! | N123: =Person_0!M119 -> #DIV/0! | O123: =Person_0!M156 -> #DIV/0! | P123: =Person_1!M8 -> #DIV/0! | Q123: =Person_1!M45 -> #DIV/0! | R123: =Person_1!M82 -> #DIV/0! | S123: =Person_1!M119 -> #DIV/0! | T123: =Person_1!M156 -> #DIV/0! | U123: =Person_2!M8 -> #DIV/0! | V123: =Person_2!M45 -> #DIV/0! | W123: =Person_2!M82 -> #DIV/0! | X123: =Person_2!M119 -> #DIV/0! | Y123: =Person_2!M156 -> #DIV/0!
J124: 4 | K124: =Person_0!M9 -> #DIV/0! | L124: =Person_0!M46 -> #DIV/0! | M124: =Person_0!M83 -> #DIV/0! | N124: =Person_0!M120 -> #DIV/0! | O124: =Person_0!M157 -> #DIV/0! | P124: =Person_1!M9 -> #DIV/0! | Q124: =Person_1!M46 -> #DIV/0! | R124: =Person_1!M83 -> #DIV/0! | S124: =Person_1!M120 -> #DIV/0! | T124: =Person_1!M157 -> #DIV/0! | U124: =Person_2!M9 -> #DIV/0! | V124: =Person_2!M46 -> #DIV/0! | W124: =Person_2!M83 -> #DIV/0! | X124: =Person_2!M120 -> #DIV/0! | Y124: =Person_2!M157 -> #DIV/0!
J125: 5 | K125: =Person_0!M10 -> #DIV/0! | L125: =Person_0!M47 -> #DIV/0! | M125: =Person_0!M84 -> #DIV/0! | N125: =Person_0!M121 -> #DIV/0! | O125: =Person_0!M158 -> #DIV/0! | P125: =Person_1!M10 -> #DIV/0! | Q125: =Person_1!M47 -> #DIV/0! | R125: =Person_1!M84 -> #DIV/0! | S125: =Person_1!M121 -> #DIV/0! | T125: =Person_1!M158 -> #DIV/0! | U125: =Person_2!M10 -> #DIV/0! | V125: =Person_2!M47 -> #DIV/0! | W125: =Person_2!M84 -> #DIV/0! | X125: =Person_2!M121 -> #DIV/0! | Y125: =Person_2!M158 -> #DIV/0!
J126: 6 | K126: =Person_0!M11 -> #DIV/0! | L126: =Person_0!M48 -> #DIV/0! | M126: =Person_0!M85 -> #DIV/0! | N126: =Person_0!M122 -> #DIV/0! | O126: =Person_0!M159 -> #DIV/0! | P126: =Person_1!M11 -> #DIV/0! | Q126: =Person_1!M48 -> #DIV/0! | R126: =Person_1!M85 -> #DIV/0! | S126: =Person_1!M122 -> #DIV/0! | T126: =Person_1!M159 -> #DIV/0! | U126: =Person_2!M11 -> #DIV/0! | V126: =Person_2!M48 -> #DIV/0! | W126: =Person_2!M85 -> #DIV/0! | X126: =Person_2!M122 -> #DIV/0! | Y126: =Person_2!M159 -> #DIV/0!
J127: 7 | K127: =Person_0!M12 -> #DIV/0! | L127: =Person_0!M49 -> #DIV/0! | M127: =Person_0!M86 -> #DIV/0! | N127: =Person_0!M123 -> #DIV/0! | O127: =Person_0!M160 -> #DIV/0! | P127: =Person_1!M12 -> #DIV/0! | Q127: =Person_1!M49 -> #DIV/0! | R127: =Person_1!M86 -> #DIV/0! | S127: =Person_1!M123 -> #DIV/0! | T127: =Person_1!M160 -> #DIV/0! | U127: =Person_2!M12 -> #DIV/0! | V127: =Person_2!M49 -> #DIV/0! | W127: =Person_2!M86 -> #DIV/0! | X127: =Person_2!M123 -> #DIV/0! | Y127: =Person_2!M160 -> #DIV/0!
J128: 8 | K128: =Person_0!M13 -> #DIV/0! | L128: =Person_0!M50 -> #DIV/0! | M128: =Person_0!M87 -> #DIV/0! | N128: =Person_0!M124 -> #DIV/0! | O128: =Person_0!M161 -> #DIV/0! | P128: =Person_1!M13 -> #DIV/0! | Q128: =Person_1!M50 -> #DIV/0! | R128: =Person_1!M87 -> #DIV/0! | S128: =Person_1!M124 -> #DIV/0! | T128: =Person_1!M161 -> #DIV/0! | U128: =Person_2!M13 -> #DIV/0! | V128: =Person_2!M50 -> #DIV/0! | W128: =Person_2!M87 -> #DIV/0! | X128: =Person_2!M124 -> #DIV/0! | Y128: =Person_2!M161 -> #DIV/0!
J129: 9 | K129: =Person_0!M14 -> #DIV/0! | L129: =Person_0!M51 -> #DIV/0! | M129: =Person_0!M88 -> #DIV/0! | N129: =Person_0!M125 -> #DIV/0! | O129: =Person_0!M162 -> #DIV/0! | P129: =Person_1!M14 -> #DIV/0! | Q129: =Person_1!M51 -> #DIV/0! | R129: =Person_1!M88 -> #DIV/0! | S129: =Person_1!M125 -> #DIV/0! | T129: =Person_1!M162 -> #DIV/0! | U129: =Person_2!M14 -> #DIV/0! | V129: =Person_2!M51 -> #DIV/0! | W129: =Person_2!M88 -> #DIV/0! | X129: =Person_2!M125 -> #DIV/0! | Y129: =Person_2!M162 -> #DIV/0!
J130: 10 | K130: =Person_0!M15 -> #DIV/0! | L130: =Person_0!M52 -> #DIV/0! | M130: =Person_0!M89 -> #DIV/0! | N130: =Person_0!M126 -> #DIV/0! | O130: =Person_0!M163 -> #DIV/0! | P130: =Person_1!M15 -> #DIV/0! | Q130: =Person_1!M52 -> #DIV/0! | R130: =Person_1!M89 -> #DIV/0! | S130: =Person_1!M126 -> #DIV/0! | T130: =Person_1!M163 -> #DIV/0! | U130: =Person_2!M15 -> #DIV/0! | V130: =Person_2!M52 -> #DIV/0! | W130: =Person_2!M89 -> #DIV/0! | X130: =Person_2!M126 -> #DIV/0! | Y130: =Person_2!M163 -> #DIV/0!
J131: 11 | K131: =Person_0!M16 -> #DIV/0! | L131: =Person_0!M53 -> #DIV/0! | M131: =Person_0!M90 -> #DIV/0! | N131: =Person_0!M127 -> #DIV/0! | O131: =Person_0!M164 -> #DIV/0! | P131: =Person_1!M16 -> #DIV/0! | Q131: =Person_1!M53 -> #DIV/0! | R131: =Person_1!M90 -> #DIV/0! | S131: =Person_1!M127 -> #DIV/0! | T131: =Person_1!M164 -> #DIV/0! | U131: =Person_2!M16 -> #DIV/0! | V131: =Person_2!M53 -> #DIV/0! | W131: =Person_2!M90 -> #DIV/0! | X131: =Person_2!M127 -> #DIV/0! | Y131: =Person_2!M164 -> #DIV/0!
J132: 12 | K132: =Person_0!M17 -> #DIV/0! | L132: =Person_0!M54 -> #DIV/0! | M132: =Person_0!M91 -> #DIV/0! | N132: =Person_0!M128 -> #DIV/0! | O132: =Person_0!M165 -> #DIV/0! | P132: =Person_1!M17 -> #DIV/0! | Q132: =Person_1!M54 -> #DIV/0! | R132: =Person_1!M91 -> #DIV/0! | S132: =Person_1!M128 -> #DIV/0! | T132: =Person_1!M165 -> #DIV/0! | U132: =Person_2!M17 -> #DIV/0! | V132: =Person_2!M54 -> #DIV/0! | W132: =Person_2!M91 -> #DIV/0! | X132: =Person_2!M128 -> #DIV/0! | Y132: =Person_2!M165 -> #DIV/0!
... J150: 30 | K150: =Person_0!M35 -> #DIV/0! | L150: =Person_0!M72 -> #DIV/0! | M150: =Person_0!M109 -> #DIV/0! | N150: =Person_0!M146 -> #DIV/0! | O150: =Person_0!M183 -> #DIV/0! | P150: =Person_1!M35 -> #DIV/0! | Q150: =Person_1!M72 -> #DIV/0! | R150: =Person_1!M109 -> #DIV/0! | S150: =Person_1!M146 -> #DIV/0! | T150: =Person_1!M183 -> #DIV/0! | U150: =Person_2!M35 -> #DIV/0! | V150: =Person_2!M72 -> #DIV/0! | W150: =Person_2!M109 -> #DIV/0! | X150: =Person_2!M146 -> #DIV/0! | Y150: =Person_2!M183 -> #DIV/0!
J157: ID | K157: =K43 -> P1 (0.25) | L157: =L43 -> P1 (0.5) | M157: =M43 -> P1 (1.0) | N157: =N43 -> P1 (2.0) | O157: =O43 -> P1 (3.0) | P157: =P43 -> P2 (0.25) | Q157: =Q43 -> P2 (0.5) | R157: =R43 -> P2 (1.0) | ... Y157: =Y43 -> P3 (3.0)
J158: 1 | K158: =Person_0!N6 -> #DIV/0! | L158: =Person_0!N43 -> #DIV/0! | M158: =Person_0!N80 -> #DIV/0! | N158: =Person_0!N117 -> #DIV/0! | O158: =Person_0!N154 -> #DIV/0! | P158: =Person_1!N6 -> #DIV/0! | Q158: =Person_1!N43 -> #DIV/0! | R158: =Person_1!N80 -> #DIV/0! | S158: =Person_1!N117 -> #DIV/0! | T158: =Person_1!N154 -> #DIV/0! | U158: =Person_2!N6 -> #DIV/0! | V158: =Person_2!N43 -> #DIV/0! | W158: =Person_2!N80 -> #DIV/0! | X158: =Person_2!N117 -> #DIV/0! | Y158: =Person_2!N154 -> #DIV/0!
J159: 2 | K159: =Person_0!N7 -> #DIV/0! | L159: =Person_0!N44 -> #DIV/0! | M159: =Person_0!N81 -> #DIV/0! | N159: =Person_0!N118 -> #DIV/0! | O159: =Person_0!N155 -> #DIV/0! | P159: =Person_1!N7 -> #DIV/0! | Q159: =Person_1!N44 -> #DIV/0! | R159: =Person_1!N81 -> #DIV/0! | S159: =Person_1!N118 -> #DIV/0! | T159: =Person_1!N155 -> #DIV/0! | U159: =Person_2!N7 -> #DIV/0! | V159: =Person_2!N44 -> #DIV/0! | W159: =Person_2!N81 -> #DIV/0! | X159: =Person_2!N118 -> #DIV/0! | Y159: =Person_2!N155 -> #DIV/0!
J160: 3 | K160: =Person_0!N8 -> #DIV/0! | L160: =Person_0!N45 -> #DIV/0! | M160: =Person_0!N82 -> #DIV/0! | N160: =Person_0!N119 -> #DIV/0! | O160: =Person_0!N156 -> #DIV/0! | P160: =Person_1!N8 -> #DIV/0! | Q160: =Person_1!N45 -> #DIV/0! | R160: =Person_1!N82 -> #DIV/0! | S160: =Person_1!N119 -> #DIV/0! | T160: =Person_1!N156 -> #DIV/0! | U160: =Person_2!N8 -> #DIV/0! | V160: =Person_2!N45 -> #DIV/0! | W160: =Person_2!N82 -> #DIV/0! | X160: =Person_2!N119 -> #DIV/0! | Y160: =Person_2!N156 -> #DIV/0!
J161: 4 | K161: =Person_0!N9 -> #DIV/0! | L161: =Person_0!N46 -> #DIV/0! | M161: =Person_0!N83 -> #DIV/0! | N161: =Person_0!N120 -> #DIV/0! | O161: =Person_0!N157 -> #DIV/0! | P161: =Person_1!N9 -> #DIV/0! | Q161: =Person_1!N46 -> #DIV/0! | R161: =Person_1!N83 -> #DIV/0! | S161: =Person_1!N120 -> #DIV/0! | T161: =Person_1!N157 -> #DIV/0! | U161: =Person_2!N9 -> #DIV/0! | V161: =Person_2!N46 -> #DIV/0! | W161: =Person_2!N83 -> #DIV/0! | X161: =Person_2!N120 -> #DIV/0! | Y161: =Person_2!N157 -> #DIV/0!
J162: 5 | K162: =Person_0!N10 -> #DIV/0! | L162: =Person_0!N47 -> #DIV/0! | M162: =Person_0!N84 -> #DIV/0! | N162: =Person_0!N121 -> #DIV/0! | O162: =Person_0!N158 -> #DIV/0! | P162: =Person_1!N10 -> #DIV/0! | Q162: =Person_1!N47 -> #DIV/0! | R162: =Person_1!N84 -> #DIV/0! | S162: =Person_1!N121 -> #DIV/0! | T162: =Person_1!N158 -> #DIV/0! | U162: =Person_2!N10 -> #DIV/0! | V162: =Person_2!N47 -> #DIV/0! | W162: =Person_2!N84 -> #DIV/0! | X162: =Person_2!N121 -> #DIV/0! | Y162: =Person_2!N158 -> #DIV/0!
J163: 6 | K163: =Person_0!N11 -> #DIV/0! | L163: =Person_0!N48 -> #DIV/0! | M163: =Person_0!N85 -> #DIV/0! | N163: =Person_0!N122 -> #DIV/0! | O163: =Person_0!N159 -> #DIV/0! | P163: =Person_1!N11 -> #DIV/0! | Q163: =Person_1!N48 -> #DIV/0! | R163: =Person_1!N85 -> #DIV/0! | S163: =Person_1!N122 -> #DIV/0! | T163: =Person_1!N159 -> #DIV/0! | U163: =Person_2!N11 -> #DIV/0! | V163: =Person_2!N48 -> #DIV/0! | W163: =Person_2!N85 -> #DIV/0! | X163: =Person_2!N122 -> #DIV/0! | Y163: =Person_2!N159 -> #DIV/0!
J164: 7 | K164: =Person_0!N12 -> #DIV/0! | L164: =Person_0!N49 -> #DIV/0! | M164: =Person_0!N86 -> #DIV/0! | N164: =Person_0!N123 -> #DIV/0! | O164: =Person_0!N160 -> #DIV/0! | P164: =Person_1!N12 -> #DIV/0! | Q164: =Person_1!N49 -> #DIV/0! | R164: =Person_1!N86 -> #DIV/0! | S164: =Person_1!N123 -> #DIV/0! | T164: =Person_1!N160 -> #DIV/0! | U164: =Person_2!N12 -> #DIV/0! | V164: =Person_2!N49 -> #DIV/0! | W164: =Person_2!N86 -> #DIV/0! | X164: =Person_2!N123 -> #DIV/0! | Y164: =Person_2!N160 -> #DIV/0!
J165: 8 | K165: =Person_0!N13 -> #DIV/0! | L165: =Person_0!N50 -> #DIV/0! | M165: =Person_0!N87 -> #DIV/0! | N165: =Person_0!N124 -> #DIV/0! | O165: =Person_0!N161 -> #DIV/0! | P165: =Person_1!N13 -> #DIV/0! | Q165: =Person_1!N50 -> #DIV/0! | R165: =Person_1!N87 -> #DIV/0! | S165: =Person_1!N124 -> #DIV/0! | T165: =Person_1!N161 -> #DIV/0! | U165: =Person_2!N13 -> #DIV/0! | V165: =Person_2!N50 -> #DIV/0! | W165: =Person_2!N87 -> #DIV/0! | X165: =Person_2!N124 -> #DIV/0! | Y165: =Person_2!N161 -> #DIV/0!
J166: 9 | K166: =Person_0!N14 -> #DIV/0! | L166: =Person_0!N51 -> #DIV/0! | M166: =Person_0!N88 -> #DIV/0! | N166: =Person_0!N125 -> #DIV/0! | O166: =Person_0!N162 -> #DIV/0! | P166: =Person_1!N14 -> #DIV/0! | Q166: =Person_1!N51 -> #DIV/0! | R166: =Person_1!N88 -> #DIV/0! | S166: =Person_1!N125 -> #DIV/0! | T166: =Person_1!N162 -> #DIV/0! | U166: =Person_2!N14 -> #DIV/0! | V166: =Person_2!N51 -> #DIV/0! | W166: =Person_2!N88 -> #DIV/0! | X166: =Person_2!N125 -> #DIV/0! | Y166: =Person_2!N162 -> #DIV/0!
J167: 10 | K167: =Person_0!N15 -> #DIV/0! | L167: =Person_0!N52 -> #DIV/0! | M167: =Person_0!N89 -> #DIV/0! | N167: =Person_0!N126 -> #DIV/0! | O167: =Person_0!N163 -> #DIV/0! | P167: =Person_1!N15 -> #DIV/0! | Q167: =Person_1!N52 -> #DIV/0! | R167: =Person_1!N89 -> #DIV/0! | S167: =Person_1!N126 -> #DIV/0! | T167: =Person_1!N163 -> #DIV/0! | U167: =Person_2!N15 -> #DIV/0! | V167: =Person_2!N52 -> #DIV/0! | W167: =Person_2!N89 -> #DIV/0! | X167: =Person_2!N126 -> #DIV/0! | Y167: =Person_2!N163 -> #DIV/0!
J168: 11 | K168: =Person_0!N16 -> #DIV/0! | L168: =Person_0!N53 -> #DIV/0! | M168: =Person_0!N90 -> #DIV/0! | N168: =Person_0!N127 -> #DIV/0! | O168: =Person_0!N164 -> #DIV/0! | P168: =Person_1!N16 -> #DIV/0! | Q168: =Person_1!N53 -> #DIV/0! | R168: =Person_1!N90 -> #DIV/0! | S168: =Person_1!N127 -> #DIV/0! | T168: =Person_1!N164 -> #DIV/0! | U168: =Person_2!N16 -> #DIV/0! | V168: =Person_2!N53 -> #DIV/0! | W168: =Person_2!N90 -> #DIV/0! | X168: =Person_2!N127 -> #DIV/0! | Y168: =Person_2!N164 -> #DIV/0!
J169: 12 | K169: =Person_0!N17 -> #DIV/0! | L169: =Person_0!N54 -> #DIV/0! | M169: =Person_0!N91 -> #DIV/0! | N169: =Person_0!N128 -> #DIV/0! | O169: =Person_0!N165 -> #DIV/0! | P169: =Person_1!N17 -> #DIV/0! | Q169: =Person_1!N54 -> #DIV/0! | R169: =Person_1!N91 -> #DIV/0! | S169: =Person_1!N128 -> #DIV/0! | T169: =Person_1!N165 -> #DIV/0! | U169: =Person_2!N17 -> #DIV/0! | V169: =Person_2!N54 -> #DIV/0! | W169: =Person_2!N91 -> #DIV/0! | X169: =Person_2!N128 -> #DIV/0! | Y169: =Person_2!N165 -> #DIV/0!
... J187: 30 | K187: =Person_0!N35 -> #DIV/0! | L187: =Person_0!N72 -> #DIV/0! | M187: =Person_0!N109 -> #DIV/0! | N187: =Person_0!N146 -> #DIV/0! | O187: =Person_0!N183 -> #DIV/0! | P187: =Person_1!N35 -> #DIV/0! | Q187: =Person_1!N72 -> #DIV/0! | R187: =Person_1!N109 -> #DIV/0! | S187: =Person_1!N146 -> #DIV/0! | T187: =Person_1!N183 -> #DIV/0! | U187: =Person_2!N35 -> #DIV/0! | V187: =Person_2!N72 -> #DIV/0! | W187: =Person_2!N109 -> #DIV/0! | X187: =Person_2!N146 -> #DIV/0! | Y187: =Person_2!N183 -> #DIV/0!
J194: ID | K194: =K43 -> P1 (0.25) | L194: =L43 -> P1 (0.5) | M194: =M43 -> P1 (1.0) | N194: =N43 -> P1 (2.0) | O194: =O43 -> P1 (3.0) | P194: =P43 -> P2 (0.25) | Q194: =Q43 -> P2 (0.5) | R194: =R43 -> P2 (1.0) | ... Y194: =Y43 -> P3 (3.0)
J195: 1 | K195: =Person_0!O6 -> #DIV/0! | L195: =Person_0!O43 -> #DIV/0! | M195: =Person_0!O80 -> #DIV/0! | N195: =Person_0!O117 -> #DIV/0! | O195: =Person_0!O154 -> #DIV/0! | P195: =Person_1!O6 -> #DIV/0! | Q195: =Person_1!O43 -> #DIV/0! | R195: =Person_1!O80 -> #DIV/0! | S195: =Person_1!O117 -> #DIV/0! | T195: =Person_1!O154 -> #DIV/0! | U195: =Person_2!O6 -> #DIV/0! | V195: =Person_2!O43 -> #DIV/0! | W195: =Person_2!O80 -> #DIV/0! | X195: =Person_2!O117 -> #DIV/0! | Y195: =Person_2!O154 -> #DIV/0!
J196: 2 | K196: =Person_0!O7 -> #DIV/0! | L196: =Person_0!O44 -> #DIV/0! | M196: =Person_0!O81 -> #DIV/0! | N196: =Person_0!O118 -> #DIV/0! | O196: =Person_0!O155 -> #DIV/0! | P196: =Person_1!O7 -> #DIV/0! | Q196: =Person_1!O44 -> #DIV/0! | R196: =Person_1!O81 -> #DIV/0! | S196: =Person_1!O118 -> #DIV/0! | T196: =Person_1!O155 -> #DIV/0! | U196: =Person_2!O7 -> #DIV/0! | V196: =Person_2!O44 -> #DIV/0! | W196: =Person_2!O81 -> #DIV/0! | X196: =Person_2!O118 -> #DIV/0! | Y196: =Person_2!O155 -> #DIV/0!
J197: 3 | K197: =Person_0!O8 -> #DIV/0! | L197: =Person_0!O45 -> #DIV/0! | M197: =Person_0!O82 -> #DIV/0! | N197: =Person_0!O119 -> #DIV/0! | O197: =Person_0!O156 -> #DIV/0! | P197: =Person_1!O8 -> #DIV/0! | Q197: =Person_1!O45 -> #DIV/0! | R197: =Person_1!O82 -> #DIV/0! | S197: =Person_1!O119 -> #DIV/0! | T197: =Person_1!O156 -> #DIV/0! | U197: =Person_2!O8 -> #DIV/0! | V197: =Person_2!O45 -> #DIV/0! | W197: =Person_2!O82 -> #DIV/0! | X197: =Person_2!O119 -> #DIV/0! | Y197: =Person_2!O156 -> #DIV/0!
J198: 4 | K198: =Person_0!O9 -> #DIV/0! | L198: =Person_0!O46 -> #DIV/0! | M198: =Person_0!O83 -> #DIV/0! | N198: =Person_0!O120 -> #DIV/0! | O198: =Person_0!O157 -> #DIV/0! | P198: =Person_1!O9 -> #DIV/0! | Q198: =Person_1!O46 -> #DIV/0! | R198: =Person_1!O83 -> #DIV/0! | S198: =Person_1!O120 -> #DIV/0! | T198: =Person_1!O157 -> #DIV/0! | U198: =Person_2!O9 -> #DIV/0! | V198: =Person_2!O46 -> #DIV/0! | W198: =Person_2!O83 -> #DIV/0! | X198: =Person_2!O120 -> #DIV/0! | Y198: =Person_2!O157 -> #DIV/0!
J199: 5 | K199: =Person_0!O10 -> #DIV/0! | L199: =Person_0!O47 -> #DIV/0! | M199: =Person_0!O84 -> #DIV/0! | N199: =Person_0!O121 -> #DIV/0! | O199: =Person_0!O158 -> #DIV/0! | P199: =Person_1!O10 -> #DIV/0! | Q199: =Person_1!O47 -> #DIV/0! | R199: =Person_1!O84 -> #DIV/0! | S199: =Person_1!O121 -> #DIV/0! | T199: =Person_1!O158 -> #DIV/0! | U199: =Person_2!O10 -> #DIV/0! | V199: =Person_2!O47 -> #DIV/0! | W199: =Person_2!O84 -> #DIV/0! | X199: =Person_2!O121 -> #DIV/0! | Y199: =Person_2!O158 -> #DIV/0!
J200: 6 | K200: =Person_0!O11 -> #DIV/0! | L200: =Person_0!O48 -> #DIV/0! | M200: =Person_0!O85 -> #DIV/0! | N200: =Person_0!O122 -> #DIV/0! | O200: =Person_0!O159 -> #DIV/0! | P200: =Person_1!O11 -> #DIV/0! | Q200: =Person_1!O48 -> #DIV/0! | R200: =Person_1!O85 -> #DIV/0! | S200: =Person_1!O122 -> #DIV/0! | T200: =Person_1!O159 -> #DIV/0! | U200: =Person_2!O11 -> #DIV/0! | V200: =Person_2!O48 -> #DIV/0! | W200: =Person_2!O85 -> #DIV/0! | X200: =Person_2!O122 -> #DIV/0! | Y200: =Person_2!O159 -> #DIV/0!
J201: 7 | K201: =Person_0!O12 -> #DIV/0! | L201: =Person_0!O49 -> #DIV/0! | M201: =Person_0!O86 -> #DIV/0! | N201: =Person_0!O123 -> #DIV/0! | O201: =Person_0!O160 -> #DIV/0! | P201: =Person_1!O12 -> #DIV/0! | Q201: =Person_1!O49 -> #DIV/0! | R201: =Person_1!O86 -> #DIV/0! | S201: =Person_1!O123 -> #DIV/0! | T201: =Person_1!O160 -> #DIV/0! | U201: =Person_2!O12 -> #DIV/0! | V201: =Person_2!O49 -> #DIV/0! | W201: =Person_2!O86 -> #DIV/0! | X201: =Person_2!O123 -> #DIV/0! | Y201: =Person_2!O160 -> #DIV/0!
J202: 8 | K202: =Person_0!O13 -> #DIV/0! | L202: =Person_0!O50 -> #DIV/0! | M202: =Person_0!O87 -> #DIV/0! | N202: =Person_0!O124 -> #DIV/0! | O202: =Person_0!O161 -> #DIV/0! | P202: =Person_1!O13 -> #DIV/0! | Q202: =Person_1!O50 -> #DIV/0! | R202: =Person_1!O87 -> #DIV/0! | S202: =Person_1!O124 -> #DIV/0! | T202: =Person_1!O161 -> #DIV/0! | U202: =Person_2!O13 -> #DIV/0! | V202: =Person_2!O50 -> #DIV/0! | W202: =Person_2!O87 -> #DIV/0! | X202: =Person_2!O124 -> #DIV/0! | Y202: =Person_2!O161 -> #DIV/0!
J203: 9 | K203: =Person_0!O14 -> #DIV/0! | L203: =Person_0!O51 -> #DIV/0! | M203: =Person_0!O88 -> #DIV/0! | N203: =Person_0!O125 -> #DIV/0! | O203: =Person_0!O162 -> #DIV/0! | P203: =Person_1!O14 -> #DIV/0! | Q203: =Person_1!O51 -> #DIV/0! | R203: =Person_1!O88 -> #DIV/0! | S203: =Person_1!O125 -> #DIV/0! | T203: =Person_1!O162 -> #DIV/0! | U203: =Person_2!O14 -> #DIV/0! | V203: =Person_2!O51 -> #DIV/0! | W203: =Person_2!O88 -> #DIV/0! | X203: =Person_2!O125 -> #DIV/0! | Y203: =Person_2!O162 -> #DIV/0!
J204: 10 | K204: =Person_0!O15 -> #DIV/0! | L204: =Person_0!O52 -> #DIV/0! | M204: =Person_0!O89 -> #DIV/0! | N204: =Person_0!O126 -> #DIV/0! | O204: =Person_0!O163 -> #DIV/0! | P204: =Person_1!O15 -> #DIV/0! | Q204: =Person_1!O52 -> #DIV/0! | R204: =Person_1!O89 -> #DIV/0! | S204: =Person_1!O126 -> #DIV/0! | T204: =Person_1!O163 -> #DIV/0! | U204: =Person_2!O15 -> #DIV/0! | V204: =Person_2!O52 -> #DIV/0! | W204: =Person_2!O89 -> #DIV/0! | X204: =Person_2!O126 -> #DIV/0! | Y204: =Person_2!O163 -> #DIV/0!
J205: 11 | K205: =Person_0!O16 -> #DIV/0! | L205: =Person_0!O53 -> #DIV/0! | M205: =Person_0!O90 -> #DIV/0! | N205: =Person_0!O127 -> #DIV/0! | O205: =Person_0!O164 -> #DIV/0! | P205: =Person_1!O16 -> #DIV/0! | Q205: =Person_1!O53 -> #DIV/0! | R205: =Person_1!O90 -> #DIV/0! | S205: =Person_1!O127 -> #DIV/0! | T205: =Person_1!O164 -> #DIV/0! | U205: =Person_2!O16 -> #DIV/0! | V205: =Person_2!O53 -> #DIV/0! | W205: =Person_2!O90 -> #DIV/0! | X205: =Person_2!O127 -> #DIV/0! | Y205: =Person_2!O164 -> #DIV/0!
J206: 12 | K206: =Person_0!O17 -> #DIV/0! | L206: =Person_0!O54 -> #DIV/0! | M206: =Person_0!O91 -> #DIV/0! | N206: =Person_0!O128 -> #DIV/0! | O206: =Person_0!O165 -> #DIV/0! | P206: =Person_1!O17 -> #DIV/0! | Q206: =Person_1!O54 -> #DIV/0! | R206: =Person_1!O91 -> #DIV/0! | S206: =Person_1!O128 -> #DIV/0! | T206: =Person_1!O165 -> #DIV/0! | U206: =Person_2!O17 -> #DIV/0! | V206: =Person_2!O54 -> #DIV/0! | W206: =Person_2!O91 -> #DIV/0! | X206: =Person_2!O128 -> #DIV/0! | Y206: =Person_2!O165 -> #DIV/0!
... J224: 30 | K224: =Person_0!O35 -> #DIV/0! | L224: =Person_0!O72 -> #DIV/0! | M224: =Person_0!O109 -> #DIV/0! | N224: =Person_0!O146 -> #DIV/0! | O224: =Person_0!O183 -> #DIV/0! | P224: =Person_1!O35 -> #DIV/0! | Q224: =Person_1!O72 -> #DIV/0! | R224: =Person_1!O109 -> #DIV/0! | S224: =Person_1!O146 -> #DIV/0! | T224: =Person_1!O183 -> #DIV/0! | U224: =Person_2!O35 -> #DIV/0! | V224: =Person_2!O72 -> #DIV/0! | W224: =Person_2!O109 -> #DIV/0! | X224: =Person_2!O146 -> #DIV/0! | Y224: =Person_2!O183 -> #DIV/0!

Sheet Statistics
H3: Person 1 | N3: Person 2 | T3: Person 3
G4: Task 1 | H4: Task 2 | I4: Task 3 | J4: Task 4 | K4: Task 5 | L4: Task 6 | M4: Task 1 | N4: Task 2 | O4: Task 3 | P4: Task 4 | Q4: Task 5 | R4: Task 6 | S4: Task 1 | T4: Task 2 | U4: Task 3 | V4: Task 4 | W4: Task 5 | X4: Task 6
F5: 0.25 | G5: =Person_0!B6 -> 0.97771712 | H5: =Person_0!C6 -> 0.82111599 | I5: =Person_0!D6 -> 0.64512126 | J5: =Person_0!E6 -> #DIV/0! | K5: =Person_0!F6 -> #DIV/0! | L5: =Person_0!G6 -> #DIV/0! | M5: =Person_1!B6 -> 0.95929409 | N5: =Person_1!C6 -> 0.75243325 | O5: =Person_1!D6 -> 0.5519229 | P5: =Person_1!E6 -> #DIV/0! | Q5: =Person_1!F6 -> #DIV/0! | R5: =Person_1!G6 -> #DIV/0! | S5: =Person_2!B6 -> 0.99247324 | T5: =Person_2!C6 -> 0.89019955 | U5: =Person_2!D6 -> 0.74311312 | V5: =Person_2!E6 -> #DIV/0! | W5: =Person_2!F6 -> #DIV/0! | X5: =Person_2!G6 -> #DIV/0!
F6: 0.5 | G6: =Person_0!B7 -> 0.97733109 | H6: =Person_0!C7 -> 0.8352316 | I6: =Person_0!D7 -> 0.67190365 | J6: =Person_0!E7 -> #DIV/0! | K6: =Person_0!F7 -> #DIV/0! | L6: =Person_0!G7 -> #DIV/0! | M6: =Person_1!B7 -> 0.95869258 | N6: =Person_1!C7 -> 0.76644592 | O6: =Person_1!D7 -> 0.58857374 | P6: =Person_1!E7 -> #DIV/0! | Q6: =Person_1!F7 -> #DIV/0! | R6: =Person_1!G7 -> #DIV/0! | S6: =Person_2!B7 -> 0.99218933 | T6: =Person_2!C7 -> 0.88519347 | U6: =Person_2!D7 -> 0.77256356 | V6: =Person_2!E7 -> #DIV/0! | W6: =Person_2!F7 -> #DIV/0! | X6: =Person_2!G7 -> #DIV/0!
F7: 1 | G7: =Person_0!B8 -> 0.97661224 | H7: =Person_0!C8 -> 0.85786553 | I7: =Person_0!D8 -> 0.67638602 | J7: =Person_0!E8 -> #DIV/0! | K7: =Person_0!F8 -> #DIV/0! | L7: =Person_0!G8 -> #DIV/0! | M7: =Person_1!B8 -> 0.95986443 | N7: =Person_1!C8 -> 0.77173524 | O7: =Person_1!D8 -> 0.57854987 | P7: =Person_1!E8 -> #DIV/0! | Q7: =Person_1!F8 -> #DIV/0! | R7: =Person_1!G8 -> #DIV/0! | S7: =Person_2!B8 -> 0.99147797 | T7: =Person_2!C8 -> 0.91003783 | U7: =Person_2!D8 -> 0.79044994 | V7: =Person_2!E8 -> #DIV/0! | W7: =Person_2!F8 -> #DIV/0! | X7: =Person_2!G8 -> #DIV/0!
F8: 2 | G8: =Person_0!B9 -> 0.97792353 | H8: =Person_0!C9 -> 0.85223348 | I8: =Person_0!D9 -> 0.67936394 | J8: =Person_0!E9 -> #DIV/0! | K8: =Person_0!F9 -> #DIV/0! | L8: =Person_0!G9 -> #DIV/0! | M8: =Person_1!B9 -> 0.9588441 | N8: =Person_1!C9 -> 0.78816491 | O8: =Person_1!D9 -> 0.58254337 | P8: =Person_1!E9 -> #DIV/0! | Q8: =Person_1!F9 -> #DIV/0! | R8: =Person_1!G9 -> #DIV/0! | S8: =Person_2!B9 -> 0.99218617 | T8: =Person_2!C9 -> 0.9280538 | U8: =Person_2!D9 -> 0.80850462 | V8: =Person_2!E9 -> #DIV/0! | W8: =Person_2!F9 -> #DIV/0! | X8: =Person_2!G9 -> #DIV/0!
F9: 3 | G9: =Person_0!B10 -> 0.97710003 | H9: =Person_0!C10 -> 0.85932622 | I9: =Person_0!D10 -> 0.64845604 | J9: =Person_0!E10 -> #DIV/0! | K9: =Person_0!F10 -> #DIV/0! | L9: =Person_0!G10 -> #DIV/0! | M9: =Person_1!B10 -> 0.95895378 | N9: =Person_1!C10 -> 0.79844021 | O9: =Person_1!D10 -> 0.58215571 | P9: =Person_1!E10 -> #DIV/0! | Q9: =Person_1!F10 -> #DIV/0! | R9: =Person_1!G10 -> #DIV/0! | S9: =Person_2!B10 -> 0.99181402 | T9: =Person_2!C10 -> 0.92534981 | U9: =Person_2!D10 -> 0.80719876 | V9: =Person_2!E10 -> #DIV/0! | W9: =Person_2!F10 -> #DIV/0! | X9: =Person_2!G10 -> #DIV/0!
G11: Person 1 | I11: Person 2 | K11: Person 3
G12: Task 2 | H12: Task 3 | I12: Task 2 | J12: Task 3 | K12: Task 2 | L12: Task 3
F13: 0.25 | G13: 0.82111599 | H13: 0.64512126 | I13: 0.75243325 | J13: 0.5519229 | K13: 0.89019955 | L13: 0.74311312
F14: 0.5 | G14: 0.8352316 | H14: 0.67190365 | I14: 0.76644592 | J14: 0.58857374 | K14: 0.88519347 | L14: 0.77256356
F15: 1 | G15: 0.85786553 | H15: 0.67638602 | I15: 0.77173524 | J15: 0.57854987 | K15: 0.91003783 | L15: 0.79044994
F16: 2 | G16: 0.85223348 | H16: 0.67936394 | I16: 0.78816491 | J16: 0.58254337 | K16: 0.9280538 | L16: 0.80850462
F17: 3 | G17: 0.85932622 | H17: 0.64845604 | I17: 0.79844021 | J17: 0.58215571 | K17: 0.92534981 | L17: 0.80719876
