Workbook

Sheet Person_0
K3: k=0.25
S4: 1 | Y4: 2 | AE4: 3 | AK4: 4 | AQ4: 5 | AW4: 6
A5: k | B5: Task 1 | C5: Task 2 | D5: Task 3 | E5: Task 4 | F5: Task 5 | G5: Task 6 | J5: ID | K5: Task 1 | L5: Task 2 | M5: Task 3 | N5: Task 4 | O5: Task 5 | P5: Task 6 | R5: Task 1 | S5: Task 2 | T5: Task 3 | U5: Task 4 | V5: Task 5 | W5: Task 6 | X5: Task 1 | Y5: Task 2 | Z5: Task 3 | AA5: Task 4 | AB5: Task 5 | AC5: Task 6 | AD5: Task 1 | AE5: Task 2 | AF5: Task 3 | AG5: Task 4 | AH5: Task 5 | AI5: Task 6 | AJ5: Task 1 | AK5: Task 2 | AL5: Task 3 | AM5: Task 4 | AN5: Task 5 | AO5: Task 6 | AP5: Task 1 | AQ5: Task 2 | AR5: Task 3 | AS5: Task 4 | AT5: Task 5 | AU5: Task 6 | AV5: Task 1 | AW5: Task 2 | AX5: Task 3 | AY5: Task 4 | AZ5: Task 5 | BA5: Task 6 | BD5: =A6 -> 0.25 | BE5: Task 1 | BF5: Task 2 | BG5: Task 3 | BH5: Task 4 | BI5: Task 5 | BJ5: Task 6
A6: 0.25 | B6: =AVERAGE(K6:K35) -> 0.95913484 | C6: =AVERAGE(L6:L35) -> 0.91040963 | D6: =AVERAGE(M6:M35) -> 0.76581373 | E6: =AVERAGE(N6:N35) -> 0.63133176 | F6: =AVERAGE(O6:O35) -> 0.53794176 | G6: =AVERAGE(P6:P35) -> #DIV/0! | J6: 1 | K6: =AVERAGE(R6,X6,AD6,AJ6,AP6,AV6) -> 0.90639269 | L6: =AVERAGE(S6,Y6,AE6,AK6,AQ6,AW6) -> 0.91206544 | M6: =AVERAGE(T6,Z6,AF6,AL6,AR6,AX6) -> 0.68367347 | N6: =AVERAGE(U6,AA6,AG6,AM6,AS6,AY6) -> 0.68763103 | O6: =AVERAGE(V6,AB6,AH6,AN6,AT6,AZ6) -> 0.62383376 | P6: =AVERAGE(W6,AC6,AI6,AO6,AU6,BA6) -> #DIV/0! | R6: 0.93150685 | S6: 0.88343558 | T6: 0.73061224 | U6: 0.74213836 | V6: 0.6259542 | X6: 0.90410959 | Y6: 0.93251534 | Z6: 0.72244898 | AA6: 0.72327044 | AB6: 0.57506361 | AD6: 0.90410959 | AE6: 0.92638037 | AF6: 0.62857143 | AG6: 0.58805031 | AH6: 0.56997455 | AJ6: 0.89041096 | AK6: 0.88343558 | AL6: 0.64081633 | AM6: 0.63207547 | AN6: 0.67175573 | AP6: 0.93150685 | AQ6: 0.91411043 | AR6: 0.67346939 | AS6: 0.69496855 | AT6: 0.60559796 | AV6: 0.87671233 | AW6: 0.93251534 | AX6: 0.70612245 | AY6: 0.74528302 | AZ6: 0.69465649 | BD6: 1 | BE6: =$R$37 -> 0.96066166 | BF6: =$S$37 -> 0.909311 | BG6: =$T$37 -> 0.75435746 | BH6: =$U$37 -> 0.63331915 | BI6: =$V$37 -> 0.53129771 | BJ6: =$W$37 -> #DIV/0!
A7: 0.5 | B7: =AVERAGE(K43:K72) -> 0.95714522 | C7: =AVERAGE(L43:L72) -> 0.91861624 | D7: =AVERAGE(M43:M72) -> 0.78132419 | E7: =AVERAGE(N43:N72) -> 0.64805988 | F7: =AVERAGE(O43:O72) -> 0.53319197 | G7: =AVERAGE(P43:P72) -> #DIV/0! | J7: 2 | K7: =AVERAGE(R7,X7,AD7,AJ7,AP7,AV7) -> 0.83141762 | L7: =AVERAGE(S7,Y7,AE7,AK7,AQ7,AW7) -> 0.82525253 | M7: =AVERAGE(T7,Z7,AF7,AL7,AR7,AX7) -> 0.83134921 | N7: =AVERAGE(U7,AA7,AG7,AM7,AS7,AY7) -> 0.70715037 | O7: =AVERAGE(V7,AB7,AH7,AN7,AT7,AZ7) -> 0.60687023 | P7: =AVERAGE(W7,AC7,AI7,AO7,AU7,BA7) -> #DIV/0! | R7: 0.81609195 | S7: 0.83030303 | T7: 0.73809524 | U7: 0.64353312 | V7: 0.62340967 | X7: 0.87356322 | Y7: 0.87272727 | Z7: 0.89285714 | AA7: 0.73501577 | AB7: 0.73536896 | AD7: 0.87356322 | AE7: 0.83030303 | AF7: 0.80555556 | AG7: 0.7192429 | AH7: 0.60814249 | AJ7: 0.82758621 | AK7: 0.8 | AL7: 0.8452381 | AM7: 0.62776025 | AN7: 0.55979644 | AP7: 0.74712644 | AQ7: 0.87272727 | AR7: 0.8531746 | AS7: 0.83911672 | AT7: 0.55979644 | AV7: 0.85057471 | AW7: 0.74545455 | AX7: 0.8531746 | AY7: 0.67823344 | AZ7: 0.55470738 | BD7: 2 | BE7: =$X$37 -> 0.95883493 | BF7: =$Y$37 -> 0.92190656 | BG7: =$Z$37 -> 0.77537592 | BH7: =$AA$37 -> 0.62538014 | BI7: =$AB$37 -> 0.53443596 | BJ7: =$AC$37 -> #DIV/0!
A8: 1 | B8: =AVERAGE(K80:K109) -> 0.95770502 | C8: =AVERAGE(L80:L109) -> 0.91745538 | D8: =AVERAGE(M80:M109) -> 0.78630776 | E8: =AVERAGE(N80:N109) -> 0.65379017 | F8: =AVERAGE(O80:O109) -> 0.53970879 | G8: =AVERAGE(P80:P109) -> #DIV/0! | J8: 3 | K8: =AVERAGE(R8,X8,AD8,AJ8,AP8,AV8) -> 0.9875 | L8: =AVERAGE(S8,Y8,AE8,AK8,AQ8,AW8) -> 0.97634409 | M8: =AVERAGE(T8,Z8,AF8,AL8,AR8,AX8) -> 0.89593114 | N8: =AVERAGE(U8,AA8,AG8,AM8,AS8,AY8) -> 0.56105611 | O8: =AVERAGE(V8,AB8,AH8,AN8,AT8,AZ8) -> 0.50932994 | P8: =AVERAGE(W8,AC8,AI8,AO8,AU8,BA8) -> #DIV/0! | R8: 0.9875 | S8: 0.96774194 | T8: 0.92957746 | U8: 0.50165017 | V8: 0.43002545 | X8: 0.9875 | Y8: 0.98064516 | Z8: 0.81220657 | AA8: 0.42574257 | AB8: 0.38422392 | AD8: 0.9875 | AE8: 0.98064516 | AF8: 0.90140845 | AG8: 0.72937294 | AH8: 0.63358779 | AJ8: 0.9875 | AK8: 0.98709677 | AL8: 0.89201878 | AM8: 0.6369637 | AN8: 0.58778626 | AP8: 0.9875 | AQ8: 0.96774194 | AR8: 0.90610329 | AS8: 0.55775578 | AT8: 0.5648855 | AV8: 0.9875 | AW8: 0.97419355 | AX8: 0.9342723 | AY8: 0.51485149 | AZ8: 0.45547074 | BD8: 3 | BE8: =$AD$37 -> 0.9589045 | BF8: =$AE$37 -> 0.91045012 | BG8: =$AF$37 -> 0.76749577 | BH8: =$AG$37 -> 0.61392903 | BI8: =$AH$37 -> 0.52731128 | BJ8: =$AI$37 -> #DIV/0!
A9: 2 | B9: =AVERAGE(K117:K146) -> 0.95651239 | C9: =AVERAGE(L117:L146) -> 0.92162091 | D9: =AVERAGE(M117:M146) -> 0.77953284 | E9: =AVERAGE(N117:N146) -> 0.63142062 | F9: =AVERAGE(O117:O146) -> 0.51210065 | G9: =AVERAGE(P117:P146) -> #DIV/0! | J9: 4 | K9: =AVERAGE(R9,X9,AD9,AJ9,AP9,AV9) -> 0.98684211 | L9: =AVERAGE(S9,Y9,AE9,AK9,AQ9,AW9) -> 0.94008715 | M9: =AVERAGE(T9,Z9,AF9,AL9,AR9,AX9) -> 0.74013605 | N9: =AVERAGE(U9,AA9,AG9,AM9,AS9,AY9) -> 0.50327869 | O9: =AVERAGE(V9,AB9,AH9,AN9,AT9,AZ9) -> 0.50678541 | P9: =AVERAGE(W9,AC9,AI9,AO9,AU9,BA9) -> #DIV/0! | R9: 0.98684211 | S9: 0.95424837 | T9: 0.73061224 | U9: 0.53114754 | V9: 0.57251908 | X9: 0.98684211 | Y9: 0.93464052 | Z9: 0.73877551 | AA9: 0.55737705 | AB9: 0.48600509 | AD9: 0.98684211 | AE9: 0.95424837 | AF9: 0.79183673 | AG9: 0.47213115 | AH9: 0.47582697 | AJ9: 0.98684211 | AK9: 0.96078431 | AL9: 0.77959184 | AM9: 0.38360656 | AN9: 0.46564885 | AP9: 0.98684211 | AQ9: 0.96078431 | AR9: 0.76734694 | AS9: 0.6852459 | AT9: 0.51908397 | AV9: 0.98684211 | AW9: 0.87581699 | AX9: 0.63265306 | AY9: 0.39016393 | AZ9: 0.5216285 | BD9: 4 | BE9: =$AJ$37 -> 0.95919644 | BF9: =$AK$37 -> 0.91025681 | BG9: =$AL$37 -> 0.75650788 | BH9: =$AM$37 -> 0.63390113 | BI9: =$AN$37 -> 0.54775233 | BJ9: =$AO$37 -> #DIV/0!
A10: 3 | B10: =AVERAGE(K154:K183) -> 0.95817956 | C10: =AVERAGE(L154:L183) -> 0.91900857 | D10: =AVERAGE(M154:M183) -> 0.76348459 | E10: =AVERAGE(N154:N183) -> 0.6187973 | F10: =AVERAGE(O154:O183) -> 0.49652248 | G10: =AVERAGE(P154:P183) -> #DIV/0! | J10: 5 | K10: =AVERAGE(R10,X10,AD10,AJ10,AP10,AV10) -> 0.97727273 | L10: =AVERAGE(S10,Y10,AE10,AK10,AQ10,AW10) -> 0.92883895 | M10: =AVERAGE(T10,Z10,AF10,AL10,AR10,AX10) -> 0.75625823 | N10: =AVERAGE(U10,AA10,AG10,AM10,AS10,AY10) -> 0.63403614 | O10: =AVERAGE(V10,AB10,AH10,AN10,AT10,AZ10) -> 0.49406277 | P10: =AVERAGE(W10,AC10,AI10,AO10,AU10,BA10) -> #DIV/0! | R10: 0.97727273 | S10: 0.95505618 | T10: 0.73517787 | U10: 0.67771084 | V10: 0.49109415 | X10: 0.97727273 | Y10: 0.93820225 | Z10: 0.80237154 | AA10: 0.73493976 | AB10: 0.5394402 | AD10: 0.97727273 | AE10: 0.85393258 | AF10: 0.75494071 | AG10: 0.54819277 | AH10: 0.52926209 | AJ10: 0.97727273 | AK10: 0.92134831 | AL10: 0.71146245 | AM10: 0.59939759 | AN10: 0.45038168 | AP10: 0.97727273 | AQ10: 0.95505618 | AR10: 0.7826087 | AS10: 0.72891566 | AT10: 0.44529262 | AV10: 0.97727273 | AW10: 0.9494382 | AX10: 0.75098814 | AY10: 0.51506024 | AZ10: 0.50890585 | BD10: 5 | BE10: =$AP$37 -> 0.95503 | BF10: =$AQ$37 -> 0.91673101 | BG10: =$AR$37 -> 0.77947922 | BH10: =$AS$37 -> 0.65291421 | BI10: =$AT$37 -> 0.53918575 | BJ10: =$AU$37 -> #DIV/0!
J11: 6 | K11: =AVERAGE(R11,X11,AD11,AJ11,AP11,AV11) -> 0.95925926 | L11: =AVERAGE(S11,Y11,AE11,AK11,AQ11,AW11) -> 0.86605317 | M11: =AVERAGE(T11,Z11,AF11,AL11,AR11,AX11) -> 0.79459064 | N11: =AVERAGE(U11,AA11,AG11,AM11,AS11,AY11) -> 0.71342134 | O11: =AVERAGE(V11,AB11,AH11,AN11,AT11,AZ11) -> 0.57675997 | P11: =AVERAGE(W11,AC11,AI11,AO11,AU11,BA11) -> #DIV/0! | R11: 0.96666667 | S11: 0.95092025 | T11: 0.86842105 | U11: 0.74917492 | V11: 0.5394402 | X11: 0.97777778 | Y11: 0.9202454 | Z11: 0.88157895 | AA11: 0.67986799 | AB11: 0.63358779 | AD11: 0.95555556 | AE11: 0.8404908 | AF11: 0.63596491 | AG11: 0.72277228 | AH11: 0.57506361 | AJ11: 0.95555556 | AK11: 0.91411043 | AL11: 0.74122807 | AM11: 0.67326733 | AN11: 0.50381679 | AP11: 0.95555556 | AQ11: 0.93251534 | AR11: 0.87719298 | AS11: 0.68646865 | AT11: 0.5648855 | AV11: 0.94444444 | AW11: 0.63803681 | AX11: 0.76315789 | AY11: 0.7689769 | AZ11: 0.6437659 | BD11: 6 | BE11: =$AV$37 -> 0.96218151 | BF11: =$AW$37 -> 0.89380227 | BG11: =$AX$37 -> 0.7616661 | BH11: =$AY$37 -> 0.62854689 | BI11: =$AZ$37 -> 0.54766751 | BJ11: =$BA$37 -> #DIV/0!
J12: 7 | K12: =AVERAGE(R12,X12,AD12,AJ12,AP12,AV12) -> 0.93958333 | L12: =AVERAGE(S12,Y12,AE12,AK12,AQ12,AW12) -> 0.90952381 | M12: =AVERAGE(T12,Z12,AF12,AL12,AR12,AX12) -> 0.64220183 | N12: =AVERAGE(U12,AA12,AG12,AM12,AS12,AY12) -> 0.69415808 | O12: =AVERAGE(V12,AB12,AH12,AN12,AT12,AZ12) -> 0.71119593 | P12: =AVERAGE(W12,AC12,AI12,AO12,AU12,BA12) -> #DIV/0! | R12: 0.925 | S12: 0.92142857 | T12: 0.55045872 | U12: 0.67697595 | V12: 0.7480916 | X12: 0.95 | Y12: 0.9 | Z12: 0.60550459 | AA12: 0.61512027 | AB12: 0.62340967 | AD12: 0.9375 | AE12: 0.88571429 | AF12: 0.6146789 | AG12: 0.69415808 | AH12: 0.66412214 | AJ12: 0.9625 | AK12: 0.92857143 | AL12: 0.68348624 | AM12: 0.6838488 | AN12: 0.70992366 | AP12: 0.925 | AQ12: 0.93571429 | AR12: 0.75688073 | AS12: 0.76632302 | AT12: 0.76081425 | AV12: 0.9375 | AW12: 0.88571429 | AX12: 0.64220183 | AY12: 0.72852234 | AZ12: 0.76081425
J13: 8 | K13: =AVERAGE(R13,X13,AD13,AJ13,AP13,AV13) -> 0.93859649 | L13: =AVERAGE(S13,Y13,AE13,AK13,AQ13,AW13) -> 0.89301802 | M13: =AVERAGE(T13,Z13,AF13,AL13,AR13,AX13) -> 0.74035813 | N13: =AVERAGE(U13,AA13,AG13,AM13,AS13,AY13) -> 0.43492063 | O13: =AVERAGE(V13,AB13,AH13,AN13,AT13,AZ13) -> 0.43723494 | P13: =AVERAGE(W13,AC13,AI13,AO13,AU13,BA13) -> #DIV/0! | R13: 0.94736842 | S13: 0.85810811 | T13: 0.72727273 | U13: 0.38730159 | V13: 0.27735369 | X13: 0.94736842 | Y13: 0.91216216 | Z13: 0.79338843 | AA13: 0.48571429 | AB13: 0.52417303 | AD13: 0.92105263 | AE13: 0.93243243 | AF13: 0.83884298 | AG13: 0.47619048 | AH13: 0.44529262 | AJ13: 0.97368421 | AK13: 0.89189189 | AL13: 0.71900826 | AM13: 0.48888889 | AN13: 0.5394402 | AP13: 0.92105263 | AQ13: 0.89864865 | AR13: 0.69008264 | AS13: 0.30793651 | AT13: 0.41475827 | AV13: 0.92105263 | AW13: 0.86486486 | AX13: 0.67355372 | AY13: 0.46349206 | AZ13: 0.42239186 | BD13: =A7 -> 0.5 | BE13: Task 1 | BF13: Task 2 | BG13: Task 3 | BH13: Task 4 | BI13: Task 5 | BJ13: Task 6
J14: 9 | K14: =AVERAGE(R14,X14,AD14,AJ14,AP14,AV14) -> 0.98717949 | L14: =AVERAGE(S14,Y14,AE14,AK14,AQ14,AW14) -> 0.94111776 | M14: =AVERAGE(T14,Z14,AF14,AL14,AR14,AX14) -> 0.75069444 | N14: =AVERAGE(U14,AA14,AG14,AM14,AS14,AY14) -> 0.58142077 | O14: =AVERAGE(V14,AB14,AH14,AN14,AT14,AZ14) -> 0.51950806 | P14: =AVERAGE(W14,AC14,AI14,AO14,AU14,BA14) -> #DIV/0! | R14: 0.98717949 | S14: 0.95209581 | T14: 0.725 | U14: 0.59344262 | V14: 0.48600509 | X14: 0.98717949 | Y14: 0.90419162 | Z14: 0.72083333 | AA14: 0.6 | AB14: 0.50890585 | AD14: 0.98717949 | AE14: 0.94610778 | AF14: 0.7875 | AG14: 0.4852459 | AH14: 0.4783715 | AJ14: 0.98717949 | AK14: 0.96407186 | AL14: 0.75 | AM14: 0.69508197 | AN14: 0.56234097 | AP14: 0.98717949 | AQ14: 0.95209581 | AR14: 0.7875 | AS14: 0.62622951 | AT14: 0.51908397 | AV14: 0.98717949 | AW14: 0.92814371 | AX14: 0.73333333 | AY14: 0.48852459 | AZ14: 0.56234097 | BD14: 1 | BE14: =$R$74 -> 0.9587168 | BF14: =$S$74 -> 0.91348598 | BG14: =$T$74 -> 0.78870511 | BH14: =$U$74 -> 0.65470087 | BI14: =$V$74 -> 0.52400339 | BJ14: =$W$74 -> #DIV/0!
J15: 10 | K15: =AVERAGE(R15,X15,AD15,AJ15,AP15,AV15) -> 0.98684211 | L15: =AVERAGE(S15,Y15,AE15,AK15,AQ15,AW15) -> 0.95522388 | M15: =AVERAGE(T15,Z15,AF15,AL15,AR15,AX15) -> 0.81067251 | N15: =AVERAGE(U15,AA15,AG15,AM15,AS15,AY15) -> 0.65079365 | O15: =AVERAGE(V15,AB15,AH15,AN15,AT15,AZ15) -> 0.46819338 | P15: =AVERAGE(W15,AC15,AI15,AO15,AU15,BA15) -> #DIV/0! | R15: 0.98684211 | S15: 0.95522388 | T15: 0.8377193 | U15: 0.63492063 | V15: 0.52417303 | X15: 0.98684211 | Y15: 0.96268657 | Z15: 0.74122807 | AA15: 0.70793651 | AB15: 0.4605598 | AD15: 0.98684211 | AE15: 0.96268657 | AF15: 0.80263158 | AG15: 0.62539683 | AH15: 0.43765903 | AJ15: 0.98684211 | AK15: 0.96268657 | AL15: 0.80263158 | AM15: 0.69206349 | AN15: 0.51653944 | AP15: 0.98684211 | AQ15: 0.94029851 | AR15: 0.82894737 | AS15: 0.61587302 | AT15: 0.38167939 | AV15: 0.98684211 | AW15: 0.94776119 | AX15: 0.85087719 | AY15: 0.62857143 | AZ15: 0.48854962 | BD15: 2 | BE15: =$X$74 -> 0.95890558 | BF15: =$Y$74 -> 0.9205368 | BG15: =$Z$74 -> 0.770656 | BH15: =$AA$74 -> 0.64390258 | BI15: =$AB$74 -> 0.52917727 | BJ15: =$AC$74 -> #DIV/0!
J16: 11 | K16: =AVERAGE(R16,X16,AD16,AJ16,AP16,AV16) -> 0.89726027 | L16: =AVERAGE(S16,Y16,AE16,AK16,AQ16,AW16) -> 0.89845475 | M16: =AVERAGE(T16,Z16,AF16,AL16,AR16,AX16) -> 0.79355281 | N16: =AVERAGE(U16,AA16,AG16,AM16,AS16,AY16) -> 0.66226623 | O16: =AVERAGE(V16,AB16,AH16,AN16,AT16,AZ16) -> 0.56743003 | P16: =AVERAGE(W16,AC16,AI16,AO16,AU16,BA16) -> #DIV/0! | R16: 0.91780822 | S16: 0.9205298 | T16: 0.76954733 | U16: 0.68646865 | V16: 0.51145038 | X16: 0.84931507 | Y16: 0.83443709 | Z16: 0.74897119 | AA16: 0.66336634 | AB16: 0.50381679 | AD16: 0.89041096 | AE16: 0.91390728 | AF16: 0.83950617 | AG16: 0.63036304 | AH16: 0.59033079 | AJ16: 0.90410959 | AK16: 0.92715232 | AL16: 0.79012346 | AM16: 0.64686469 | AN16: 0.61832061 | AP16: 0.89041096 | AQ16: 0.90728477 | AR16: 0.79012346 | AS16: 0.69966997 | AT16: 0.68956743 | AV16: 0.93150685 | AW16: 0.88741722 | AX16: 0.82304527 | AY16: 0.64686469 | AZ16: 0.49109415 | BD16: 3 | BE16: =$AD$74 -> 0.95654643 | BF16: =$AE$74 -> 0.92310344 | BG16: =$AF$74 -> 0.77916575 | BH16: =$AG$74 -> 0.64962732 | BI16: =$AH$74 -> 0.53061917 | BJ16: =$AI$74 -> #DIV/0!
J17: 12 | K17: =AVERAGE(R17,X17,AD17,AJ17,AP17,AV17) -> 0.98907104 | L17: =AVERAGE(S17,Y17,AE17,AK17,AQ17,AW17) -> 0.84191176 | M17: =AVERAGE(T17,Z17,AF17,AL17,AR17,AX17) -> 0.79559748 | N17: =AVERAGE(U17,AA17,AG17,AM17,AS17,AY17) -> 0.75328947 | O17: =AVERAGE(V17,AB17,AH17,AN17,AT17,AZ17) -> 0.68871925 | P17: =AVERAGE(W17,AC17,AI17,AO17,AU17,BA17) -> #DIV/0! | R17: 1 | S17: 0.77941176 | T17: 0.82075472 | U17: 0.75 | V17: 0.65394402 | X17: 0.98360656 | Y17: 0.85294118 | Z17: 0.78773585 | AA17: 0.68421053 | AB17: 0.5648855 | AD17: 0.98360656 | AE17: 0.81617647 | AF17: 0.76415094 | AG17: 0.81578947 | AH17: 0.7302799 | AJ17: 0.98360656 | AK17: 0.88235294 | AL17: 0.80660377 | AM17: 0.74342105 | AN17: 0.69211196 | AP17: 0.98360656 | AQ17: 0.86764706 | AR17: 0.79716981 | AS17: 0.73684211 | AT17: 0.75318066 | AV17: 1 | AW17: 0.85294118 | AX17: 0.79716981 | AY17: 0.78947368 | AZ17: 0.73791349 | BD17: 4 | BE17: =$AJ$74 -> 0.95511406 | BF17: =$AK$74 -> 0.91818809 | BG17: =$AL$74 -> 0.79223283 | BH17: =$AM$74 -> 0.63869411 | BI17: =$AN$74 -> 0.54215437 | BJ17: =$AO$74 -> #DIV/0!
J18: 13 | K18: =AVERAGE(R18,X18,AD18,AJ18,AP18,AV18) -> 0.94078947 | L18: =AVERAGE(S18,Y18,AE18,AK18,AQ18,AW18) -> 0.84926471 | M18: =AVERAGE(T18,Z18,AF18,AL18,AR18,AX18) -> 0.74778761 | N18: =AVERAGE(U18,AA18,AG18,AM18,AS18,AY18) -> 0.61521972 | O18: =AVERAGE(V18,AB18,AH18,AN18,AT18,AZ18) -> 0.50254453 | P18: =AVERAGE(W18,AC18,AI18,AO18,AU18,BA18) -> #DIV/0! | R18: 0.94736842 | S18: 0.83823529 | T18: 0.78761062 | U18: 0.66881029 | V18: 0.55725191 | X18: 0.96052632 | Y18: 0.81617647 | Z18: 0.73451327 | AA18: 0.47266881 | AB18: 0.4783715 | AD18: 0.94736842 | AE18: 0.78676471 | AF18: 0.69469027 | AG18: 0.57877814 | AH18: 0.4173028 | AJ18: 0.93421053 | AK18: 0.89705882 | AL18: 0.73451327 | AM18: 0.65916399 | AN18: 0.51908397 | AP18: 0.94736842 | AQ18: 0.88970588 | AR18: 0.75663717 | AS18: 0.7170418 | AT18: 0.53435115 | AV18: 0.90789474 | AW18: 0.86764706 | AX18: 0.77876106 | AY18: 0.59485531 | AZ18: 0.50890585 | BD18: 5 | BE18: =$AP$74 -> 0.9589093 | BF18: =$AQ$74 -> 0.92062392 | BG18: =$AR$74 -> 0.77658046 | BH18: =$AS$74 -> 0.65431158 | BI18: =$AT$74 -> 0.53282443 | BJ18: =$AU$74 -> #DIV/0!
J19: 14 | K19: =AVERAGE(R19,X19,AD19,AJ19,AP19,AV19) -> 0.98863636 | L19: =AVERAGE(S19,Y19,AE19,AK19,AQ19,AW19) -> 0.95098039 | M19: =AVERAGE(T19,Z19,AF19,AL19,AR19,AX19) -> 0.76118326 | N19: =AVERAGE(U19,AA19,AG19,AM19,AS19,AY19) -> 0.64485981 | O19: =AVERAGE(V19,AB19,AH19,AN19,AT19,AZ19) -> 0.57294317 | P19: =AVERAGE(W19,AC19,AI19,AO19,AU19,BA19) -> #DIV/0! | R19: 1 | S19: 0.95294118 | T19: 0.77056277 | U19: 0.72274143 | V19: 0.46310433 | X19: 0.97727273 | Y19: 0.94705882 | Z19: 0.74891775 | AA19: 0.46417445 | AB19: 0.50636132 | AD19: 0.98863636 | AE19: 0.93529412 | AF19: 0.81385281 | AG19: 0.74454829 | AH19: 0.73536896 | AJ19: 0.98863636 | AK19: 0.96470588 | AL19: 0.68398268 | AM19: 0.65420561 | AN19: 0.49363868 | AP19: 0.97727273 | AQ19: 0.93529412 | AR19: 0.77922078 | AS19: 0.62928349 | AT19: 0.6259542 | AV19: 1 | AW19: 0.97058824 | AX19: 0.77056277 | AY19: 0.65420561 | AZ19: 0.61323155 | BD19: 6 | BE19: =$AV$74 -> 0.95467915 | BF19: =$AW$74 -> 0.91575922 | BG19: =$AX$74 -> 0.78060497 | BH19: =$AY$74 -> 0.6471228 | BI19: =$AZ$74 -> 0.5403732 | BJ19: =$BA$74 -> #DIV/0!
J20: 15 | K20: =AVERAGE(R20,X20,AD20,AJ20,AP20,AV20) -> 0.98039216 | L20: =AVERAGE(S20,Y20,AE20,AK20,AQ20,AW20) -> 0.88229755 | M20: =AVERAGE(T20,Z20,AF20,AL20,AR20,AX20) -> 0.73933333 | N20: =AVERAGE(U20,AA20,AG20,AM20,AS20,AY20) -> 0.58941799 | O20: =AVERAGE(V20,AB20,AH20,AN20,AT20,AZ20) -> 0.49321459 | P20: =AVERAGE(W20,AC20,AI20,AO20,AU20,BA20) -> #DIV/0! | R20: 0.98039216 | S20: 0.88700565 | T20: 0.76 | U20: 0.66984127 | V20: 0.53689567 | X20: 0.98039216 | Y20: 0.93220339 | Z20: 0.744 | AA20: 0.64126984 | AB20: 0.51399491 | AD20: 0.98039216 | AE20: 0.88135593 | AF20: 0.724 | AG20: 0.46984127 | AH20: 0.39949109 | AJ20: 0.98039216 | AK20: 0.88135593 | AL20: 0.804 | AM20: 0.66666667 | AN20: 0.54452926 | AP20: 0.98039216 | AQ20: 0.82485876 | AR20: 0.652 | AS20: 0.46666667 | AT20: 0.4173028 | AV20: 0.98039216 | AW20: 0.88700565 | AX20: 0.752 | AY20: 0.62222222 | AZ20: 0.54707379
J21: 16 | K21: =AVERAGE(R21,X21,AD21,AJ21,AP21,AV21) -> 0.98666667 | L21: =AVERAGE(S21,Y21,AE21,AK21,AQ21,AW21) -> 0.97904192 | M21: =AVERAGE(T21,Z21,AF21,AL21,AR21,AX21) -> 0.83847283 | N21: =AVERAGE(U21,AA21,AG21,AM21,AS21,AY21) -> 0.67665615 | O21: =AVERAGE(V21,AB21,AH21,AN21,AT21,AZ21) -> 0.55343511 | P21: =AVERAGE(W21,AC21,AI21,AO21,AU21,BA21) -> #DIV/0! | R21: 0.98666667 | S21: 0.9760479 | T21: 0.84140969 | U21: 0.66876972 | V21: 0.5394402 | X21: 0.98666667 | Y21: 0.98203593 | Z21: 0.92951542 | AA21: 0.75078864 | AB21: 0.53435115 | AD21: 0.98666667 | AE21: 0.98203593 | AF21: 0.76211454 | AG21: 0.6466877 | AH21: 0.57251908 | AJ21: 0.98666667 | AK21: 0.9760479 | AL21: 0.85462555 | AM21: 0.8170347 | AN21: 0.65648855 | AP21: 0.98666667 | AQ21: 0.9760479 | AR21: 0.8061674 | AS21: 0.50473186 | AT21: 0.43256997 | AV21: 0.98666667 | AW21: 0.98203593 | AX21: 0.83700441 | AY21: 0.67192429 | AZ21: 0.58524173 | BD21: =A8 -> 1 | BE21: Task 1 | BF21: Task 2 | BG21: Task 3 | BH21: Task 4 | BI21: Task 5 | BJ21: Task 6
J22: 17 | K22: =AVERAGE(R22,X22,AD22,AJ22,AP22,AV22) -> 0.98666667 | L22: =AVERAGE(S22,Y22,AE22,AK22,AQ22,AW22) -> 0.95432099 | M22: =AVERAGE(T22,Z22,AF22,AL22,AR22,AX22) -> 0.84044234 | N22: =AVERAGE(U22,AA22,AG22,AM22,AS22,AY22) -> 0.67766777 | O22: =AVERAGE(V22,AB22,AH22,AN22,AT22,AZ22) -> 0.58948261 | P22: =AVERAGE(W22,AC22,AI22,AO22,AU22,BA22) -> #DIV/0! | R22: 0.98666667 | S22: 0.95555556 | T22: 0.84834123 | U22: 0.63366337 | V22: 0.65648855 | X22: 0.98666667 | Y22: 0.94814815 | Z22: 0.82938389 | AA22: 0.61386139 | AB22: 0.52926209 | AD22: 0.98666667 | AE22: 0.96296296 | AF22: 0.87677725 | AG22: 0.7359736 | AH22: 0.58778626 | AJ22: 0.98666667 | AK22: 0.96296296 | AL22: 0.81042654 | AM22: 0.65016502 | AN22: 0.60305344 | AP22: 0.98666667 | AQ22: 0.97037037 | AR22: 0.92417062 | AS22: 0.68976898 | AT22: 0.63867684 | AV22: 0.98666667 | AW22: 0.92592593 | AX22: 0.7535545 | AY22: 0.74257426 | AZ22: 0.5216285 | BD22: 1 | BE22: =$R$111 -> 0.96047629 | BF22: =$S$111 -> 0.91949299 | BG22: =$T$111 -> 0.77784978 | BH22: =$U$111 -> 0.64644003 | BI22: =$V$111 -> 0.54334182 | BJ22: =$W$111 -> #DIV/0!
J23: 18 | K23: =AVERAGE(R23,X23,AD23,AJ23,AP23,AV23) -> 0.97988506 | L23: =AVERAGE(S23,Y23,AE23,AK23,AQ23,AW23) -> 0.92808219 | M23: =AVERAGE(T23,Z23,AF23,AL23,AR23,AX23) -> 0.81674208 | N23: =AVERAGE(U23,AA23,AG23,AM23,AS23,AY23) -> 0.78403001 | O23: =AVERAGE(V23,AB23,AH23,AN23,AT23,AZ23) -> 0.65224767 | P23: =AVERAGE(W23,AC23,AI23,AO23,AU23,BA23) -> #DIV/0! | R23: 0.98275862 | S23: 0.95205479 | T23: 0.82352941 | U23: 0.78456592 | V23: 0.59287532 | X23: 0.98275862 | Y23: 0.96575342 | Z23: 0.83257919 | AA23: 0.80064309 | AB23: 0.72773537 | AD23: 0.98275862 | AE23: 0.92465753 | AF23: 0.85067873 | AG23: 0.77813505 | AH23: 0.63613232 | AJ23: 0.96551724 | AK23: 0.89726027 | AL23: 0.76923077 | AM23: 0.73633441 | AN23: 0.67175573 | AP23: 0.98275862 | AQ23: 0.95205479 | AR23: 0.89140271 | AS23: 0.83279743 | AT23: 0.68956743 | AV23: 0.98275862 | AW23: 0.87671233 | AX23: 0.73303167 | AY23: 0.77170418 | AZ23: 0.59541985 | BD23: 2 | BE23: =$X$111 -> 0.95482694 | BF23: =$Y$111 -> 0.9179397 | BG23: =$Z$111 -> 0.81057155 | BH23: =$AA$111 -> 0.66072235 | BI23: =$AB$111 -> 0.55657337 | BJ23: =$AC$111 -> #DIV/0!
J24: 19 | K24: =AVERAGE(R24,X24,AD24,AJ24,AP24,AV24) -> 0.98666667 | L24: =AVERAGE(S24,Y24,AE24,AK24,AQ24,AW24) -> 0.84 | M24: =AVERAGE(T24,Z24,AF24,AL24,AR24,AX24) -> 0.82011747 | N24: =AVERAGE(U24,AA24,AG24,AM24,AS24,AY24) -> 0.65846995 | O24: =AVERAGE(V24,AB24,AH24,AN24,AT24,AZ24) -> 0.53095844 | P24: =AVERAGE(W24,AC24,AI24,AO24,AU24,BA24) -> #DIV/0! | R24: 0.98666667 | S24: 0.73333333 | T24: 0.74449339 | U24: 0.69836066 | V24: 0.5394402 | X24: 0.98666667 | Y24: 0.92666667 | Z24: 0.89427313 | AA24: 0.67868852 | AB24: 0.61323155 | AD24: 0.98666667 | AE24: 0.83333333 | AF24: 0.81057269 | AG24: 0.58360656 | AH24: 0.43765903 | AJ24: 0.98666667 | AK24: 0.78666667 | AL24: 0.75770925 | AM24: 0.5704918 | AN24: 0.45292621 | AP24: 0.98666667 | AQ24: 0.94666667 | AR24: 0.88986784 | AS24: 0.71803279 | AT24: 0.60305344 | AV24: 0.98666667 | AW24: 0.81333333 | AX24: 0.82378855 | AY24: 0.70163934 | AZ24: 0.5394402 | BD24: 3 | BE24: =$AD$111 -> 0.95666172 | BF24: =$AE$111 -> 0.91658132 | BG24: =$AF$111 -> 0.7896671 | BH24: =$AG$111 -> 0.64442422 | BI24: =$AH$111 -> 0.542324 | BJ24: =$AI$111 -> #DIV/0!
J25: 20 | K25: =AVERAGE(R25,X25,AD25,AJ25,AP25,AV25) -> 0.97179487 | L25: =AVERAGE(S25,Y25,AE25,AK25,AQ25,AW25) -> 0.96815287 | M25: =AVERAGE(T25,Z25,AF25,AL25,AR25,AX25) -> 0.8211731 | N25: =AVERAGE(U25,AA25,AG25,AM25,AS25,AY25) -> 0.70833333 | O25: =AVERAGE(V25,AB25,AH25,AN25,AT25,AZ25) -> 0.62425785 | P25: =AVERAGE(W25,AC25,AI25,AO25,AU25,BA25) -> #DIV/0! | R25: 0.95384615 | S25: 0.96178344 | T25: 0.60515021 | U25: 0.68125 | V25: 0.57760814 | X25: 0.98461538 | Y25: 0.98089172 | Z25: 0.84978541 | AA25: 0.653125 | AB25: 0.5648855 | AD25: 0.98461538 | AE25: 0.94267516 | AF25: 0.86695279 | AG25: 0.690625 | AH25: 0.61323155 | AJ25: 0.98461538 | AK25: 0.96815287 | AL25: 0.84549356 | AM25: 0.740625 | AN25: 0.5216285 | AP25: 0.93846154 | AQ25: 0.97452229 | AR25: 0.84549356 | AS25: 0.759375 | AT25: 0.72519084 | AV25: 0.98461538 | AW25: 0.98089172 | AX25: 0.91416309 | AY25: 0.725 | AZ25: 0.74300254 | BD25: 4 | BE25: =$AJ$111 -> 0.95975313 | BF25: =$AK$111 -> 0.91919535 | BG25: =$AL$111 -> 0.78976268 | BH25: =$AM$111 -> 0.66577576 | BI25: =$AN$111 -> 0.55055131 | BJ25: =$AO$111 -> #DIV/0!
J26: 21 | K26: =AVERAGE(R26,X26,AD26,AJ26,AP26,AV26) -> 0.98461538 | L26: =AVERAGE(S26,Y26,AE26,AK26,AQ26,AW26) -> 0.92907801 | M26: =AVERAGE(T26,Z26,AF26,AL26,AR26,AX26) -> 0.71205008 | N26: =AVERAGE(U26,AA26,AG26,AM26,AS26,AY26) -> 0.56338798 | O26: =AVERAGE(V26,AB26,AH26,AN26,AT26,AZ26) -> 0.45547074 | P26: =AVERAGE(W26,AC26,AI26,AO26,AU26,BA26) -> #DIV/0! | R26: 0.98461538 | S26: 0.89361702 | T26: 0.5915493 | U26: 0.53114754 | V26: 0.48346056 | X26: 0.98461538 | Y26: 0.95744681 | Z26: 0.62910798 | AA26: 0.63278689 | AB26: 0.46310433 | AD26: 0.98461538 | AE26: 0.94326241 | AF26: 0.83098592 | AG26: 0.51147541 | AH26: 0.44783715 | AJ26: 0.98461538 | AK26: 0.93617021 | AL26: 0.77934272 | AM26: 0.52786885 | AN26: 0.40458015 | AP26: 0.98461538 | AQ26: 0.90070922 | AR26: 0.76995305 | AS26: 0.6295082 | AT26: 0.48346056 | AV26: 0.98461538 | AW26: 0.94326241 | AX26: 0.6713615 | AY26: 0.54754098 | AZ26: 0.45038168 | BD26: 5 | BE26: =$AP$111 -> 0.95909027 | BF26: =$AQ$111 -> 0.9209209 | BG26: =$AR$111 -> 0.77587876 | BH26: =$AS$111 -> 0.66447639 | BI26: =$AT$111 -> 0.5216285 | BJ26: =$AU$111 -> #DIV/0!
J27: 22 | K27: =AVERAGE(R27,X27,AD27,AJ27,AP27,AV27) -> 0.93506494 | L27: =AVERAGE(S27,Y27,AE27,AK27,AQ27,AW27) -> 0.89444444 | M27: =AVERAGE(T27,Z27,AF27,AL27,AR27,AX27) -> 0.69005848 | N27: =AVERAGE(U27,AA27,AG27,AM27,AS27,AY27) -> 0.58085809 | O27: =AVERAGE(V27,AB27,AH27,AN27,AT27,AZ27) -> 0.4495335 | P27: =AVERAGE(W27,AC27,AI27,AO27,AU27,BA27) -> #DIV/0! | R27: 0.94805195 | S27: 0.88666667 | T27: 0.74561404 | U27: 0.55115512 | V27: 0.4605598 | X27: 0.94805195 | Y27: 0.9 | Z27: 0.79385965 | AA27: 0.62046205 | AB27: 0.51399491 | AD27: 0.93506494 | AE27: 0.88 | AF27: 0.68421053 | AG27: 0.59735974 | AH27: 0.38931298 | AJ27: 0.90909091 | AK27: 0.87333333 | AL27: 0.61403509 | AM27: 0.54785479 | AN27: 0.44529262 | AP27: 0.92207792 | AQ27: 0.91333333 | AR27: 0.65789474 | AS27: 0.669967 | AT27: 0.46819338 | AV27: 0.94805195 | AW27: 0.91333333 | AX27: 0.64473684 | AY27: 0.49834983 | AZ27: 0.41984733 | BD27: 6 | BE27: =$AV$111 -> 0.95542179 | BF27: =$AW$111 -> 0.910602 | BG27: =$AX$111 -> 0.77411669 | BH27: =$AY$111 -> 0.64090226 | BI27: =$AZ$111 -> 0.52383376 | BJ27: =$BA$111 -> #DIV/0!
J28: 23 | K28: =AVERAGE(R28,X28,AD28,AJ28,AP28,AV28) -> 0.92857143 | L28: =AVERAGE(S28,Y28,AE28,AK28,AQ28,AW28) -> 0.92504931 | M28: =AVERAGE(T28,Z28,AF28,AL28,AR28,AX28) -> 0.70661157 | N28: =AVERAGE(U28,AA28,AG28,AM28,AS28,AY28) -> 0.54942166 | O28: =AVERAGE(V28,AB28,AH28,AN28,AT28,AZ28) -> 0.40712468 | P28: =AVERAGE(W28,AC28,AI28,AO28,AU28,BA28) -> #DIV/0! | R28: 0.92207792 | S28: 0.93491124 | T28: 0.65289256 | U28: 0.58044164 | V28: 0.42239186 | X28: 0.90909091 | Y28: 0.92307692 | Z28: 0.78099174 | AA28: 0.51735016 | AB28: 0.40458015 | AD28: 0.93506494 | AE28: 0.92899408 | AF28: 0.60743802 | AG28: 0.55520505 | AH28: 0.39185751 | AJ28: 0.93506494 | AK28: 0.92307692 | AL28: 0.76033058 | AM28: 0.58359621 | AN28: 0.39440204 | AP28: 0.92207792 | AQ28: 0.92307692 | AR28: 0.70247934 | AS28: 0.57728707 | AT28: 0.40966921 | AV28: 0.94805195 | AW28: 0.91715976 | AX28: 0.73553719 | AY28: 0.48264984 | AZ28: 0.41984733
J29: 24 | K29: =AVERAGE(R29,X29,AD29,AJ29,AP29,AV29) -> 0.94736842 | L29: =AVERAGE(S29,Y29,AE29,AK29,AQ29,AW29) -> 0.82719836 | M29: =AVERAGE(T29,Z29,AF29,AL29,AR29,AX29) -> 0.6108631 | N29: =AVERAGE(U29,AA29,AG29,AM29,AS29,AY29) -> 0.55115512 | O29: =AVERAGE(V29,AB29,AH29,AN29,AT29,AZ29) -> 0.51399491 | P29: =AVERAGE(W29,AC29,AI29,AO29,AU29,BA29) -> #DIV/0! | R29: 0.94736842 | S29: 0.84662577 | T29: 0.64732143 | U29: 0.62376238 | V29: 0.5826972 | X29: 0.96052632 | Y29: 0.88957055 | Z29: 0.58928571 | AA29: 0.5709571 | AB29: 0.48854962 | AD29: 0.94736842 | AE29: 0.8404908 | AF29: 0.62946429 | AG29: 0.56435644 | AH29: 0.52671756 | AJ29: 0.94736842 | AK29: 0.79754601 | AL29: 0.61160714 | AM29: 0.49834983 | AN29: 0.6437659 | AP29: 0.93421053 | AQ29: 0.80981595 | AR29: 0.60714286 | AS29: 0.53135314 | AT29: 0.43256997 | AV29: 0.94736842 | AW29: 0.7791411 | AX29: 0.58035714 | AY29: 0.51815182 | AZ29: 0.40966921 | BD29: =A9 -> 2 | BE29: Task 1 | BF29: Task 2 | BG29: Task 3 | BH29: Task 4 | BI29: Task 5 | BJ29: Task 6
J30: 25 | K30: =AVERAGE(R30,X30,AD30,AJ30,AP30,AV30) -> 0.98888889 | L30: =AVERAGE(S30,Y30,AE30,AK30,AQ30,AW30) -> 0.93046358 | M30: =AVERAGE(T30,Z30,AF30,AL30,AR30,AX30) -> 0.73726346 | N30: =AVERAGE(U30,AA30,AG30,AM30,AS30,AY30) -> 0.65963203 | O30: =AVERAGE(V30,AB30,AH30,AN30,AT30,AZ30) -> 0.52332485 | P30: =AVERAGE(W30,AC30,AI30,AO30,AU30,BA30) -> #DIV/0! | R30: 0.98888889 | S30: 0.96688742 | T30: 0.70305677 | U30: 0.61038961 | V30: 0.52417303 | X30: 0.98888889 | Y30: 0.97350993 | Z30: 0.71179039 | AA30: 0.6038961 | AB30: 0.51399491 | AD30: 0.98888889 | AE30: 0.97350993 | AF30: 0.68995633 | AG30: 0.58766234 | AH30: 0.47328244 | AJ30: 0.98888889 | AK30: 0.79470199 | AL30: 0.69432314 | AM30: 0.64935065 | AN30: 0.43765903 | AP30: 0.98888889 | AQ30: 0.89403974 | AR30: 0.77292576 | AS30: 0.76948052 | AT30: 0.59033079 | AV30: 0.98888889 | AW30: 0.98013245 | AX30: 0.85152838 | AY30: 0.73701299 | AZ30: 0.60050891 | BD30: 1 | BE30: =$R$148 -> 0.9585684 | BF30: =$S$148 -> 0.91989745 | BG30: =$T$148 -> 0.79390208 | BH30: =$U$148 -> 0.64237473 | BI30: =$V$148 -> 0.51094148 | BJ30: =$W$148 -> #DIV/0!
J31: 26 | K31: =AVERAGE(R31,X31,AD31,AJ31,AP31,AV31) -> 0.98333333 | L31: =AVERAGE(S31,Y31,AE31,AK31,AQ31,AW31) -> 0.9702381 | M31: =AVERAGE(T31,Z31,AF31,AL31,AR31,AX31) -> 0.8 | N31: =AVERAGE(U31,AA31,AG31,AM31,AS31,AY31) -> 0.52539683 | O31: =AVERAGE(V31,AB31,AH31,AN31,AT31,AZ31) -> 0.40924512 | P31: =AVERAGE(W31,AC31,AI31,AO31,AU31,BA31) -> #DIV/0! | R31: 0.975 | S31: 0.97619048 | T31: 0.82083333 | U31: 0.48253968 | V31: 0.45801527 | X31: 0.975 | Y31: 0.9702381 | Z31: 0.8125 | AA31: 0.56190476 | AB31: 0.36132316 | AD31: 0.9875 | AE31: 0.94642857 | AF31: 0.84166667 | AG31: 0.46349206 | AH31: 0.38931298 | AJ31: 0.975 | AK31: 0.97619048 | AL31: 0.63333333 | AM31: 0.46984127 | AN31: 0.46310433 | AP31: 0.9875 | AQ31: 0.98214286 | AR31: 0.8125 | AS31: 0.56190476 | AT31: 0.37150127 | AV31: 1 | AW31: 0.9702381 | AX31: 0.87916667 | AY31: 0.61269841 | AZ31: 0.41221374 | BD31: 2 | BE31: =$X$148 -> 0.95382731 | BF31: =$Y$148 -> 0.92913812 | BG31: =$Z$148 -> 0.77207627 | BH31: =$AA$148 -> 0.63866071 | BI31: =$AB$148 -> 0.54537744 | BJ31: =$AC$148 -> #DIV/0!
J32: 27 | K32: =AVERAGE(R32,X32,AD32,AJ32,AP32,AV32) -> 0.98684211 | L32: =AVERAGE(S32,Y32,AE32,AK32,AQ32,AW32) -> 0.95364238 | M32: =AVERAGE(T32,Z32,AF32,AL32,AR32,AX32) -> 0.74435028 | N32: =AVERAGE(U32,AA32,AG32,AM32,AS32,AY32) -> 0.62116402 | O32: =AVERAGE(V32,AB32,AH32,AN32,AT32,AZ32) -> 0.47582697 | P32: =AVERAGE(W32,AC32,AI32,AO32,AU32,BA32) -> #DIV/0! | R32: 0.98684211 | S32: 0.97350993 | T32: 0.80084746 | U32: 0.62539683 | V32: 0.50381679 | X32: 0.98684211 | Y32: 0.95364238 | Z32: 0.75423729 | AA32: 0.67936508 | AB32: 0.50127226 | AD32: 0.98684211 | AE32: 0.9602649 | AF32: 0.81779661 | AG32: 0.51111111 | AH32: 0.45547074 | AJ32: 0.98684211 | AK32: 0.93377483 | AL32: 0.68644068 | AM32: 0.62222222 | AN32: 0.45292621 | AP32: 0.98684211 | AQ32: 0.95364238 | AR32: 0.75 | AS32: 0.73968254 | AT32: 0.38676845 | AV32: 0.98684211 | AW32: 0.94701987 | AX32: 0.65677966 | AY32: 0.54920635 | AZ32: 0.55470738 | BD32: 3 | BE32: =$AD$148 -> 0.96204811 | BF32: =$AE$148 -> 0.91949428 | BG32: =$AF$148 -> 0.7658658 | BH32: =$AG$148 -> 0.63570869 | BI32: =$AH$148 -> 0.51374046 | BJ32: =$AI$148 -> #DIV/0!
J33: 28 | K33: =AVERAGE(R33,X33,AD33,AJ33,AP33,AV33) -> 0.98630137 | L33: =AVERAGE(S33,Y33,AE33,AK33,AQ33,AW33) -> 0.95608782 | M33: =AVERAGE(T33,Z33,AF33,AL33,AR33,AX33) -> 0.84489796 | N33: =AVERAGE(U33,AA33,AG33,AM33,AS33,AY33) -> 0.63879781 | O33: =AVERAGE(V33,AB33,AH33,AN33,AT33,AZ33) -> 0.57379135 | P33: =AVERAGE(W33,AC33,AI33,AO33,AU33,BA33) -> #DIV/0! | R33: 0.98630137 | S33: 0.96407186 | T33: 0.86122449 | U33: 0.62622951 | V33: 0.54452926 | X33: 0.98630137 | Y33: 0.95808383 | Z33: 0.90204082 | AA33: 0.65245902 | AB33: 0.64885496 | AD33: 0.98630137 | AE33: 0.95209581 | AF33: 0.89795918 | AG33: 0.69180328 | AH33: 0.57251908 | AJ33: 0.98630137 | AK33: 0.94610778 | AL33: 0.86938776 | AM33: 0.65901639 | AN33: 0.6692112 | AP33: 0.98630137 | AQ33: 0.95808383 | AR33: 0.73469388 | AS33: 0.58032787 | AT33: 0.42748092 | AV33: 0.98630137 | AW33: 0.95808383 | AX33: 0.80408163 | AY33: 0.62295082 | AZ33: 0.58015267 | BD33: 4 | BE33: =$AJ$148 -> 0.95484924 | BF33: =$AK$148 -> 0.92121747 | BG33: =$AL$148 -> 0.78184346 | BH33: =$AM$148 -> 0.62119355 | BI33: =$AN$148 -> 0.51832061 | BJ33: =$AO$148 -> #DIV/0!
J34: 29 | K34: =AVERAGE(R34,X34,AD34,AJ34,AP34,AV34) -> 0.83716475 | L34: =AVERAGE(S34,Y34,AE34,AK34,AQ34,AW34) -> 0.7454955 | M34: =AVERAGE(T34,Z34,AF34,AL34,AR34,AX34) -> 0.64680851 | N34: =AVERAGE(U34,AA34,AG34,AM34,AS34,AY34) -> 0.64430245 | O34: =AVERAGE(V34,AB34,AH34,AN34,AT34,AZ34) -> 0.62171332 | P34: =AVERAGE(W34,AC34,AI34,AO34,AU34,BA34) -> #DIV/0! | R34: 0.83908046 | S34: 0.77027027 | T34: 0.67234043 | U34: 0.60702875 | V34: 0.62340967 | X34: 0.7816092 | Y34: 0.74324324 | Z34: 0.67659574 | AA34: 0.68690096 | AB34: 0.63104326 | AD34: 0.79310345 | AE34: 0.82432432 | AF34: 0.55319149 | AG34: 0.61341853 | AH34: 0.59033079 | AJ34: 0.83908046 | AK34: 0.80405405 | AL34: 0.6893617 | AM34: 0.67412141 | AN34: 0.64122137 | AP34: 0.88505747 | AQ34: 0.64189189 | AR34: 0.64680851 | AS34: 0.65175719 | AT34: 0.63104326 | AV34: 0.88505747 | AW34: 0.68918919 | AX34: 0.64255319 | AY34: 0.63258786 | AZ34: 0.61323155 | BD34: 5 | BE34: =$AP$148 -> 0.95651663 | BF34: =$AQ$148 -> 0.92442674 | BG34: =$AR$148 -> 0.79079379 | BH34: =$AS$148 -> 0.63873464 | BI34: =$AT$148 -> 0.48863444 | BJ34: =$AU$148 -> #DIV/0!
J35: 30 | K35: =AVERAGE(R35,X35,AD35,AJ35,AP35,AV35) -> 0.98717949 | L35: =AVERAGE(S35,Y35,AE35,AK35,AQ35,AW35) -> 0.94055944 | M35: =AVERAGE(T35,Z35,AF35,AL35,AR35,AX35) -> 0.86124031 | N35: =AVERAGE(U35,AA35,AG35,AM35,AS35,AY35) -> 0.66775956 | O35: =AVERAGE(V35,AB35,AH35,AN35,AT35,AZ35) -> 0.47921968 | P35: =AVERAGE(W35,AC35,AI35,AO35,AU35,BA35) -> #DIV/0! | R35: 0.98717949 | S35: 0.88111888 | T35: 0.79069767 | U35: 0.65901639 | V35: 0.38931298 | X35: 0.98717949 | Y35: 0.94405594 | Z35: 0.8 | AA35: 0.54754098 | AB35: 0.49872774 | AD35: 0.98717949 | AE35: 0.97202797 | AF35: 0.90697674 | AG35: 0.58688525 | AH35: 0.44529262 | AJ35: 0.98717949 | AK35: 0.96503497 | AL35: 0.93488372 | AM35: 0.78688525 | AN35: 0.5394402 | AP35: 0.98717949 | AQ35: 0.95104895 | AR35: 0.8744186 | AS35: 0.61311475 | AT35: 0.52926209 | AV35: 0.98717949 | AW35: 0.93006993 | AX35: 0.86046512 | AY35: 0.81311475 | AZ35: 0.47328244 | BD35: 6 | BE35: =$AV$148 -> 0.95326466 | BF35: =$AW$148 -> 0.91555141 | BG35: =$AX$148 -> 0.77271567 | BH35: =$AY$148 -> 0.61185139 | BI35: =$AZ$148 -> 0.49558948 | BJ35: =$BA$148 -> #DIV/0!
K37: =AVERAGE(K6:K35) -> 0.95913484 | L37: =AVERAGE(L6:L35) -> 0.91040963 | M37: =AVERAGE(M6:M35) -> 0.76581373 | N37: =AVERAGE(N6:N35) -> 0.63133176 | O37: =AVERAGE(O6:O35) -> 0.53794176 | P37: =AVERAGE(P6:P35) -> #DIV/0! | R37: =AVERAGE(R6:R35) -> 0.96066166 | S37: =AVERAGE(S6:S35) -> 0.909311 | T37: =AVERAGE(T6:T35) -> 0.75435746 | U37: =AVERAGE(U6:U35) -> 0.63331915 | V37: =AVERAGE(V6:V35) -> 0.53129771 | W37: =AVERAGE(W6:W35) -> #DIV/0! | X37: =AVERAGE(X6:X35) -> 0.95883493 | Y37: =AVERAGE(Y6:Y35) -> 0.92190656 | ... BA37: =AVERAGE(BA6:BA35) -> #DIV/0! | BD37: =A10 -> 3 | BE37: Task 1 | BF37: Task 2 | BG37: Task 3 | BH37: Task 4 | BI37: Task 5 | BJ37: Task 6
BD38: 1 | BE38: =$R$185 -> 0.9608017 | BF38: =$S$185 -> 0.91511612 | BG38: =$T$185 -> 0.77317323 | BH38: =$U$185 -> 0.60254736 | BI38: =$V$185 -> 0.49117897 | BJ38: =$W$185 -> #DIV/0!
BD39: 2 | BE39: =$X$185 -> 0.95644192 | BF39: =$Y$185 -> 0.92071235 | BG39: =$Z$185 -> 0.77024925 | BH39: =$AA$185 -> 0.60070491 | BI39: =$AB$185 -> 0.47888041 | BJ39: =$AC$185 -> #DIV/0!
K40: k=0.5 | BD40: 3 | BE40: =$AD$185 -> 0.95918876 | BF40: =$AE$185 -> 0.91909944 | BG40: =$AF$185 -> 0.76420078 | BH40: =$AG$185 -> 0.62472625 | BI40: =$AH$185 -> 0.48761662 | BJ40: =$AI$185 -> #DIV/0!
S41: 1 | Y41: 2 | AE41: 3 | AK41: 4 | AQ41: 5 | AW41: 6 | BD41: 4 | BE41: =$AJ$185 -> 0.95876313 | BF41: =$AK$185 -> 0.91979795 | BG41: =$AL$185 -> 0.76737421 | BH41: =$AM$185 -> 0.62906478 | BI41: =$AN$185 -> 0.51026293 | BJ41: =$AO$185 -> #DIV/0!
J42: ID | K42: Task 1 | L42: Task 2 | M42: Task 3 | N42: Task 4 | O42: Task 5 | P42: Task 6 | R42: Task 1 | S42: Task 2 | T42: Task 3 | U42: Task 4 | V42: Task 5 | W42: Task 6 | X42: Task 1 | Y42: Task 2 | Z42: Task 3 | AA42: Task 4 | AB42: Task 5 | AC42: Task 6 | AD42: Task 1 | AE42: Task 2 | AF42: Task 3 | AG42: Task 4 | AH42: Task 5 | AI42: Task 6 | AJ42: Task 1 | AK42: Task 2 | AL42: Task 3 | AM42: Task 4 | AN42: Task 5 | AO42: Task 6 | AP42: Task 1 | AQ42: Task 2 | AR42: Task 3 | AS42: Task 4 | AT42: Task 5 | AU42: Task 6 | AV42: Task 1 | AW42: Task 2 | AX42: Task 3 | AY42: Task 4 | AZ42: Task 5 | BA42: Task 6 | BD42: 5 | BE42: =$AP$185 -> 0.95148231 | BF42: =$AQ$185 -> 0.91340366 | BG42: =$AR$185 -> 0.7280829 | BH42: =$AS$185 -> 0.6155594 | BI42: =$AT$185 -> 0.49185751 | BJ42: =$AU$185 -> #DIV/0!
J43: 1 | K43: =AVERAGE(R43,X43,AD43,AJ43,AP43,AV43) -> 0.89269406 | L43: =AVERAGE(S43,Y43,AE43,AK43,AQ43,AW43) -> 0.89877301 | M43: =AVERAGE(T43,Z43,AF43,AL43,AR43,AX43) -> 0.68095238 | N43: =AVERAGE(U43,AA43,AG43,AM43,AS43,AY43) -> 0.60062893 | O43: =AVERAGE(V43,AB43,AH43,AN43,AT43,AZ43) -> 0.62128923 | P43: =AVERAGE(W43,AC43,AI43,AO43,AU43,BA43) -> #DIV/0! | R43: 0.90410959 | S43: 0.89570552 | T43: 0.68163265 | U43: 0.59433962 | V43: 0.67175573 | X43: 0.91780822 | Y43: 0.95092025 | Z43: 0.68979592 | AA43: 0.74528302 | AB43: 0.58524173 | AD43: 0.89041096 | AE43: 0.87730061 | AF43: 0.68571429 | AG43: 0.6509434 | AH43: 0.51145038 | AJ43: 0.89041096 | AK43: 0.86503067 | AL43: 0.66938776 | AM43: 0.59748428 | AN43: 0.61068702 | AP43: 0.8630137 | AQ43: 0.89570552 | AR43: 0.69795918 | AS43: 0.52515723 | AT43: 0.69720102 | AV43: 0.89041096 | AW43: 0.90797546 | AX43: 0.66122449 | AY43: 0.49056604 | AZ43: 0.65139949 | BD43: 6 | BE43: =$AV$185 -> 0.96239956 | BF43: =$AW$185 -> 0.92592191 | BG43: =$AX$185 -> 0.77782717 | BH43: =$AY$185 -> 0.64018108 | BI43: =$AZ$185 -> 0.51933842 | BJ43: =$BA$185 -> #DIV/0!
J44: 2 | K44: =AVERAGE(R44,X44,AD44,AJ44,AP44,AV44) -> 0.81417625 | L44: =AVERAGE(S44,Y44,AE44,AK44,AQ44,AW44) -> 0.82424242 | M44: =AVERAGE(T44,Z44,AF44,AL44,AR44,AX44) -> 0.82142857 | N44: =AVERAGE(U44,AA44,AG44,AM44,AS44,AY44) -> 0.76866456 | O44: =AVERAGE(V44,AB44,AH44,AN44,AT44,AZ44) -> 0.63061917 | P44: =AVERAGE(W44,AC44,AI44,AO44,AU44,BA44) -> #DIV/0! | R44: 0.83908046 | S44: 0.84848485 | T44: 0.83730159 | U44: 0.79179811 | V44: 0.70483461 | X44: 0.83908046 | Y44: 0.8 | Z44: 0.86111111 | AA44: 0.70662461 | AB44: 0.60814249 | AD44: 0.82758621 | AE44: 0.82424242 | AF44: 0.78968254 | AG44: 0.79810726 | AH44: 0.61323155 | AJ44: 0.75862069 | AK44: 0.83030303 | AL44: 0.83730159 | AM44: 0.74763407 | AN44: 0.55470738 | AP44: 0.8045977 | AQ44: 0.81818182 | AR44: 0.84126984 | AS44: 0.78864353 | AT44: 0.60050891 | AV44: 0.81609195 | AW44: 0.82424242 | AX44: 0.76190476 | AY44: 0.77917981 | AZ44: 0.70229008
J45: 3 | K45: =AVERAGE(R45,X45,AD45,AJ45,AP45,AV45) -> 0.9875 | L45: =AVERAGE(S45,Y45,AE45,AK45,AQ45,AW45) -> 0.9827957 | M45: =AVERAGE(T45,Z45,AF45,AL45,AR45,AX45) -> 0.9428795 | N45: =AVERAGE(U45,AA45,AG45,AM45,AS45,AY45) -> 0.66116612 | O45: =AVERAGE(V45,AB45,AH45,AN45,AT45,AZ45) -> 0.53731976 | P45: =AVERAGE(W45,AC45,AI45,AO45,AU45,BA45) -> #DIV/0! | R45: 0.9875 | S45: 0.98709677 | T45: 0.94366197 | U45: 0.73267327 | V45: 0.54707379 | X45: 0.9875 | Y45: 0.98064516 | Z45: 0.94366197 | AA45: 0.50165017 | AB45: 0.44529262 | AD45: 0.9875 | AE45: 0.98064516 | AF45: 0.94835681 | AG45: 0.76237624 | AH45: 0.55979644 | AJ45: 0.9875 | AK45: 0.98709677 | AL45: 0.96244131 | AM45: 0.70957096 | AN45: 0.48091603 | AP45: 0.9875 | AQ45: 0.98064516 | AR45: 0.90140845 | AS45: 0.68976898 | AT45: 0.57760814 | AV45: 0.9875 | AW45: 0.98064516 | AX45: 0.95774648 | AY45: 0.5709571 | AZ45: 0.61323155
J46: 4 | K46: =AVERAGE(R46,X46,AD46,AJ46,AP46,AV46) -> 0.98684211 | L46: =AVERAGE(S46,Y46,AE46,AK46,AQ46,AW46) -> 0.93246187 | M46: =AVERAGE(T46,Z46,AF46,AL46,AR46,AX46) -> 0.75442177 | N46: =AVERAGE(U46,AA46,AG46,AM46,AS46,AY46) -> 0.48196721 | O46: =AVERAGE(V46,AB46,AH46,AN46,AT46,AZ46) -> 0.45377439 | P46: =AVERAGE(W46,AC46,AI46,AO46,AU46,BA46) -> #DIV/0! | R46: 0.98684211 | S46: 0.95424837 | T46: 0.78367347 | U46: 0.43606557 | V46: 0.45801527 | X46: 0.98684211 | Y46: 0.88235294 | Z46: 0.64489796 | AA46: 0.45245902 | AB46: 0.40712468 | AD46: 0.98684211 | AE46: 0.93464052 | AF46: 0.82040816 | AG46: 0.49836066 | AH46: 0.4783715 | AJ46: 0.98684211 | AK46: 0.93464052 | AL46: 0.67346939 | AM46: 0.38360656 | AN46: 0.40712468 | AP46: 0.98684211 | AQ46: 0.93464052 | AR46: 0.84489796 | AS46: 0.60983607 | AT46: 0.48346056 | AV46: 0.98684211 | AW46: 0.95424837 | AX46: 0.75918367 | AY46: 0.51147541 | AZ46: 0.48854962
J47: 5 | K47: =AVERAGE(R47,X47,AD47,AJ47,AP47,AV47) -> 0.97727273 | L47: =AVERAGE(S47,Y47,AE47,AK47,AQ47,AW47) -> 0.93632959 | M47: =AVERAGE(T47,Z47,AF47,AL47,AR47,AX47) -> 0.75625823 | N47: =AVERAGE(U47,AA47,AG47,AM47,AS47,AY47) -> 0.6812249 | O47: =AVERAGE(V47,AB47,AH47,AN47,AT47,AZ47) -> 0.46098388 | P47: =AVERAGE(W47,AC47,AI47,AO47,AU47,BA47) -> #DIV/0! | R47: 0.97727273 | S47: 0.91011236 | T47: 0.77470356 | U47: 0.62951807 | V47: 0.40966921 | X47: 0.97727273 | Y47: 0.97191011 | Z47: 0.75494071 | AA47: 0.64457831 | AB47: 0.41984733 | AD47: 0.97727273 | AE47: 0.93820225 | AF47: 0.75098814 | AG47: 0.71987952 | AH47: 0.46564885 | AJ47: 0.97727273 | AK47: 0.96629213 | AL47: 0.72727273 | AM47: 0.71385542 | AN47: 0.58524173 | AP47: 0.97727273 | AQ47: 0.94382022 | AR47: 0.81027668 | AS47: 0.6746988 | AT47: 0.5394402 | AV47: 0.97727273 | AW47: 0.88764045 | AX47: 0.71936759 | AY47: 0.70481928 | AZ47: 0.34605598
J48: 6 | K48: =AVERAGE(R48,X48,AD48,AJ48,AP48,AV48) -> 0.96851852 | L48: =AVERAGE(S48,Y48,AE48,AK48,AQ48,AW48) -> 0.9202454 | M48: =AVERAGE(T48,Z48,AF48,AL48,AR48,AX48) -> 0.80921053 | N48: =AVERAGE(U48,AA48,AG48,AM48,AS48,AY48) -> 0.70627063 | O48: =AVERAGE(V48,AB48,AH48,AN48,AT48,AZ48) -> 0.56022053 | P48: =AVERAGE(W48,AC48,AI48,AO48,AU48,BA48) -> #DIV/0! | R48: 0.97777778 | S48: 0.95092025 | T48: 0.79385965 | U48: 0.69966997 | V48: 0.63104326 | X48: 0.95555556 | Y48: 0.92638037 | Z48: 0.81578947 | AA48: 0.75577558 | AB48: 0.55470738 | AD48: 0.96666667 | AE48: 0.91411043 | AF48: 0.72368421 | AG48: 0.57755776 | AH48: 0.49618321 | AJ48: 0.97777778 | AK48: 0.92638037 | AL48: 0.8245614 | AM48: 0.65346535 | AN48: 0.52671756 | AP48: 0.97777778 | AQ48: 0.87730061 | AR48: 0.80701754 | AS48: 0.74587459 | AT48: 0.61577608 | AV48: 0.95555556 | AW48: 0.92638037 | AX48: 0.89035088 | AY48: 0.80528053 | AZ48: 0.53689567
J49: 7 | K49: =AVERAGE(R49,X49,AD49,AJ49,AP49,AV49) -> 0.95625 | L49: =AVERAGE(S49,Y49,AE49,AK49,AQ49,AW49) -> 0.9452381 | M49: =AVERAGE(T49,Z49,AF49,AL49,AR49,AX49) -> 0.64525994 | N49: =AVERAGE(U49,AA49,AG49,AM49,AS49,AY49) -> 0.69186712 | O49: =AVERAGE(V49,AB49,AH49,AN49,AT49,AZ49) -> 0.61323155 | P49: =AVERAGE(W49,AC49,AI49,AO49,AU49,BA49) -> #DIV/0! | R49: 0.9625 | S49: 0.95714286 | T49: 0.70642202 | U49: 0.71821306 | V49: 0.59287532 | X49: 0.975 | Y49: 0.94285714 | Z49: 0.55045872 | AA49: 0.70446735 | AB49: 0.59033079 | AD49: 0.95 | AE49: 0.95 | AF49: 0.71559633 | AG49: 0.65292096 | AH49: 0.67430025 | AJ49: 0.9625 | AK49: 0.93571429 | AL49: 0.67889908 | AM49: 0.64604811 | AN49: 0.59541985 | AP49: 0.925 | AQ49: 0.93571429 | AR49: 0.63761468 | AS49: 0.69415808 | AT49: 0.53180662 | AV49: 0.9625 | AW49: 0.95 | AX49: 0.58256881 | AY49: 0.73539519 | AZ49: 0.69465649
J50: 8 | K50: =AVERAGE(R50,X50,AD50,AJ50,AP50,AV50) -> 0.94078947 | L50: =AVERAGE(S50,Y50,AE50,AK50,AQ50,AW50) -> 0.87274775 | M50: =AVERAGE(T50,Z50,AF50,AL50,AR50,AX50) -> 0.74862259 | N50: =AVERAGE(U50,AA50,AG50,AM50,AS50,AY50) -> 0.51111111 | O50: =AVERAGE(V50,AB50,AH50,AN50,AT50,AZ50) -> 0.48770144 | P50: =AVERAGE(W50,AC50,AI50,AO50,AU50,BA50) -> #DIV/0! | R50: 0.92105263 | S50: 0.84459459 | T50: 0.74380165 | U50: 0.6 | V50: 0.50381679 | X50: 0.96052632 | Y50: 0.83108108 | Z50: 0.70247934 | AA50: 0.39047619 | AB50: 0.53435115 | AD50: 0.93421053 | AE50: 0.89189189 | AF50: 0.76033058 | AG50: 0.55555556 | AH50: 0.45801527 | AJ50: 0.94736842 | AK50: 0.93918919 | AL50: 0.80165289 | AM50: 0.33968254 | AN50: 0.48091603 | AP50: 0.94736842 | AQ50: 0.80405405 | AR50: 0.69834711 | AS50: 0.61904762 | AT50: 0.49872774 | AV50: 0.93421053 | AW50: 0.92567568 | AX50: 0.78512397 | AY50: 0.56190476 | AZ50: 0.45038168
J51: 9 | K51: =AVERAGE(R51,X51,AD51,AJ51,AP51,AV51) -> 0.98931624 | L51: =AVERAGE(S51,Y51,AE51,AK51,AQ51,AW51) -> 0.9261477 | M51: =AVERAGE(T51,Z51,AF51,AL51,AR51,AX51) -> 0.76180556 | N51: =AVERAGE(U51,AA51,AG51,AM51,AS51,AY51) -> 0.57814208 | O51: =AVERAGE(V51,AB51,AH51,AN51,AT51,AZ51) -> 0.4783715 | P51: =AVERAGE(W51,AC51,AI51,AO51,AU51,BA51) -> #DIV/0! | R51: 1 | S51: 0.86227545 | T51: 0.8125 | U51: 0.6852459 | V51: 0.57760814 | X51: 0.98717949 | Y51: 0.93413174 | Z51: 0.74166667 | AA51: 0.53770492 | AB51: 0.42748092 | AD51: 0.98717949 | AE51: 0.93413174 | AF51: 0.725 | AG51: 0.46885246 | AH51: 0.41221374 | AJ51: 0.98717949 | AK51: 0.91017964 | AL51: 0.7125 | AM51: 0.52786885 | AN51: 0.46564885 | AP51: 0.98717949 | AQ51: 0.95808383 | AR51: 0.8 | AS51: 0.57704918 | AT51: 0.47328244 | AV51: 0.98717949 | AW51: 0.95808383 | AX51: 0.77916667 | AY51: 0.67213115 | AZ51: 0.51399491
J52: 10 | K52: =AVERAGE(R52,X52,AD52,AJ52,AP52,AV52) -> 0.98684211 | L52: =AVERAGE(S52,Y52,AE52,AK52,AQ52,AW52) -> 0.95895522 | M52: =AVERAGE(T52,Z52,AF52,AL52,AR52,AX52) -> 0.84576023 | N52: =AVERAGE(U52,AA52,AG52,AM52,AS52,AY52) -> 0.65714286 | O52: =AVERAGE(V52,AB52,AH52,AN52,AT52,AZ52) -> 0.46352841 | P52: =AVERAGE(W52,AC52,AI52,AO52,AU52,BA52) -> #DIV/0! | R52: 0.98684211 | S52: 0.98507463 | T52: 0.89912281 | U52: 0.64761905 | V52: 0.4783715 | X52: 0.98684211 | Y52: 0.92537313 | Z52: 0.79385965 | AA52: 0.72063492 | AB52: 0.54198473 | AD52: 0.98684211 | AE52: 0.97014925 | AF52: 0.85964912 | AG52: 0.64761905 | AH52: 0.40966921 | AJ52: 0.98684211 | AK52: 0.97761194 | AL52: 0.82894737 | AM52: 0.66031746 | AN52: 0.46310433 | AP52: 0.98684211 | AQ52: 0.95522388 | AR52: 0.84649123 | AS52: 0.6031746 | AT52: 0.45038168 | AV52: 0.98684211 | AW52: 0.94029851 | AX52: 0.84649123 | AY52: 0.66349206 | AZ52: 0.43765903
J53: 11 | K53: =AVERAGE(R53,X53,AD53,AJ53,AP53,AV53) -> 0.89041096 | L53: =AVERAGE(S53,Y53,AE53,AK53,AQ53,AW53) -> 0.89514349 | M53: =AVERAGE(T53,Z53,AF53,AL53,AR53,AX53) -> 0.81001372 | N53: =AVERAGE(U53,AA53,AG53,AM53,AS53,AY53) -> 0.5929593 | O53: =AVERAGE(V53,AB53,AH53,AN53,AT53,AZ53) -> 0.58651399 | P53: =AVERAGE(W53,AC53,AI53,AO53,AU53,BA53) -> #DIV/0! | R53: 0.91780822 | S53: 0.8410596 | T53: 0.72839506 | U53: 0.60726073 | V53: 0.51653944 | X53: 0.8630137 | Y53: 0.91390728 | Z53: 0.82716049 | AA53: 0.58745875 | AB53: 0.60814249 | AD53: 0.87671233 | AE53: 0.90728477 | AF53: 0.81069959 | AG53: 0.69636964 | AH53: 0.67684478 | AJ53: 0.87671233 | AK53: 0.91390728 | AL53: 0.8436214 | AM53: 0.59075908 | AN53: 0.61323155 | AP53: 0.93150685 | AQ53: 0.87417219 | AR53: 0.781893 | AS53: 0.55115512 | AT53: 0.43256997 | AV53: 0.87671233 | AW53: 0.9205298 | AX53: 0.86831276 | AY53: 0.52475248 | AZ53: 0.67175573
J54: 12 | K54: =AVERAGE(R54,X54,AD54,AJ54,AP54,AV54) -> 0.98360656 | L54: =AVERAGE(S54,Y54,AE54,AK54,AQ54,AW54) -> 0.85294118 | M54: =AVERAGE(T54,Z54,AF54,AL54,AR54,AX54) -> 0.80031447 | N54: =AVERAGE(U54,AA54,AG54,AM54,AS54,AY54) -> 0.73903509 | O54: =AVERAGE(V54,AB54,AH54,AN54,AT54,AZ54) -> 0.63443596 | P54: =AVERAGE(W54,AC54,AI54,AO54,AU54,BA54) -> #DIV/0! | R54: 0.98360656 | S54: 0.89705882 | T54: 0.84433962 | U54: 0.75328947 | V54: 0.59287532 | X54: 0.98360656 | Y54: 0.91176471 | Z54: 0.81132075 | AA54: 0.74342105 | AB54: 0.55725191 | AD54: 0.98360656 | AE54: 0.80882353 | AF54: 0.79245283 | AG54: 0.73684211 | AH54: 0.58778626 | AJ54: 0.98360656 | AK54: 0.84558824 | AL54: 0.82075472 | AM54: 0.74013158 | AN54: 0.67938931 | AP54: 0.98360656 | AQ54: 0.80882353 | AR54: 0.75943396 | AS54: 0.72697368 | AT54: 0.74554707 | AV54: 0.98360656 | AW54: 0.84558824 | AX54: 0.77358491 | AY54: 0.73355263 | AZ54: 0.6437659
J55: 13 | K55: =AVERAGE(R55,X55,AD55,AJ55,AP55,AV55) -> 0.93201754 | L55: =AVERAGE(S55,Y55,AE55,AK55,AQ55,AW55) -> 0.91666667 | M55: =AVERAGE(T55,Z55,AF55,AL55,AR55,AX55) -> 0.79056047 | N55: =AVERAGE(U55,AA55,AG55,AM55,AS55,AY55) -> 0.60235798 | O55: =AVERAGE(V55,AB55,AH55,AN55,AT55,AZ55) -> 0.54071247 | P55: =AVERAGE(W55,AC55,AI55,AO55,AU55,BA55) -> #DIV/0! | R55: 0.90789474 | S55: 0.84558824 | T55: 0.81415929 | U55: 0.66237942 | V55: 0.65903308 | X55: 0.94736842 | Y55: 0.93382353 | Z55: 0.74778761 | AA55: 0.67202572 | AB55: 0.54961832 | AD55: 0.93421053 | AE55: 0.94852941 | AF55: 0.83185841 | AG55: 0.59163987 | AH55: 0.54198473 | AJ55: 0.93421053 | AK55: 0.93382353 | AL55: 0.78318584 | AM55: 0.48874598 | AN55: 0.50127226 | AP55: 0.93421053 | AQ55: 0.91176471 | AR55: 0.77876106 | AS55: 0.55305466 | AT55: 0.48600509 | AV55: 0.93421053 | AW55: 0.92647059 | AX55: 0.78761062 | AY55: 0.64630225 | AZ55: 0.50636132
... J72: 30 | K72: =AVERAGE(R72,X72,AD72,AJ72,AP72,AV72) -> 0.98717949 | L72: =AVERAGE(S72,Y72,AE72,AK72,AQ72,AW72) -> 0.94755245 | M72: =AVERAGE(T72,Z72,AF72,AL72,AR72,AX72) -> 0.84806202 | N72: =AVERAGE(U72,AA72,AG72,AM72,AS72,AY72) -> 0.70983607 | O72: =AVERAGE(V72,AB72,AH72,AN72,AT72,AZ72) -> 0.54368109 | P72: =AVERAGE(W72,AC72,AI72,AO72,AU72,BA72) -> #DIV/0! | R72: 0.98717949 | S72: 0.86013986 | T72: 0.81395349 | U72: 0.59344262 | V72: 0.47582697 | X72: 0.98717949 | Y72: 0.97202797 | Z72: 0.76744186 | AA72: 0.7147541 | AB72: 0.55470738 | AD72: 0.98717949 | AE72: 0.96503497 | AF72: 0.91162791 | AG72: 0.78688525 | AH72: 0.61832061 | AJ72: 0.98717949 | AK72: 0.93706294 | AL72: 0.84651163 | AM72: 0.67213115 | AN72: 0.49109415 | AP72: 0.98717949 | AQ72: 0.98601399 | AR72: 0.88372093 | AS72: 0.75737705 | AT72: 0.6259542 | AV72: 0.98717949 | AW72: 0.96503497 | AX72: 0.86511628 | AY72: 0.73442623 | AZ72: 0.49618321
K74: =AVERAGE(K43:K72) -> 0.95714522 | L74: =AVERAGE(L43:L72) -> 0.91861624 | M74: =AVERAGE(M43:M72) -> 0.78132419 | N74: =AVERAGE(N43:N72) -> 0.64805988 | O74: =AVERAGE(O43:O72) -> 0.53319197 | P74: =AVERAGE(P43:P72) -> #DIV/0! | R74: =AVERAGE(R43:R72) -> 0.9587168 | S74: =AVERAGE(S43:S72) -> 0.91348598 | T74: =AVERAGE(T43:T72) -> 0.78870511 | U74: =AVERAGE(U43:U72) -> 0.65470087 | V74: =AVERAGE(V43:V72) -> 0.52400339 | W74: =AVERAGE(W43:W72) -> #DIV/0! | X74: =AVERAGE(X43:X72) -> 0.95890558 | Y74: =AVERAGE(Y43:Y72) -> 0.9205368 | ... BA74: =AVERAGE(BA43:BA72) -> #DIV/0!
K77: k=1
S78: 1 | Y78: 2 | AE78: 3 | AK78: 4 | AQ78: 5 | AW78: 6
J79: ID | K79: Task 1 | L79: Task 2 | M79: Task 3 | N79: Task 4 | O79: Task 5 | P79: Task 6 | R79: Task 1 | S79: Task 2 | T79: Task 3 | U79: Task 4 | V79: Task 5 | W79: Task 6 | X79: Task 1 | Y79: Task 2 | Z79: Task 3 | AA79: Task 4 | AB79: Task 5 | AC79: Task 6 | AD79: Task 1 | AE79: Task 2 | AF79: Task 3 | AG79: Task 4 | AH79: Task 5 | AI79: Task 6 | AJ79: Task 1 | AK79: Task 2 | AL79: Task 3 | AM79: Task 4 | AN79: Task 5 | AO79: Task 6 | AP79: Task 1 | AQ79: Task 2 | AR79: Task 3 | AS79: Task 4 | AT79: Task 5 | AU79: Task 6 | AV79: Task 1 | AW79: Task 2 | AX79: Task 3 | AY79: Task 4 | AZ79: Task 5 | BA79: Task 6
J80: 1 | K80: =AVERAGE(R80,X80,AD80,AJ80,AP80,AV80) -> 0.88812785 | L80: =AVERAGE(S80,Y80,AE80,AK80,AQ80,AW80) -> 0.89059305 | M80: =AVERAGE(T80,Z80,AF80,AL80,AR80,AX80) -> 0.65102041 | N80: =AVERAGE(U80,AA80,AG80,AM80,AS80,AY80) -> 0.56289308 | O80: =AVERAGE(V80,AB80,AH80,AN80,AT80,AZ80) -> 0.56530958 | P80: =AVERAGE(W80,AC80,AI80,AO80,AU80,BA80) -> #DIV/0! | R80: 0.87671233 | S80: 0.87730061 | T80: 0.6244898 | U80: 0.44654088 | V80: 0.57251908 | X80: 0.90410959 | Y80: 0.91411043 | Z80: 0.68979592 | AA80: 0.58805031 | AB80: 0.63104326 | AD80: 0.91780822 | AE80: 0.89570552 | AF80: 0.61632653 | AG80: 0.52515723 | AH80: 0.52417303 | AJ80: 0.89041096 | AK80: 0.88957055 | AL80: 0.64081633 | AM80: 0.59748428 | AN80: 0.55470738 | AP80: 0.8630137 | AQ80: 0.85889571 | AR80: 0.69387755 | AS80: 0.64150943 | AT80: 0.47073791 | AV80: 0.87671233 | AW80: 0.90797546 | AX80: 0.64081633 | AY80: 0.57861635 | AZ80: 0.63867684
J81: 2 | K81: =AVERAGE(R81,X81,AD81,AJ81,AP81,AV81) -> 0.81800766 | L81: =AVERAGE(S81,Y81,AE81,AK81,AQ81,AW81) -> 0.82424242 | M81: =AVERAGE(T81,Z81,AF81,AL81,AR81,AX81) -> 0.83068783 | N81: =AVERAGE(U81,AA81,AG81,AM81,AS81,AY81) -> 0.73922187 | O81: =AVERAGE(V81,AB81,AH81,AN81,AT81,AZ81) -> 0.60474979 | P81: =AVERAGE(W81,AC81,AI81,AO81,AU81,BA81) -> #DIV/0! | R81: 0.79310345 | S81: 0.84242424 | T81: 0.88492063 | U81: 0.75078864 | V81: 0.54452926 | X81: 0.79310345 | Y81: 0.82424242 | Z81: 0.82936508 | AA81: 0.70031546 | AB81: 0.64885496 | AD81: 0.81609195 | AE81: 0.83030303 | AF81: 0.82142857 | AG81: 0.73501577 | AH81: 0.62849873 | AJ81: 0.86206897 | AK81: 0.8 | AL81: 0.87301587 | AM81: 0.82334385 | AN81: 0.62086514 | AP81: 0.8045977 | AQ81: 0.84242424 | AR81: 0.82936508 | AS81: 0.75394322 | AT81: 0.62340967 | AV81: 0.83908046 | AW81: 0.80606061 | AX81: 0.74603175 | AY81: 0.67192429 | AZ81: 0.56234097
J82: 3 | K82: =AVERAGE(R82,X82,AD82,AJ82,AP82,AV82) -> 0.9875 | L82: =AVERAGE(S82,Y82,AE82,AK82,AQ82,AW82) -> 0.97741935 | M82: =AVERAGE(T82,Z82,AF82,AL82,AR82,AX82) -> 0.93035994 | N82: =AVERAGE(U82,AA82,AG82,AM82,AS82,AY82) -> 0.73707371 | O82: =AVERAGE(V82,AB82,AH82,AN82,AT82,AZ82) -> 0.49533503 | P82: =AVERAGE(W82,AC82,AI82,AO82,AU82,BA82) -> #DIV/0! | R82: 0.9875 | S82: 0.98064516 | T82: 0.89201878 | U82: 0.74587459 | V82: 0.48854962 | X82: 0.9875 | Y82: 0.97419355 | Z82: 0.96244131 | AA82: 0.77887789 | AB82: 0.5394402 | AD82: 0.9875 | AE82: 0.96129032 | AF82: 0.92018779 | AG82: 0.6039604 | AH82: 0.49363868 | AJ82: 0.9875 | AK82: 0.98709677 | AL82: 0.92018779 | AM82: 0.84488449 | AN82: 0.49363868 | AP82: 0.9875 | AQ82: 0.98064516 | AR82: 0.92957746 | AS82: 0.71287129 | AT82: 0.47582697 | AV82: 0.9875 | AW82: 0.98064516 | AX82: 0.95774648 | AY82: 0.7359736 | AZ82: 0.48091603
J83: 4 | K83: =AVERAGE(R83,X83,AD83,AJ83,AP83,AV83) -> 0.98903509 | L83: =AVERAGE(S83,Y83,AE83,AK83,AQ83,AW83) -> 0.94662309 | M83: =AVERAGE(T83,Z83,AF83,AL83,AR83,AX83) -> 0.8047619 | N83: =AVERAGE(U83,AA83,AG83,AM83,AS83,AY83) -> 0.57923497 | O83: =AVERAGE(V83,AB83,AH83,AN83,AT83,AZ83) -> 0.46904156 | P83: =AVERAGE(W83,AC83,AI83,AO83,AU83,BA83) -> #DIV/0! | R83: 0.98684211 | S83: 0.96078431 | T83: 0.86530612 | U83: 0.6557377 | V83: 0.52671756 | X83: 0.98684211 | Y83: 0.94771242 | Z83: 0.87346939 | AA83: 0.70163934 | AB83: 0.45801527 | AD83: 0.98684211 | AE83: 0.96078431 | AF83: 0.86938776 | AG83: 0.48852459 | AH83: 0.50890585 | AJ83: 0.98684211 | AK83: 0.94117647 | AL83: 0.79591837 | AM83: 0.61639344 | AN83: 0.41221374 | AP83: 1 | AQ83: 0.96078431 | AR83: 0.71020408 | AS83: 0.52786885 | AT83: 0.49618321 | AV83: 0.98684211 | AW83: 0.90849673 | AX83: 0.71428571 | AY83: 0.4852459 | AZ83: 0.41221374
J84: 5 | K84: =AVERAGE(R84,X84,AD84,AJ84,AP84,AV84) -> 0.97727273 | L84: =AVERAGE(S84,Y84,AE84,AK84,AQ84,AW84) -> 0.93071161 | M84: =AVERAGE(T84,Z84,AF84,AL84,AR84,AX84) -> 0.80632411 | N84: =AVERAGE(U84,AA84,AG84,AM84,AS84,AY84) -> 0.6686747 | O84: =AVERAGE(V84,AB84,AH84,AN84,AT84,AZ84) -> 0.54537744 | P84: =AVERAGE(W84,AC84,AI84,AO84,AU84,BA84) -> #DIV/0! | R84: 0.97727273 | S84: 0.92134831 | T84: 0.81818182 | U84: 0.6626506 | V84: 0.49109415 | X84: 0.97727273 | Y84: 0.88202247 | Z84: 0.82213439 | AA84: 0.62349398 | AB84: 0.6259542 | AD84: 0.97727273 | AE84: 0.92134831 | AF84: 0.75098814 | AG84: 0.6626506 | AH84: 0.50890585 | AJ84: 0.97727273 | AK84: 0.96067416 | AL84: 0.83003953 | AM84: 0.68674699 | AN84: 0.55979644 | AP84: 0.97727273 | AQ84: 0.96629213 | AR84: 0.84980237 | AS84: 0.6746988 | AT84: 0.50127226 | AV84: 0.97727273 | AW84: 0.93258427 | AX84: 0.76679842 | AY84: 0.70180723 | AZ84: 0.58524173
J85: 6 | K85: =AVERAGE(R85,X85,AD85,AJ85,AP85,AV85) -> 0.96111111 | L85: =AVERAGE(S85,Y85,AE85,AK85,AQ85,AW85) -> 0.93865031 | M85: =AVERAGE(T85,Z85,AF85,AL85,AR85,AX85) -> 0.84064327 | N85: =AVERAGE(U85,AA85,AG85,AM85,AS85,AY85) -> 0.69966997 | O85: =AVERAGE(V85,AB85,AH85,AN85,AT85,AZ85) -> 0.57803223 | P85: =AVERAGE(W85,AC85,AI85,AO85,AU85,BA85) -> #DIV/0! | R85: 0.96666667 | S85: 0.94478528 | T85: 0.81140351 | U85: 0.69966997 | V85: 0.54198473 | X85: 0.95555556 | Y85: 0.95705521 | Z85: 0.89035088 | AA85: 0.8019802 | AB85: 0.65139949 | AD85: 0.96666667 | AE85: 0.86503067 | AF85: 0.79385965 | AG85: 0.65016502 | AH85: 0.60559796 | AJ85: 0.96666667 | AK85: 0.95705521 | AL85: 0.8377193 | AM85: 0.71617162 | AN85: 0.49872774 | AP85: 0.95555556 | AQ85: 0.95705521 | AR85: 0.85087719 | AS85: 0.669967 | AT85: 0.55725191 | AV85: 0.95555556 | AW85: 0.95092025 | AX85: 0.85964912 | AY85: 0.66006601 | AZ85: 0.61323155
J86: 7 | K86: =AVERAGE(R86,X86,AD86,AJ86,AP86,AV86) -> 0.94583333 | L86: =AVERAGE(S86,Y86,AE86,AK86,AQ86,AW86) -> 0.94880952 | M86: =AVERAGE(T86,Z86,AF86,AL86,AR86,AX86) -> 0.66284404 | N86: =AVERAGE(U86,AA86,AG86,AM86,AS86,AY86) -> 0.66781214 | O86: =AVERAGE(V86,AB86,AH86,AN86,AT86,AZ86) -> 0.63486005 | P86: =AVERAGE(W86,AC86,AI86,AO86,AU86,BA86) -> #DIV/0! | R86: 0.9625 | S86: 0.96428571 | T86: 0.62385321 | U86: 0.71477663 | V86: 0.6437659 | X86: 0.925 | Y86: 0.94285714 | Z86: 0.70642202 | AA86: 0.69072165 | AB86: 0.66412214 | AD86: 0.9375 | AE86: 0.95714286 | AF86: 0.73853211 | AG86: 0.59793814 | AH86: 0.60050891 | AJ86: 0.9625 | AK86: 0.95714286 | AL86: 0.81651376 | AM86: 0.64948454 | AN86: 0.60814249 | AP86: 0.95 | AQ86: 0.92857143 | AR86: 0.5412844 | AS86: 0.64604811 | AT86: 0.67175573 | AV86: 0.9375 | AW86: 0.94285714 | AX86: 0.55045872 | AY86: 0.70790378 | AZ86: 0.62086514
J87: 8 | K87: =AVERAGE(R87,X87,AD87,AJ87,AP87,AV87) -> 0.95175439 | L87: =AVERAGE(S87,Y87,AE87,AK87,AQ87,AW87) -> 0.86148649 | M87: =AVERAGE(T87,Z87,AF87,AL87,AR87,AX87) -> 0.7238292 | N87: =AVERAGE(U87,AA87,AG87,AM87,AS87,AY87) -> 0.53386243 | O87: =AVERAGE(V87,AB87,AH87,AN87,AT87,AZ87) -> 0.51484309 | P87: =AVERAGE(W87,AC87,AI87,AO87,AU87,BA87) -> #DIV/0! | R87: 0.92105263 | S87: 0.87837838 | T87: 0.74380165 | U87: 0.4984127 | V87: 0.53180662 | X87: 0.96052632 | Y87: 0.93243243 | Z87: 0.82231405 | AA87: 0.6031746 | AB87: 0.54707379 | AD87: 0.96052632 | AE87: 0.82432432 | AF87: 0.74380165 | AG87: 0.42857143 | AH87: 0.50890585 | AJ87: 0.94736842 | AK87: 0.86486486 | AL87: 0.71900826 | AM87: 0.51428571 | AN87: 0.5394402 | AP87: 0.96052632 | AQ87: 0.87837838 | AR87: 0.74380165 | AS87: 0.67936508 | AT87: 0.53435115 | AV87: 0.96052632 | AW87: 0.79054054 | AX87: 0.57024793 | AY87: 0.47936508 | AZ87: 0.42748092
J88: 9 | K88: =AVERAGE(R88,X88,AD88,AJ88,AP88,AV88) -> 0.98717949 | L88: =AVERAGE(S88,Y88,AE88,AK88,AQ88,AW88) -> 0.92015968 | M88: =AVERAGE(T88,Z88,AF88,AL88,AR88,AX88) -> 0.76805556 | N88: =AVERAGE(U88,AA88,AG88,AM88,AS88,AY88) -> 0.62896175 | O88: =AVERAGE(V88,AB88,AH88,AN88,AT88,AZ88) -> 0.43299406 | P88: =AVERAGE(W88,AC88,AI88,AO88,AU88,BA88) -> #DIV/0! | R88: 0.98717949 | S88: 0.95209581 | T88: 0.79583333 | U88: 0.72786885 | V88: 0.43002545 | X88: 0.98717949 | Y88: 0.88023952 | Z88: 0.81666667 | AA88: 0.66229508 | AB88: 0.47073791 | AD88: 0.98717949 | AE88: 0.91616766 | AF88: 0.75833333 | AG88: 0.60327869 | AH88: 0.45547074 | AJ88: 0.98717949 | AK88: 0.93413174 | AL88: 0.66666667 | AM88: 0.49180328 | AN88: 0.39185751 | AP88: 0.98717949 | AQ88: 0.92215569 | AR88: 0.85416667 | AS88: 0.60327869 | AT88: 0.37150127 | AV88: 0.98717949 | AW88: 0.91616766 | AX88: 0.71666667 | AY88: 0.6852459 | AZ88: 0.4783715
J89: 10 | K89: =AVERAGE(R89,X89,AD89,AJ89,AP89,AV89) -> 0.98245614 | L89: =AVERAGE(S89,Y89,AE89,AK89,AQ89,AW89) -> 0.95024876 | M89: =AVERAGE(T89,Z89,AF89,AL89,AR89,AX89) -> 0.78874269 | N89: =AVERAGE(U89,AA89,AG89,AM89,AS89,AY89) -> 0.73015873 | O89: =AVERAGE(V89,AB89,AH89,AN89,AT89,AZ89) -> 0.49787956 | P89: =AVERAGE(W89,AC89,AI89,AO89,AU89,BA89) -> #DIV/0! | R89: 0.98684211 | S89: 0.94776119 | T89: 0.85526316 | U89: 0.73968254 | V89: 0.51653944 | X89: 0.98684211 | Y89: 0.91791045 | Z89: 0.75438596 | AA89: 0.73650794 | AB89: 0.51908397 | AD89: 0.96052632 | AE89: 0.96268657 | AF89: 0.70175439 | AG89: 0.6952381 | AH89: 0.53689567 | AJ89: 0.98684211 | AK89: 0.96268657 | AL89: 0.77192982 | AM89: 0.77460317 | AN89: 0.48600509 | AP89: 0.98684211 | AQ89: 0.95522388 | AR89: 0.81578947 | AS89: 0.72063492 | AT89: 0.49872774 | AV89: 0.98684211 | AW89: 0.95522388 | AX89: 0.83333333 | AY89: 0.71428571 | AZ89: 0.43002545
J90: 11 | K90: =AVERAGE(R90,X90,AD90,AJ90,AP90,AV90) -> 0.89726027 | L90: =AVERAGE(S90,Y90,AE90,AK90,AQ90,AW90) -> 0.87969095 | M90: =AVERAGE(T90,Z90,AF90,AL90,AR90,AX90) -> 0.82578875 | N90: =AVERAGE(U90,AA90,AG90,AM90,AS90,AY90) -> 0.56160616 | O90: =AVERAGE(V90,AB90,AH90,AN90,AT90,AZ90) -> 0.59838846 | P90: =AVERAGE(W90,AC90,AI90,AO90,AU90,BA90) -> #DIV/0! | R90: 0.94520548 | S90: 0.8807947 | T90: 0.81893004 | U90: 0.55775578 | V90: 0.61577608 | X90: 0.8630137 | Y90: 0.90066225 | Z90: 0.85596708 | AA90: 0.49174917 | AB90: 0.61832061 | AD90: 0.87671233 | AE90: 0.86092715 | AF90: 0.81481481 | AG90: 0.63036304 | AH90: 0.57760814 | AJ90: 0.91780822 | AK90: 0.86754967 | AL90: 0.83539095 | AM90: 0.60066007 | AN90: 0.64885496 | AP90: 0.90410959 | AQ90: 0.86754967 | AR90: 0.81069959 | AS90: 0.57755776 | AT90: 0.59033079 | AV90: 0.87671233 | AW90: 0.90066225 | AX90: 0.81893004 | AY90: 0.51155116 | AZ90: 0.5394402
J91: 12 | K91: =AVERAGE(R91,X91,AD91,AJ91,AP91,AV91) -> 0.97814208 | L91: =AVERAGE(S91,Y91,AE91,AK91,AQ91,AW91) -> 0.86642157 | M91: =AVERAGE(T91,Z91,AF91,AL91,AR91,AX91) -> 0.8081761 | N91: =AVERAGE(U91,AA91,AG91,AM91,AS91,AY91) -> 0.7247807 | O91: =AVERAGE(V91,AB91,AH91,AN91,AT91,AZ91) -> 0.65648855 | P91: =AVERAGE(W91,AC91,AI91,AO91,AU91,BA91) -> #DIV/0! | R91: 0.98360656 | S91: 0.82352941 | T91: 0.78301887 | U91: 0.72368421 | V91: 0.70229008 | X91: 0.98360656 | Y91: 0.91176471 | Z91: 0.83490566 | AA91: 0.61184211 | AB91: 0.74045802 | AD91: 0.98360656 | AE91: 0.94852941 | AF91: 0.83490566 | AG91: 0.73355263 | AH91: 0.59287532 | AJ91: 0.98360656 | AK91: 0.80147059 | AL91: 0.80660377 | AM91: 0.71710526 | AN91: 0.67684478 | AP91: 0.98360656 | AQ91: 0.93382353 | AR91: 0.79245283 | AS91: 0.77960526 | AT91: 0.54707379 | AV91: 0.95081967 | AW91: 0.77941176 | AX91: 0.79716981 | AY91: 0.78289474 | AZ91: 0.67938931
... J109: 30 | K109: =AVERAGE(R109,X109,AD109,AJ109,AP109,AV109) -> 0.98717949 | L109: =AVERAGE(S109,Y109,AE109,AK109,AQ109,AW109) -> 0.94405594 | M109: =AVERAGE(T109,Z109,AF109,AL109,AR109,AX109) -> 0.86589147 | N109: =AVERAGE(U109,AA109,AG109,AM109,AS109,AY109) -> 0.73060109 | O109: =AVERAGE(V109,AB109,AH109,AN109,AT109,AZ109) -> 0.56997455 | P109: =AVERAGE(W109,AC109,AI109,AO109,AU109,BA109) -> #DIV/0! | R109: 0.98717949 | S109: 0.91608392 | T109: 0.84186047 | U109: 0.65901639 | V109: 0.50890585 | X109: 0.98717949 | Y109: 0.95804196 | Z109: 0.83255814 | AA109: 0.74098361 | AB109: 0.55216285 | AD109: 0.98717949 | AE109: 0.95104895 | AF109: 0.82325581 | AG109: 0.73770492 | AH109: 0.6259542 | AJ109: 0.98717949 | AK109: 0.98601399 | AL109: 0.9627907 | AM109: 0.78360656 | AN109: 0.62849873 | AP109: 0.98717949 | AQ109: 0.88111888 | AR109: 0.79069767 | AS109: 0.70163934 | AT109: 0.5216285 | AV109: 0.98717949 | AW109: 0.97202797 | AX109: 0.94418605 | AY109: 0.76065574 | AZ109: 0.5826972
K111: =AVERAGE(K80:K109) -> 0.95770502 | L111: =AVERAGE(L80:L109) -> 0.91745538 | M111: =AVERAGE(M80:M109) -> 0.78630776 | N111: =AVERAGE(N80:N109) -> 0.65379017 | O111: =AVERAGE(O80:O109) -> 0.53970879 | P111: =AVERAGE(P80:P109) -> #DIV/0! | R111: =AVERAGE(R80:R109) -> 0.96047629 | S111: =AVERAGE(S80:S109) -> 0.91949299 | T111: =AVERAGE(T80:T109) -> 0.77784978 | U111: =AVERAGE(U80:U109) -> 0.64644003 | V111: =AVERAGE(V80:V109) -> 0.54334182 | W111: =AVERAGE(W80:W109) -> #DIV/0! | X111: =AVERAGE(X80:X109) -> 0.95482694 | Y111: =AVERAGE(Y80:Y109) -> 0.9179397 | ... BA111: =AVERAGE(BA80:BA109) -> #DIV/0!
K114: k=2
S115: 1 | Y115: 2 | AE115: 3 | AK115: 4 | AQ115: 5 | AW115: 6
J116: ID | K116: Task 1 | L116: Task 2 | M116: Task 3 | N116: Task 4 | O116: Task 5 | P116: Task 6 | R116: Task 1 | S116: Task 2 | T116: Task 3 | U116: Task 4 | V116: Task 5 | W116: Task 6 | X116: Task 1 | Y116: Task 2 | Z116: Task 3 | AA116: Task 4 | AB116: Task 5 | AC116: Task 6 | AD116: Task 1 | AE116: Task 2 | AF116: Task 3 | AG116: Task 4 | AH116: Task 5 | AI116: Task 6 | AJ116: Task 1 | AK116: Task 2 | AL116: Task 3 | AM116: Task 4 | AN116: Task 5 | AO116: Task 6 | AP116: Task 1 | AQ116: Task 2 | AR116: Task 3 | AS116: Task 4 | AT116: Task 5 | AU116: Task 6 | AV116: Task 1 | AW116: Task 2 | AX116: Task 3 | AY116: Task 4 | AZ116: Task 5 | BA116: Task 6
J117: 1 | K117: =AVERAGE(R117,X117,AD117,AJ117,AP117,AV117) -> 0.90639269 | L117: =AVERAGE(S117,Y117,AE117,AK117,AQ117,AW117) -> 0.89877301 | M117: =AVERAGE(T117,Z117,AF117,AL117,AR117,AX117) -> 0.64285714 | N117: =AVERAGE(U117,AA117,AG117,AM117,AS117,AY117) -> 0.49947589 | O117: =AVERAGE(V117,AB117,AH117,AN117,AT117,AZ117) -> 0.51187447 | P117: =AVERAGE(W117,AC117,AI117,AO117,AU117,BA117) -> #DIV/0! | R117: 0.90410959 | S117: 0.87116564 | T117: 0.64081633 | U117: 0.44654088 | V117: 0.39949109 | X117: 0.90410959 | Y117: 0.90184049 | Z117: 0.66122449 | AA117: 0.55345912 | AB117: 0.64631043 | AD117: 0.91780822 | AE117: 0.88957055 | AF117: 0.64081633 | AG117: 0.40566038 | AH117: 0.51145038 | AJ117: 0.87671233 | AK117: 0.88957055 | AL117: 0.63265306 | AM117: 0.56918239 | AN117: 0.55725191 | AP117: 0.93150685 | AQ117: 0.93251534 | AR117: 0.63673469 | AS117: 0.55974843 | AT117: 0.49872774 | AV117: 0.90410959 | AW117: 0.90797546 | AX117: 0.64489796 | AY117: 0.46226415 | AZ117: 0.45801527
J118: 2 | K118: =AVERAGE(R118,X118,AD118,AJ118,AP118,AV118) -> 0.80842912 | L118: =AVERAGE(S118,Y118,AE118,AK118,AQ118,AW118) -> 0.8 | M118: =AVERAGE(T118,Z118,AF118,AL118,AR118,AX118) -> 0.80357143 | N118: =AVERAGE(U118,AA118,AG118,AM118,AS118,AY118) -> 0.64616193 | O118: =AVERAGE(V118,AB118,AH118,AN118,AT118,AZ118) -> 0.5899067 | P118: =AVERAGE(W118,AC118,AI118,AO118,AU118,BA118) -> #DIV/0! | R118: 0.82758621 | S118: 0.73939394 | T118: 0.73015873 | U118: 0.68769716 | V118: 0.62340967 | X118: 0.77011494 | Y118: 0.81818182 | Z118: 0.85714286 | AA118: 0.70977918 | AB118: 0.54452926 | AD118: 0.8045977 | AE118: 0.78787879 | AF118: 0.82142857 | AG118: 0.64984227 | AH118: 0.6259542 | AJ118: 0.82758621 | AK118: 0.81212121 | AL118: 0.8015873 | AM118: 0.64037855 | AN118: 0.60305344 | AP118: 0.82758621 | AQ118: 0.83636364 | AR118: 0.8452381 | AS118: 0.65299685 | AT118: 0.53689567 | AV118: 0.79310345 | AW118: 0.80606061 | AX118: 0.76587302 | AY118: 0.5362776 | AZ118: 0.60559796
J119: 3 | K119: =AVERAGE(R119,X119,AD119,AJ119,AP119,AV119) -> 0.9875 | L119: =AVERAGE(S119,Y119,AE119,AK119,AQ119,AW119) -> 0.97634409 | M119: =AVERAGE(T119,Z119,AF119,AL119,AR119,AX119) -> 0.92018779 | N119: =AVERAGE(U119,AA119,AG119,AM119,AS119,AY119) -> 0.68206821 | O119: =AVERAGE(V119,AB119,AH119,AN119,AT119,AZ119) -> 0.471162 | P119: =AVERAGE(W119,AC119,AI119,AO119,AU119,BA119) -> #DIV/0! | R119: 0.9875 | S119: 0.98709677 | T119: 0.87323944 | U119: 0.71287129 | V119: 0.62340967 | X119: 0.9875 | Y119: 0.98064516 | Z119: 0.96713615 | AA119: 0.67986799 | AB119: 0.41221374 | AD119: 0.9875 | AE119: 0.97419355 | AF119: 0.95774648 | AG119: 0.79207921 | AH119: 0.50127226 | AJ119: 0.9875 | AK119: 0.96774194 | AL119: 0.95305164 | AM119: 0.61716172 | AN119: 0.56743003 | AP119: 0.9875 | AQ119: 0.98064516 | AR119: 0.8028169 | AS119: 0.56105611 | AT119: 0.39185751 | AV119: 0.9875 | AW119: 0.96774194 | AX119: 0.96713615 | AY119: 0.72937294 | AZ119: 0.3307888
J120: 4 | K120: =AVERAGE(R120,X120,AD120,AJ120,AP120,AV120) -> 0.98903509 | L120: =AVERAGE(S120,Y120,AE120,AK120,AQ120,AW120) -> 0.95642702 | M120: =AVERAGE(T120,Z120,AF120,AL120,AR120,AX120) -> 0.81020408 | N120: =AVERAGE(U120,AA120,AG120,AM120,AS120,AY120) -> 0.6284153 | O120: =AVERAGE(V120,AB120,AH120,AN120,AT120,AZ120) -> 0.42536047 | P120: =AVERAGE(W120,AC120,AI120,AO120,AU120,BA120) -> #DIV/0! | R120: 0.98684211 | S120: 0.93464052 | T120: 0.8122449 | U120: 0.57704918 | V120: 0.39694656 | X120: 0.98684211 | Y120: 0.96732026 | Z120: 0.90204082 | AA120: 0.66557377 | AB120: 0.50890585 | AD120: 1 | AE120: 0.96732026 | AF120: 0.78367347 | AG120: 0.62622951 | AH120: 0.42493639 | AJ120: 0.98684211 | AK120: 0.95424837 | AL120: 0.8122449 | AM120: 0.6 | AN120: 0.36132316 | AP120: 0.98684211 | AQ120: 0.94771242 | AR120: 0.71020408 | AS120: 0.66229508 | AT120: 0.41984733 | AV120: 0.98684211 | AW120: 0.96732026 | AX120: 0.84081633 | AY120: 0.63934426 | AZ120: 0.44020356
J121: 5 | K121: =AVERAGE(R121,X121,AD121,AJ121,AP121,AV121) -> 0.97727273 | L121: =AVERAGE(S121,Y121,AE121,AK121,AQ121,AW121) -> 0.94569288 | M121: =AVERAGE(T121,Z121,AF121,AL121,AR121,AX121) -> 0.77799736 | N121: =AVERAGE(U121,AA121,AG121,AM121,AS121,AY121) -> 0.58333333 | O121: =AVERAGE(V121,AB121,AH121,AN121,AT121,AZ121) -> 0.45971162 | P121: =AVERAGE(W121,AC121,AI121,AO121,AU121,BA121) -> #DIV/0! | R121: 0.97727273 | S121: 0.90449438 | T121: 0.83003953 | U121: 0.65662651 | V121: 0.50636132 | X121: 0.97727273 | Y121: 0.97752809 | Z121: 0.65217391 | AA121: 0.62650602 | AB121: 0.37150127 | AD121: 0.97727273 | AE121: 0.9494382 | AF121: 0.6916996 | AG121: 0.44578313 | AH121: 0.46310433 | AJ121: 0.97727273 | AK121: 0.97752809 | AL121: 0.80632411 | AM121: 0.59939759 | AN121: 0.45547074 | AP121: 0.97727273 | AQ121: 0.91573034 | AR121: 0.80237154 | AS121: 0.4939759 | AT121: 0.42239186 | AV121: 0.97727273 | AW121: 0.9494382 | AX121: 0.88537549 | AY121: 0.67771084 | AZ121: 0.5394402
J122: 6 | K122: =AVERAGE(R122,X122,AD122,AJ122,AP122,AV122) -> 0.9537037 | L122: =AVERAGE(S122,Y122,AE122,AK122,AQ122,AW122) -> 0.94785276 | M122: =AVERAGE(T122,Z122,AF122,AL122,AR122,AX122) -> 0.8494152 | N122: =AVERAGE(U122,AA122,AG122,AM122,AS122,AY122) -> 0.720022 | O122: =AVERAGE(V122,AB122,AH122,AN122,AT122,AZ122) -> 0.56912638 | P122: =AVERAGE(W122,AC122,AI122,AO122,AU122,BA122) -> #DIV/0! | R122: 0.95555556 | S122: 0.95705521 | T122: 0.89035088 | U122: 0.79867987 | V122: 0.50890585 | X122: 0.94444444 | Y122: 0.93865031 | Z122: 0.79824561 | AA122: 0.77227723 | AB122: 0.71755725 | AD122: 0.95555556 | AE122: 0.96319018 | AF122: 0.86842105 | AG122: 0.71947195 | AH122: 0.4783715 | AJ122: 0.96666667 | AK122: 0.9202454 | AL122: 0.78947368 | AM122: 0.61386139 | AN122: 0.5826972 | AP122: 0.95555556 | AQ122: 0.96319018 | AR122: 0.84649123 | AS122: 0.69636964 | AT122: 0.50127226 | AV122: 0.94444444 | AW122: 0.94478528 | AX122: 0.90350877 | AY122: 0.71947195 | AZ122: 0.6259542
J123: 7 | K123: =AVERAGE(R123,X123,AD123,AJ123,AP123,AV123) -> 0.9375 | L123: =AVERAGE(S123,Y123,AE123,AK123,AQ123,AW123) -> 0.95357143 | M123: =AVERAGE(T123,Z123,AF123,AL123,AR123,AX123) -> 0.63990826 | N123: =AVERAGE(U123,AA123,AG123,AM123,AS123,AY123) -> 0.62256586 | O123: =AVERAGE(V123,AB123,AH123,AN123,AT123,AZ123) -> 0.5072095 | P123: =AVERAGE(W123,AC123,AI123,AO123,AU123,BA123) -> #DIV/0! | R123: 0.9375 | S123: 0.97142857 | T123: 0.79357798 | U123: 0.50859107 | V123: 0.45292621 | X123: 0.9375 | Y123: 0.96428571 | Z123: 0.56422018 | AA123: 0.64261168 | AB123: 0.51145038 | AD123: 0.9375 | AE123: 0.97857143 | AF123: 0.55963303 | AG123: 0.57044674 | AH123: 0.52926209 | AJ123: 0.95 | AK123: 0.95714286 | AL123: 0.68807339 | AM123: 0.75257732 | AN123: 0.51399491 | AP123: 0.95 | AQ123: 0.91428571 | AR123: 0.67431193 | AS123: 0.59106529 | AT123: 0.52671756 | AV123: 0.9125 | AW123: 0.93571429 | AX123: 0.55963303 | AY123: 0.67010309 | AZ123: 0.50890585
J124: 8 | K124: =AVERAGE(R124,X124,AD124,AJ124,AP124,AV124) -> 0.94078947 | L124: =AVERAGE(S124,Y124,AE124,AK124,AQ124,AW124) -> 0.91103604 | M124: =AVERAGE(T124,Z124,AF124,AL124,AR124,AX124) -> 0.71212121 | N124: =AVERAGE(U124,AA124,AG124,AM124,AS124,AY124) -> 0.54550265 | O124: =AVERAGE(V124,AB124,AH124,AN124,AT124,AZ124) -> 0.44868533 | P124: =AVERAGE(W124,AC124,AI124,AO124,AU124,BA124) -> #DIV/0! | R124: 0.93421053 | S124: 0.93243243 | T124: 0.69834711 | U124: 0.60634921 | V124: 0.52417303 | X124: 0.92105263 | Y124: 0.93918919 | Z124: 0.71900826 | AA124: 0.43492063 | AB124: 0.43765903 | AD124: 0.94736842 | AE124: 0.93243243 | AF124: 0.73553719 | AG124: 0.6 | AH124: 0.44783715 | AJ124: 0.93421053 | AK124: 0.85810811 | AL124: 0.74380165 | AM124: 0.55555556 | AN124: 0.37913486 | AP124: 0.94736842 | AQ124: 0.91891892 | AR124: 0.71487603 | AS124: 0.66031746 | AT124: 0.45038168 | AV124: 0.96052632 | AW124: 0.88513514 | AX124: 0.66115702 | AY124: 0.41587302 | AZ124: 0.45292621
J125: 9 | K125: =AVERAGE(R125,X125,AD125,AJ125,AP125,AV125) -> 0.98717949 | L125: =AVERAGE(S125,Y125,AE125,AK125,AQ125,AW125) -> 0.92814371 | M125: =AVERAGE(T125,Z125,AF125,AL125,AR125,AX125) -> 0.80972222 | N125: =AVERAGE(U125,AA125,AG125,AM125,AS125,AY125) -> 0.7010929 | O125: =AVERAGE(V125,AB125,AH125,AN125,AT125,AZ125) -> 0.48006785 | P125: =AVERAGE(W125,AC125,AI125,AO125,AU125,BA125) -> #DIV/0! | R125: 0.98717949 | S125: 0.94610778 | T125: 0.875 | U125: 0.75737705 | V125: 0.4783715 | X125: 0.98717949 | Y125: 0.92215569 | Z125: 0.71666667 | AA125: 0.66229508 | AB125: 0.50381679 | AD125: 0.98717949 | AE125: 0.91616766 | AF125: 0.74166667 | AG125: 0.80655738 | AH125: 0.5394402 | AJ125: 0.98717949 | AK125: 0.95808383 | AL125: 0.9375 | AM125: 0.63934426 | AN125: 0.42493639 | AP125: 0.98717949 | AQ125: 0.94610778 | AR125: 0.80416667 | AS125: 0.6557377 | AT125: 0.46310433 | AV125: 0.98717949 | AW125: 0.88023952 | AX125: 0.78333333 | AY125: 0.6852459 | AZ125: 0.47073791
J126: 10 | K126: =AVERAGE(R126,X126,AD126,AJ126,AP126,AV126) -> 0.98684211 | L126: =AVERAGE(S126,Y126,AE126,AK126,AQ126,AW126) -> 0.95522388 | M126: =AVERAGE(T126,Z126,AF126,AL126,AR126,AX126) -> 0.81067251 | N126: =AVERAGE(U126,AA126,AG126,AM126,AS126,AY126) -> 0.61058201 | O126: =AVERAGE(V126,AB126,AH126,AN126,AT126,AZ126) -> 0.54452926 | P126: =AVERAGE(W126,AC126,AI126,AO126,AU126,BA126) -> #DIV/0! | R126: 0.98684211 | S126: 0.89552239 | T126: 0.85087719 | U126: 0.56507937 | V126: 0.65394402 | X126: 0.98684211 | Y126: 0.95522388 | Z126: 0.85526316 | AA126: 0.50793651 | AB126: 0.56997455 | AD126: 0.98684211 | AE126: 0.98507463 | AF126: 0.86842105 | AG126: 0.49206349 | AH126: 0.49618321 | AJ126: 0.98684211 | AK126: 0.98507463 | AL126: 0.78947368 | AM126: 0.75238095 | AN126: 0.54452926 | AP126: 0.98684211 | AQ126: 0.98507463 | AR126: 0.80701754 | AS126: 0.65396825 | AT126: 0.47073791 | AV126: 0.98684211 | AW126: 0.92537313 | AX126: 0.69298246 | AY126: 0.69206349 | AZ126: 0.53180662
J127: 11 | K127: =AVERAGE(R127,X127,AD127,AJ127,AP127,AV127) -> 0.89269406 | L127: =AVERAGE(S127,Y127,AE127,AK127,AQ127,AW127) -> 0.86423841 | M127: =AVERAGE(T127,Z127,AF127,AL127,AR127,AX127) -> 0.77572016 | N127: =AVERAGE(U127,AA127,AG127,AM127,AS127,AY127) -> 0.53575358 | O127: =AVERAGE(V127,AB127,AH127,AN127,AT127,AZ127) -> 0.48303647 | P127: =AVERAGE(W127,AC127,AI127,AO127,AU127,BA127) -> #DIV/0! | R127: 0.90410959 | S127: 0.87417219 | T127: 0.69547325 | U127: 0.5379538 | V127: 0.46310433 | X127: 0.90410959 | Y127: 0.89403974 | Z127: 0.80658436 | AA127: 0.62706271 | AB127: 0.48600509 | AD127: 0.93150685 | AE127: 0.90066225 | AF127: 0.82716049 | AG127: 0.4620462 | AH127: 0.48854962 | AJ127: 0.87671233 | AK127: 0.7615894 | AL127: 0.6872428 | AM127: 0.40924092 | AN127: 0.49618321 | AP127: 0.8630137 | AQ127: 0.90066225 | AR127: 0.79012346 | AS127: 0.60726073 | AT127: 0.51653944 | AV127: 0.87671233 | AW127: 0.85430464 | AX127: 0.84773663 | AY127: 0.5709571 | AZ127: 0.44783715
J128: 12 | K128: =AVERAGE(R128,X128,AD128,AJ128,AP128,AV128) -> 0.98907104 | L128: =AVERAGE(S128,Y128,AE128,AK128,AQ128,AW128) -> 0.8627451 | M128: =AVERAGE(T128,Z128,AF128,AL128,AR128,AX128) -> 0.78694969 | N128: =AVERAGE(U128,AA128,AG128,AM128,AS128,AY128) -> 0.76041667 | O128: =AVERAGE(V128,AB128,AH128,AN128,AT128,AZ128) -> 0.65988126 | P128: =AVERAGE(W128,AC128,AI128,AO128,AU128,BA128) -> #DIV/0! | R128: 0.98360656 | S128: 0.85294118 | T128: 0.82075472 | U128: 0.73355263 | V128: 0.66157761 | X128: 0.98360656 | Y128: 0.875 | Z128: 0.77830189 | AA128: 0.75 | AB128: 0.68193384 | AD128: 0.98360656 | AE128: 0.90441176 | AF128: 0.81132075 | AG128: 0.875 | AH128: 0.81933842 | AJ128: 0.98360656 | AK128: 0.86029412 | AL128: 0.88207547 | AM128: 0.82565789 | AN128: 0.65394402 | AP128: 1 | AQ128: 0.80882353 | AR128: 0.72641509 | AS128: 0.70065789 | AT128: 0.60050891 | AV128: 1 | AW128: 0.875 | AX128: 0.70283019 | AY128: 0.67763158 | AZ128: 0.54198473
... J146: 30 | K146: =AVERAGE(R146,X146,AD146,AJ146,AP146,AV146) -> 0.98717949 | L146: =AVERAGE(S146,Y146,AE146,AK146,AQ146,AW146) -> 0.95104895 | M146: =AVERAGE(T146,Z146,AF146,AL146,AR146,AX146) -> 0.86744186 | N146: =AVERAGE(U146,AA146,AG146,AM146,AS146,AY146) -> 0.76174863 | O146: =AVERAGE(V146,AB146,AH146,AN146,AT146,AZ146) -> 0.59966073 | P146: =AVERAGE(W146,AC146,AI146,AO146,AU146,BA146) -> #DIV/0! | R146: 0.98717949 | S146: 0.97202797 | T146: 0.94418605 | U146: 0.77377049 | V146: 0.65394402 | X146: 0.98717949 | Y146: 0.97202797 | Z146: 0.71627907 | AA146: 0.80327869 | AB146: 0.61832061 | AD146: 0.98717949 | AE146: 0.96503497 | AF146: 0.91627907 | AG146: 0.79344262 | AH146: 0.59796438 | AJ146: 0.98717949 | AK146: 0.95104895 | AL146: 0.82325581 | AM146: 0.68196721 | AN146: 0.55725191 | AP146: 0.98717949 | AQ146: 0.90909091 | AR146: 0.9255814 | AS146: 0.78032787 | AT146: 0.52926209 | AV146: 0.98717949 | AW146: 0.93706294 | AX146: 0.87906977 | AY146: 0.73770492 | AZ146: 0.64122137
K148: =AVERAGE(K117:K146) -> 0.95651239 | L148: =AVERAGE(L117:L146) -> 0.92162091 | M148: =AVERAGE(M117:M146) -> 0.77953284 | N148: =AVERAGE(N117:N146) -> 0.63142062 | O148: =AVERAGE(O117:O146) -> 0.51210065 | P148: =AVERAGE(P117:P146) -> #DIV/0! | R148: =AVERAGE(R117:R146) -> 0.9585684 | S148: =AVERAGE(S117:S146) -> 0.91989745 | T148: =AVERAGE(T117:T146) -> 0.79390208 | U148: =AVERAGE(U117:U146) -> 0.64237473 | V148: =AVERAGE(V117:V146) -> 0.51094148 | W148: =AVERAGE(W117:W146) -> #DIV/0! | X148: =AVERAGE(X117:X146) -> 0.95382731 | Y148: =AVERAGE(Y117:Y146) -> 0.92913812 | ... BA148: =AVERAGE(BA117:BA146) -> #DIV/0!
K151: k=3
S152: 1 | Y152: 2 | AE152: 3 | AK152: 4 | AQ152: 5 | AW152: 6
J153: ID | K153: Task 1 | L153: Task 2 | M153: Task 3 | N153: Task 4 | O153: Task 5 | P153: Task 6 | R153: Task 1 | S153: Task 2 | T153: Task 3 | U153: Task 4 | V153: Task 5 | W153: Task 6 | X153: Task 1 | Y153: Task 2 | Z153: Task 3 | AA153: Task 4 | AB153: Task 5 | AC153: Task 6 | AD153: Task 1 | AE153: Task 2 | AF153: Task 3 | AG153: Task 4 | AH153: Task 5 | AI153: Task 6 | AJ153: Task 1 | AK153: Task 2 | AL153: Task 3 | AM153: Task 4 | AN153: Task 5 | AO153: Task 6 | AP153: Task 1 | AQ153: Task 2 | AR153: Task 3 | AS153: Task 4 | AT153: Task 5 | AU153: Task 6 | AV153: Task 1 | AW153: Task 2 | AX153: Task 3 | AY153: Task 4 | AZ153: Task 5 | BA153: Task 6
J154: 1 | K154: =AVERAGE(R154,X154,AD154,AJ154,AP154,AV154) -> 0.90182648 | L154: =AVERAGE(S154,Y154,AE154,AK154,AQ154,AW154) -> 0.8793456 | M154: =AVERAGE(T154,Z154,AF154,AL154,AR154,AX154) -> 0.64217687 | N154: =AVERAGE(U154,AA154,AG154,AM154,AS154,AY154) -> 0.50366876 | O154: =AVERAGE(V154,AB154,AH154,AN154,AT154,AZ154) -> 0.49363868 | P154: =AVERAGE(W154,AC154,AI154,AO154,AU154,BA154) -> #DIV/0! | R154: 0.91780822 | S154: 0.78527607 | T154: 0.56326531 | U154: 0.48427673 | V154: 0.45038168 | X154: 0.87671233 | Y154: 0.88957055 | Z154: 0.6244898 | AA154: 0.50943396 | AB154: 0.55979644 | AD154: 0.89041096 | AE154: 0.88343558 | AF154: 0.70612245 | AG154: 0.46226415 | AH154: 0.49363868 | AJ154: 0.89041096 | AK154: 0.89570552 | AL154: 0.63673469 | AM154: 0.46226415 | AN154: 0.40966921 | AP154: 0.90410959 | AQ154: 0.91411043 | AR154: 0.66938776 | AS154: 0.55345912 | AT154: 0.51653944 | AV154: 0.93150685 | AW154: 0.90797546 | AX154: 0.65306122 | AY154: 0.55031447 | AZ154: 0.53180662
J155: 2 | K155: =AVERAGE(R155,X155,AD155,AJ155,AP155,AV155) -> 0.80842912 | L155: =AVERAGE(S155,Y155,AE155,AK155,AQ155,AW155) -> 0.8020202 | M155: =AVERAGE(T155,Z155,AF155,AL155,AR155,AX155) -> 0.77777778 | N155: =AVERAGE(U155,AA155,AG155,AM155,AS155,AY155) -> 0.65036803 | O155: =AVERAGE(V155,AB155,AH155,AN155,AT155,AZ155) -> 0.48006785 | P155: =AVERAGE(W155,AC155,AI155,AO155,AU155,BA155) -> #DIV/0! | R155: 0.82758621 | S155: 0.8 | T155: 0.80952381 | U155: 0.53312303 | V155: 0.3740458 | X155: 0.79310345 | Y155: 0.8 | Z155: 0.81746032 | AA155: 0.71293375 | AB155: 0.59287532 | AD155: 0.8045977 | AE155: 0.72727273 | AF155: 0.79365079 | AG155: 0.58044164 | AH155: 0.43002545 | AJ155: 0.85057471 | AK155: 0.83030303 | AL155: 0.72619048 | AM155: 0.72239748 | AN155: 0.47073791 | AP155: 0.74712644 | AQ155: 0.81818182 | AR155: 0.68253968 | AS155: 0.67507886 | AT155: 0.46564885 | AV155: 0.82758621 | AW155: 0.83636364 | AX155: 0.83730159 | AY155: 0.67823344 | AZ155: 0.54707379
J156: 3 | K156: =AVERAGE(R156,X156,AD156,AJ156,AP156,AV156) -> 0.9875 | L156: =AVERAGE(S156,Y156,AE156,AK156,AQ156,AW156) -> 0.97204301 | M156: =AVERAGE(T156,Z156,AF156,AL156,AR156,AX156) -> 0.94366197 | N156: =AVERAGE(U156,AA156,AG156,AM156,AS156,AY156) -> 0.72937294 | O156: =AVERAGE(V156,AB156,AH156,AN156,AT156,AZ156) -> 0.46310433 | P156: =AVERAGE(W156,AC156,AI156,AO156,AU156,BA156) -> #DIV/0! | R156: 0.9875 | S156: 0.98709677 | T156: 0.94835681 | U156: 0.77227723 | V156: 0.44020356 | X156: 0.9875 | Y156: 0.99354839 | Z156: 0.94835681 | AA156: 0.87128713 | AB156: 0.58015267 | AD156: 0.9875 | AE156: 0.98709677 | AF156: 0.93896714 | AG156: 0.73927393 | AH156: 0.49109415 | AJ156: 0.9875 | AK156: 0.96774194 | AL156: 0.95305164 | AM156: 0.64026403 | AN156: 0.40966921 | AP156: 0.9875 | AQ156: 0.90967742 | AR156: 0.92488263 | AS156: 0.68976898 | AT156: 0.51908397 | AV156: 0.9875 | AW156: 0.98709677 | AX156: 0.94835681 | AY156: 0.66336634 | AZ156: 0.33842239
J157: 4 | K157: =AVERAGE(R157,X157,AD157,AJ157,AP157,AV157) -> 0.98684211 | L157: =AVERAGE(S157,Y157,AE157,AK157,AQ157,AW157) -> 0.95098039 | M157: =AVERAGE(T157,Z157,AF157,AL157,AR157,AX157) -> 0.75918367 | N157: =AVERAGE(U157,AA157,AG157,AM157,AS157,AY157) -> 0.64153005 | O157: =AVERAGE(V157,AB157,AH157,AN157,AT157,AZ157) -> 0.471162 | P157: =AVERAGE(W157,AC157,AI157,AO157,AU157,BA157) -> #DIV/0! | R157: 0.98684211 | S157: 0.96078431 | T157: 0.80408163 | U157: 0.63934426 | V157: 0.40712468 | X157: 0.98684211 | Y157: 0.93464052 | Z157: 0.80816327 | AA157: 0.65245902 | AB157: 0.52671756 | AD157: 0.98684211 | AE157: 0.96078431 | AF157: 0.75102041 | AG157: 0.6 | AH157: 0.37659033 | AJ157: 0.98684211 | AK157: 0.94117647 | AL157: 0.59183673 | AM157: 0.5704918 | AN157: 0.38676845 | AP157: 0.98684211 | AQ157: 0.94771242 | AR157: 0.72653061 | AS157: 0.66557377 | AT157: 0.48854962 | AV157: 0.98684211 | AW157: 0.96078431 | AX157: 0.87346939 | AY157: 0.72131148 | AZ157: 0.64122137
J158: 5 | K158: =AVERAGE(R158,X158,AD158,AJ158,AP158,AV158) -> 0.97727273 | L158: =AVERAGE(S158,Y158,AE158,AK158,AQ158,AW158) -> 0.95599251 | M158: =AVERAGE(T158,Z158,AF158,AL158,AR158,AX158) -> 0.8030303 | N158: =AVERAGE(U158,AA158,AG158,AM158,AS158,AY158) -> 0.61144578 | O158: =AVERAGE(V158,AB158,AH158,AN158,AT158,AZ158) -> 0.43723494 | P158: =AVERAGE(W158,AC158,AI158,AO158,AU158,BA158) -> #DIV/0! | R158: 0.97727273 | S158: 0.96067416 | T158: 0.7826087 | U158: 0.51807229 | V158: 0.39694656 | X158: 0.97727273 | Y158: 0.92696629 | Z158: 0.71936759 | AA158: 0.52409639 | AB158: 0.38422392 | AD158: 0.97727273 | AE158: 0.93258427 | AF158: 0.75889328 | AG158: 0.65662651 | AH158: 0.50636132 | AJ158: 0.97727273 | AK158: 0.97752809 | AL158: 0.81818182 | AM158: 0.65060241 | AN158: 0.41221374 | AP158: 0.97727273 | AQ158: 0.97191011 | AR158: 0.88932806 | AS158: 0.49698795 | AT158: 0.44020356 | AV158: 0.97727273 | AW158: 0.96629213 | AX158: 0.84980237 | AY158: 0.82228916 | AZ158: 0.48346056
J159: 6 | K159: =AVERAGE(R159,X159,AD159,AJ159,AP159,AV159) -> 0.96111111 | L159: =AVERAGE(S159,Y159,AE159,AK159,AQ159,AW159) -> 0.92638037 | M159: =AVERAGE(T159,Z159,AF159,AL159,AR159,AX159) -> 0.74561404 | N159: =AVERAGE(U159,AA159,AG159,AM159,AS159,AY159) -> 0.60176018 | O159: =AVERAGE(V159,AB159,AH159,AN159,AT159,AZ159) -> 0.4783715 | P159: =AVERAGE(W159,AC159,AI159,AO159,AU159,BA159) -> #DIV/0! | R159: 0.96666667 | S159: 0.94478528 | T159: 0.77631579 | U159: 0.61056106 | V159: 0.50890585 | X159: 0.96666667 | Y159: 0.93865031 | Z159: 0.67982456 | AA159: 0.49834983 | AB159: 0.46819338 | AD159: 0.95555556 | AE159: 0.8404908 | AF159: 0.77631579 | AG159: 0.59405941 | AH159: 0.41221374 | AJ159: 0.96666667 | AK159: 0.93865031 | AL159: 0.79824561 | AM159: 0.72937294 | AN159: 0.50381679 | AP159: 0.94444444 | AQ159: 0.93251534 | AR159: 0.67982456 | AS159: 0.59075908 | AT159: 0.53180662 | AV159: 0.96666667 | AW159: 0.96319018 | AX159: 0.76315789 | AY159: 0.58745875 | AZ159: 0.44529262
J160: 7 | K160: =AVERAGE(R160,X160,AD160,AJ160,AP160,AV160) -> 0.9625 | L160: =AVERAGE(S160,Y160,AE160,AK160,AQ160,AW160) -> 0.94285714 | M160: =AVERAGE(T160,Z160,AF160,AL160,AR160,AX160) -> 0.61009174 | N160: =AVERAGE(U160,AA160,AG160,AM160,AS160,AY160) -> 0.56357388 | O160: =AVERAGE(V160,AB160,AH160,AN160,AT160,AZ160) -> 0.51314673 | P160: =AVERAGE(W160,AC160,AI160,AO160,AU160,BA160) -> #DIV/0! | R160: 0.95 | S160: 0.94285714 | T160: 0.60091743 | U160: 0.52233677 | V160: 0.45038168 | X160: 1 | Y160: 0.92142857 | Z160: 0.55045872 | AA160: 0.5257732 | AB160: 0.43765903 | AD160: 0.95 | AE160: 0.9 | AF160: 0.48623853 | AG160: 0.62199313 | AH160: 0.53689567 | AJ160: 0.95 | AK160: 0.95714286 | AL160: 0.63302752 | AM160: 0.59106529 | AN160: 0.63613232 | AP160: 0.9875 | AQ160: 0.96428571 | AR160: 0.79357798 | AS160: 0.57731959 | AT160: 0.51399491 | AV160: 0.9375 | AW160: 0.97142857 | AX160: 0.59633028 | AY160: 0.54295533 | AZ160: 0.50381679
J161: 8 | K161: =AVERAGE(R161,X161,AD161,AJ161,AP161,AV161) -> 0.94517544 | L161: =AVERAGE(S161,Y161,AE161,AK161,AQ161,AW161) -> 0.89527027 | M161: =AVERAGE(T161,Z161,AF161,AL161,AR161,AX161) -> 0.69214876 | N161: =AVERAGE(U161,AA161,AG161,AM161,AS161,AY161) -> 0.56825397 | O161: =AVERAGE(V161,AB161,AH161,AN161,AT161,AZ161) -> 0.52078032 | P161: =AVERAGE(W161,AC161,AI161,AO161,AU161,BA161) -> #DIV/0! | R161: 0.92105263 | S161: 0.92567568 | T161: 0.7768595 | U161: 0.56825397 | V161: 0.50636132 | X161: 0.94736842 | Y161: 0.88513514 | Z161: 0.65702479 | AA161: 0.58095238 | AB161: 0.41984733 | AD161: 0.94736842 | AE161: 0.81756757 | AF161: 0.65702479 | AG161: 0.5015873 | AH161: 0.5394402 | AJ161: 0.96052632 | AK161: 0.91216216 | AL161: 0.71487603 | AM161: 0.56507937 | AN161: 0.49109415 | AP161: 0.96052632 | AQ161: 0.92567568 | AR161: 0.70247934 | AS161: 0.48888889 | AT161: 0.59541985 | AV161: 0.93421053 | AW161: 0.90540541 | AX161: 0.6446281 | AY161: 0.7047619 | AZ161: 0.57251908
J162: 9 | K162: =AVERAGE(R162,X162,AD162,AJ162,AP162,AV162) -> 0.98717949 | L162: =AVERAGE(S162,Y162,AE162,AK162,AQ162,AW162) -> 0.93413174 | M162: =AVERAGE(T162,Z162,AF162,AL162,AR162,AX162) -> 0.73819444 | N162: =AVERAGE(U162,AA162,AG162,AM162,AS162,AY162) -> 0.67540984 | O162: =AVERAGE(V162,AB162,AH162,AN162,AT162,AZ162) -> 0.51738762 | P162: =AVERAGE(W162,AC162,AI162,AO162,AU162,BA162) -> #DIV/0! | R162: 0.98717949 | S162: 0.94610778 | T162: 0.7875 | U162: 0.73114754 | V162: 0.63104326 | X162: 0.98717949 | Y162: 0.90419162 | Z162: 0.76666667 | AA162: 0.66885246 | AB162: 0.48600509 | AD162: 0.98717949 | AE162: 0.89221557 | AF162: 0.65 | AG162: 0.66229508 | AH162: 0.51145038 | AJ162: 0.98717949 | AK162: 0.95209581 | AL162: 0.7625 | AM162: 0.72459016 | AN162: 0.61832061 | AP162: 0.98717949 | AQ162: 0.95209581 | AR162: 0.69166667 | AS162: 0.60327869 | AT162: 0.34096692 | AV162: 0.98717949 | AW162: 0.95808383 | AX162: 0.77083333 | AY162: 0.66229508 | AZ162: 0.51653944
...

Sheet Person_1
K3: k=0.25
S4: 1 | Y4: 2 | AE4: 3 | AK4: 4 | AQ4: 5 | AW4: 6
A5: k | B5: Task 1 | C5: Task 2 | D5: Task 3 | E5: Task 4 | F5: Task 5 | G5: Task 6 | J5: ID | K5: Task 1 | L5: Task 2 | M5: Task 3 | N5: Task 4 | O5: Task 5 | P5: Task 6 | R5: Task 1 | S5: Task 2 | T5: Task 3 | U5: Task 4 | V5: Task 5 | W5: Task 6 | X5: Task 1 | Y5: Task 2 | Z5: Task 3 | AA5: Task 4 | AB5: Task 5 | AC5: Task 6 | AD5: Task 1 | AE5: Task 2 | AF5: Task 3 | AG5: Task 4 | AH5: Task 5 | AI5: Task 6 | AJ5: Task 1 | AK5: Task 2 | AL5: Task 3 | AM5: Task 4 | AN5: Task 5 | AO5: Task 6 | AP5: Task 1 | AQ5: Task 2 | AR5: Task 3 | AS5: Task 4 | AT5: Task 5 | AU5: Task 6 | AV5: Task 1 | AW5: Task 2 | AX5: Task 3 | AY5: Task 4 | AZ5: Task 5 | BA5: Task 6 | BD5: =A6 -> 0.25 | BE5: Task 1 | BF5: Task 2 | BG5: Task 3 | BH5: Task 4 | BI5: Task 5 | BJ5: Task 6
A6: 0.25 | B6: =AVERAGE(K6:K35) -> 0.92993827 | C6: =AVERAGE(L6:L35) -> 0.88725019 | D6: =AVERAGE(M6:M35) -> 0.7596864 | E6: =AVERAGE(N6:N35) -> 0.6297988 | F6: =AVERAGE(O6:O35) -> 0.52846491 | G6: =AVERAGE(P6:P35) -> #DIV/0! | J6: 1 | K6: =AVERAGE(R6,X6,AD6,AJ6,AP6,AV6) -> 0.87229437 | L6: =AVERAGE(S6,Y6,AE6,AK6,AQ6,AW6) -> 0.88203463 | M6: =AVERAGE(T6,Z6,AF6,AL6,AR6,AX6) -> 0.7177305 | N6: =AVERAGE(U6,AA6,AG6,AM6,AS6,AY6) -> 0.56545655 | O6: =AVERAGE(V6,AB6,AH6,AN6,AT6,AZ6) -> 0.58289474 | P6: =AVERAGE(W6,AC6,AI6,AO6,AU6,BA6) -> #DIV/0! | R6: 0.92207792 | S6: 0.88961039 | T6: 0.73191489 | U6: 0.6039604 | V6: 0.46578947 | X6: 0.88311688 | Y6: 0.87012987 | Z6: 0.74468085 | AA6: 0.51815182 | AB6: 0.64473684 | AD6: 0.87012987 | AE6: 0.88961039 | AF6: 0.73191489 | AG6: 0.65346535 | AH6: 0.59210526 | AJ6: 0.85714286 | AK6: 0.90909091 | AL6: 0.73191489 | AM6: 0.55115512 | AN6: 0.53947368 | AP6: 0.84415584 | AQ6: 0.84415584 | AR6: 0.63829787 | AS6: 0.54785479 | AT6: 0.62368421 | AV6: 0.85714286 | AW6: 0.88961039 | AX6: 0.72765957 | AY6: 0.51815182 | AZ6: 0.63157895 | BD6: 1 | BE6: =$R$37 -> 0.93328865 | BF6: =$S$37 -> 0.8808287 | BG6: =$T$37 -> 0.76286472 | BH6: =$U$37 -> 0.62899179 | BI6: =$V$37 -> 0.52947368 | BJ6: =$W$37 -> #DIV/0!
A7: 0.5 | B7: =AVERAGE(K43:K72) -> 0.93034527 | C7: =AVERAGE(L43:L72) -> 0.90085465 | D7: =AVERAGE(M43:M72) -> 0.77328329 | E7: =AVERAGE(N43:N72) -> 0.63316974 | F7: =AVERAGE(O43:O72) -> 0.53258772 | G7: =AVERAGE(P43:P72) -> #DIV/0! | J7: 2 | K7: =AVERAGE(R7,X7,AD7,AJ7,AP7,AV7) -> 0.92777778 | L7: =AVERAGE(S7,Y7,AE7,AK7,AQ7,AW7) -> 0.81573499 | M7: =AVERAGE(T7,Z7,AF7,AL7,AR7,AX7) -> 0.80296896 | N7: =AVERAGE(U7,AA7,AG7,AM7,AS7,AY7) -> 0.73344371 | O7: =AVERAGE(V7,AB7,AH7,AN7,AT7,AZ7) -> 0.47587719 | P7: =AVERAGE(W7,AC7,AI7,AO7,AU7,BA7) -> #DIV/0! | R7: 0.93333333 | S7: 0.90062112 | T7: 0.87854251 | U7: 0.76821192 | V7: 0.56315789 | X7: 0.9 | Y7: 0.9068323 | Z7: 0.70850202 | AA7: 0.82450331 | AB7: 0.47105263 | AD7: 0.95555556 | AE7: 0.7515528 | AF7: 0.80566802 | AG7: 0.82781457 | AH7: 0.4 | AJ7: 0.93333333 | AK7: 0.80745342 | AL7: 0.82995951 | AM7: 0.66556291 | AN7: 0.49736842 | AP7: 0.91111111 | AQ7: 0.76397516 | AR7: 0.80566802 | AS7: 0.65562914 | AT7: 0.37368421 | AV7: 0.93333333 | AW7: 0.76397516 | AX7: 0.78947368 | AY7: 0.6589404 | AZ7: 0.55 | BD7: 2 | BE7: =$X$37 -> 0.93028058 | BF7: =$Y$37 -> 0.8957486 | BG7: =$Z$37 -> 0.76834499 | BH7: =$AA$37 -> 0.65850386 | BI7: =$AB$37 -> 0.53877193 | BJ7: =$AC$37 -> #DIV/0!
A8: 1 | B8: =AVERAGE(K80:K109) -> 0.92894141 | C8: =AVERAGE(L80:L109) -> 0.90059358 | D8: =AVERAGE(M80:M109) -> 0.77407565 | E8: =AVERAGE(N80:N109) -> 0.62943851 | F8: =AVERAGE(O80:O109) -> 0.54109649 | G8: =AVERAGE(P80:P109) -> #DIV/0! | J8: 3 | K8: =AVERAGE(R8,X8,AD8,AJ8,AP8,AV8) -> 0.94623656 | L8: =AVERAGE(S8,Y8,AE8,AK8,AQ8,AW8) -> 0.95203837 | M8: =AVERAGE(T8,Z8,AF8,AL8,AR8,AX8) -> 0.86125212 | N8: =AVERAGE(U8,AA8,AG8,AM8,AS8,AY8) -> 0.60652921 | O8: =AVERAGE(V8,AB8,AH8,AN8,AT8,AZ8) -> 0.55877193 | P8: =AVERAGE(W8,AC8,AI8,AO8,AU8,BA8) -> #DIV/0! | R8: 0.93548387 | S8: 0.95683453 | T8: 0.88832487 | U8: 0.54295533 | V8: 0.55 | X8: 0.93548387 | Y8: 0.96402878 | Z8: 0.8680203 | AA8: 0.65635739 | AB8: 0.57894737 | AD8: 0.93548387 | AE8: 0.9352518 | AF8: 0.87817259 | AG8: 0.51546392 | AH8: 0.56578947 | AJ8: 0.96774194 | AK8: 0.9352518 | AL8: 0.80203046 | AM8: 0.56701031 | AN8: 0.59736842 | AP8: 0.93548387 | AQ8: 0.95683453 | AR8: 0.86294416 | AS8: 0.58075601 | AT8: 0.56578947 | AV8: 0.96774194 | AW8: 0.96402878 | AX8: 0.8680203 | AY8: 0.7766323 | AZ8: 0.49473684 | BD8: 3 | BE8: =$AD$37 -> 0.92782022 | BF8: =$AE$37 -> 0.88719598 | BG8: =$AF$37 -> 0.76343774 | BH8: =$AG$37 -> 0.61318762 | BI8: =$AH$37 -> 0.51640351 | BJ8: =$AI$37 -> #DIV/0!
A9: 2 | B9: =AVERAGE(K117:K146) -> 0.92826772 | C9: =AVERAGE(L117:L146) -> 0.90442022 | D9: =AVERAGE(M117:M146) -> 0.76064326 | E9: =AVERAGE(N117:N146) -> 0.62387425 | F9: =AVERAGE(O117:O146) -> 0.52355263 | G9: =AVERAGE(P117:P146) -> #DIV/0! | J9: 4 | K9: =AVERAGE(R9,X9,AD9,AJ9,AP9,AV9) -> 0.92929293 | L9: =AVERAGE(S9,Y9,AE9,AK9,AQ9,AW9) -> 0.88297872 | M9: =AVERAGE(T9,Z9,AF9,AL9,AR9,AX9) -> 0.75175809 | N9: =AVERAGE(U9,AA9,AG9,AM9,AS9,AY9) -> 0.5182025 | O9: =AVERAGE(V9,AB9,AH9,AN9,AT9,AZ9) -> 0.53464912 | P9: =AVERAGE(W9,AC9,AI9,AO9,AU9,BA9) -> #DIV/0! | R9: 0.93939394 | S9: 0.88652482 | T9: 0.70886076 | U9: 0.45733788 | V9: 0.47368421 | X9: 0.92424242 | Y9: 0.90070922 | Z9: 0.70464135 | AA9: 0.54948805 | AB9: 0.58157895 | AD9: 0.92424242 | AE9: 0.90780142 | AF9: 0.89451477 | AG9: 0.63822526 | AH9: 0.61842105 | AJ9: 0.93939394 | AK9: 0.85106383 | AL9: 0.72995781 | AM9: 0.50511945 | AN9: 0.58421053 | AP9: 0.92424242 | AQ9: 0.87943262 | AR9: 0.80590717 | AS9: 0.48122867 | AT9: 0.56578947 | AV9: 0.92424242 | AW9: 0.87234043 | AX9: 0.66666667 | AY9: 0.4778157 | AZ9: 0.38421053 | BD9: 4 | BE9: =$AJ$37 -> 0.93222686 | BF9: =$AK$37 -> 0.8885684 | BG9: =$AL$37 -> 0.7508717 | BH9: =$AM$37 -> 0.6176805 | BI9: =$AN$37 -> 0.52745614 | BJ9: =$AO$37 -> #DIV/0!
A10: 3 | B10: =AVERAGE(K154:K183) -> 0.93037753 | C10: =AVERAGE(L154:L183) -> 0.91208718 | D10: =AVERAGE(M154:M183) -> 0.7605043 | E10: =AVERAGE(N154:N183) -> 0.63051373 | F10: =AVERAGE(O154:O183) -> 0.52135965 | G10: =AVERAGE(P154:P183) -> #DIV/0! | J10: 5 | K10: =AVERAGE(R10,X10,AD10,AJ10,AP10,AV10) -> 0.98275862 | L10: =AVERAGE(S10,Y10,AE10,AK10,AQ10,AW10) -> 0.94308943 | M10: =AVERAGE(T10,Z10,AF10,AL10,AR10,AX10) -> 0.84072581 | N10: =AVERAGE(U10,AA10,AG10,AM10,AS10,AY10) -> 0.68587747 | O10: =AVERAGE(V10,AB10,AH10,AN10,AT10,AZ10) -> 0.46798246 | P10: =AVERAGE(W10,AC10,AI10,AO10,AU10,BA10) -> #DIV/0! | R10: 0.98850575 | S10: 0.9695122 | T10: 0.85483871 | U10: 0.7165109 | V10: 0.51315789 | X10: 0.97701149 | Y10: 0.94512195 | Z10: 0.84677419 | AA10: 0.71339564 | AB10: 0.39473684 | AD10: 0.98850575 | AE10: 0.93902439 | AF10: 0.81451613 | AG10: 0.62305296 | AH10: 0.33421053 | AJ10: 0.97701149 | AK10: 0.92073171 | AL10: 0.80645161 | AM10: 0.74143302 | AN10: 0.39473684 | AP10: 1 | AQ10: 0.95731707 | AR10: 0.84274194 | AS10: 0.68535826 | AT10: 0.6 | AV10: 0.96551724 | AW10: 0.92682927 | AX10: 0.87903226 | AY10: 0.63551402 | AZ10: 0.57105263 | BD10: 5 | BE10: =$AP$37 -> 0.92469991 | BF10: =$AQ$37 -> 0.88540441 | BG10: =$AR$37 -> 0.75214539 | BH10: =$AS$37 -> 0.63964421 | BI10: =$AT$37 -> 0.52561404 | BJ10: =$AU$37 -> #DIV/0!
J11: 6 | K11: =AVERAGE(R11,X11,AD11,AJ11,AP11,AV11) -> 0.90842491 | L11: =AVERAGE(S11,Y11,AE11,AK11,AQ11,AW11) -> 0.84935897 | M11: =AVERAGE(T11,Z11,AF11,AL11,AR11,AX11) -> 0.69352291 | N11: =AVERAGE(U11,AA11,AG11,AM11,AS11,AY11) -> 0.62703963 | O11: =AVERAGE(V11,AB11,AH11,AN11,AT11,AZ11) -> 0.55307018 | P11: =AVERAGE(W11,AC11,AI11,AO11,AU11,BA11) -> #DIV/0! | R11: 0.9010989 | S11: 0.80128205 | T11: 0.76303318 | U11: 0.64335664 | V11: 0.53157895 | X11: 0.91208791 | Y11: 0.84615385 | Z11: 0.55924171 | AA11: 0.55944056 | AB11: 0.57368421 | AD11: 0.89010989 | AE11: 0.83974359 | AF11: 0.65402844 | AG11: 0.41958042 | AH11: 0.53421053 | AJ11: 0.92307692 | AK11: 0.88461538 | AL11: 0.72037915 | AM11: 0.63286713 | AN11: 0.54736842 | AP11: 0.92307692 | AQ11: 0.87179487 | AR11: 0.78199052 | AS11: 0.77272727 | AT11: 0.59210526 | AV11: 0.9010989 | AW11: 0.8525641 | AX11: 0.68246445 | AY11: 0.73426573 | AZ11: 0.53947368 | BD11: 6 | BE11: =$AV$37 -> 0.9313134 | BF11: =$AW$37 -> 0.88575507 | BG11: =$AX$37 -> 0.76045384 | BH11: =$AY$37 -> 0.6207848 | BI11: =$AZ$37 -> 0.53307018 | BJ11: =$BA$37 -> #DIV/0!
J12: 7 | K12: =AVERAGE(R12,X12,AD12,AJ12,AP12,AV12) -> 0.95495495 | L12: =AVERAGE(S12,Y12,AE12,AK12,AQ12,AW12) -> 0.87051282 | M12: =AVERAGE(T12,Z12,AF12,AL12,AR12,AX12) -> 0.71937984 | N12: =AVERAGE(U12,AA12,AG12,AM12,AS12,AY12) -> 0.63630952 | O12: =AVERAGE(V12,AB12,AH12,AN12,AT12,AZ12) -> 0.56666667 | P12: =AVERAGE(W12,AC12,AI12,AO12,AU12,BA12) -> #DIV/0! | R12: 0.95945946 | S12: 0.85384615 | T12: 0.70697674 | U12: 0.6 | V12: 0.51052632 | X12: 0.97297297 | Y12: 0.81538462 | Z12: 0.81860465 | AA12: 0.74642857 | AB12: 0.57368421 | AD12: 0.94594595 | AE12: 0.86153846 | AF12: 0.66976744 | AG12: 0.825 | AH12: 0.56315789 | AJ12: 0.94594595 | AK12: 0.84615385 | AL12: 0.6372093 | AM12: 0.50714286 | AN12: 0.55789474 | AP12: 0.93243243 | AQ12: 0.91538462 | AR12: 0.60465116 | AS12: 0.625 | AT12: 0.56578947 | AV12: 0.97297297 | AW12: 0.93076923 | AX12: 0.87906977 | AY12: 0.51428571 | AZ12: 0.62894737
J13: 8 | K13: =AVERAGE(R13,X13,AD13,AJ13,AP13,AV13) -> 0.85042735 | L13: =AVERAGE(S13,Y13,AE13,AK13,AQ13,AW13) -> 0.78030303 | M13: =AVERAGE(T13,Z13,AF13,AL13,AR13,AX13) -> 0.76694329 | N13: =AVERAGE(U13,AA13,AG13,AM13,AS13,AY13) -> 0.5 | O13: =AVERAGE(V13,AB13,AH13,AN13,AT13,AZ13) -> 0.49649123 | P13: =AVERAGE(W13,AC13,AI13,AO13,AU13,BA13) -> #DIV/0! | R13: 0.84615385 | S13: 0.81818182 | T13: 0.78008299 | U13: 0.49514563 | V13: 0.46315789 | X13: 0.84615385 | Y13: 0.74675325 | Z13: 0.77178423 | AA13: 0.46601942 | AB13: 0.5 | AD13: 0.83333333 | AE13: 0.79220779 | AF13: 0.78008299 | AG13: 0.50485437 | AH13: 0.48947368 | AJ13: 0.87179487 | AK13: 0.82467532 | AL13: 0.7593361 | AM13: 0.4789644 | AN13: 0.48684211 | AP13: 0.83333333 | AQ13: 0.77922078 | AR13: 0.76763485 | AS13: 0.57281553 | AT13: 0.49473684 | AV13: 0.87179487 | AW13: 0.72077922 | AX13: 0.74273859 | AY13: 0.48220065 | AZ13: 0.54473684 | BD13: =A7 -> 0.5 | BE13: Task 1 | BF13: Task 2 | BG13: Task 3 | BH13: Task 4 | BI13: Task 5 | BJ13: Task 6
J14: 9 | K14: =AVERAGE(R14,X14,AD14,AJ14,AP14,AV14) -> 0.97188755 | L14: =AVERAGE(S14,Y14,AE14,AK14,AQ14,AW14) -> 0.91325536 | M14: =AVERAGE(T14,Z14,AF14,AL14,AR14,AX14) -> 0.68466667 | N14: =AVERAGE(U14,AA14,AG14,AM14,AS14,AY14) -> 0.51584699 | O14: =AVERAGE(V14,AB14,AH14,AN14,AT14,AZ14) -> 0.39254386 | P14: =AVERAGE(W14,AC14,AI14,AO14,AU14,BA14) -> #DIV/0! | R14: 0.97590361 | S14: 0.94736842 | T14: 0.68 | U14: 0.57377049 | V14: 0.36315789 | X14: 0.97590361 | Y14: 0.95906433 | Z14: 0.644 | AA14: 0.57377049 | AB14: 0.47368421 | AD14: 0.97590361 | AE14: 0.85964912 | AF14: 0.668 | AG14: 0.38032787 | AH14: 0.35 | AJ14: 0.96385542 | AK14: 0.9005848 | AL14: 0.712 | AM14: 0.41967213 | AN14: 0.36578947 | AP14: 0.96385542 | AQ14: 0.93567251 | AR14: 0.664 | AS14: 0.51147541 | AT14: 0.45526316 | AV14: 0.97590361 | AW14: 0.87719298 | AX14: 0.74 | AY14: 0.63606557 | AZ14: 0.34736842 | BD14: 1 | BE14: =$R$74 -> 0.92976777 | BF14: =$S$74 -> 0.89994934 | BG14: =$T$74 -> 0.77303413 | BH14: =$U$74 -> 0.62407043 | BI14: =$V$74 -> 0.53885965 | BJ14: =$W$74 -> #DIV/0!
J15: 10 | K15: =AVERAGE(R15,X15,AD15,AJ15,AP15,AV15) -> 0.93489583 | L15: =AVERAGE(S15,Y15,AE15,AK15,AQ15,AW15) -> 0.8852459 | M15: =AVERAGE(T15,Z15,AF15,AL15,AR15,AX15) -> 0.81419458 | N15: =AVERAGE(U15,AA15,AG15,AM15,AS15,AY15) -> 0.68813559 | O15: =AVERAGE(V15,AB15,AH15,AN15,AT15,AZ15) -> 0.54692982 | P15: =AVERAGE(W15,AC15,AI15,AO15,AU15,BA15) -> #DIV/0! | R15: 0.9375 | S15: 0.90983607 | T15: 0.77990431 | U15: 0.66779661 | V15: 0.51315789 | X15: 0.921875 | Y15: 0.86885246 | Z15: 0.83732057 | AA15: 0.69830508 | AB15: 0.54473684 | AD15: 0.9375 | AE15: 0.87704918 | AF15: 0.80382775 | AG15: 0.63050847 | AH15: 0.54473684 | AJ15: 0.9375 | AK15: 0.90163934 | AL15: 0.83253589 | AM15: 0.74576271 | AN15: 0.59736842 | AP15: 0.9375 | AQ15: 0.86885246 | AR15: 0.84688995 | AS15: 0.68474576 | AT15: 0.56578947 | AV15: 0.9375 | AW15: 0.8852459 | AX15: 0.784689 | AY15: 0.70169492 | AZ15: 0.51578947 | BD15: 2 | BE15: =$X$74 -> 0.92620174 | BF15: =$Y$74 -> 0.8984745 | BG15: =$Z$74 -> 0.77906431 | BH15: =$AA$74 -> 0.62950191 | BI15: =$AB$74 -> 0.53175439 | BJ15: =$AC$74 -> #DIV/0!
J16: 11 | K16: =AVERAGE(R16,X16,AD16,AJ16,AP16,AV16) -> 0.87229437 | L16: =AVERAGE(S16,Y16,AE16,AK16,AQ16,AW16) -> 0.8590535 | M16: =AVERAGE(T16,Z16,AF16,AL16,AR16,AX16) -> 0.73481781 | N16: =AVERAGE(U16,AA16,AG16,AM16,AS16,AY16) -> 0.62651265 | O16: =AVERAGE(V16,AB16,AH16,AN16,AT16,AZ16) -> 0.59473684 | P16: =AVERAGE(W16,AC16,AI16,AO16,AU16,BA16) -> #DIV/0! | R16: 0.92207792 | S16: 0.86419753 | T16: 0.70850202 | U16: 0.54455446 | V16: 0.50789474 | X16: 0.85714286 | Y16: 0.86419753 | Z16: 0.72874494 | AA16: 0.71287129 | AB16: 0.62368421 | AD16: 0.87012987 | AE16: 0.88271605 | AF16: 0.7611336 | AG16: 0.58745875 | AH16: 0.62105263 | AJ16: 0.87012987 | AK16: 0.82716049 | AL16: 0.72874494 | AM16: 0.55775578 | AN16: 0.57894737 | AP16: 0.85714286 | AQ16: 0.85802469 | AR16: 0.69230769 | AS16: 0.73267327 | AT16: 0.62631579 | AV16: 0.85714286 | AW16: 0.85802469 | AX16: 0.78947368 | AY16: 0.62376238 | AZ16: 0.61052632 | BD16: 3 | BE16: =$AD$74 -> 0.93018018 | BF16: =$AE$74 -> 0.90356846 | BG16: =$AF$74 -> 0.77499169 | BH16: =$AG$74 -> 0.64047584 | BI16: =$AH$74 -> 0.52070175 | BJ16: =$AI$74 -> #DIV/0!
J17: 12 | K17: =AVERAGE(R17,X17,AD17,AJ17,AP17,AV17) -> 0.91812865 | L17: =AVERAGE(S17,Y17,AE17,AK17,AQ17,AW17) -> 0.8356974 | M17: =AVERAGE(T17,Z17,AF17,AL17,AR17,AX17) -> 0.77536232 | N17: =AVERAGE(U17,AA17,AG17,AM17,AS17,AY17) -> 0.7619863 | O17: =AVERAGE(V17,AB17,AH17,AN17,AT17,AZ17) -> 0.66403509 | P17: =AVERAGE(W17,AC17,AI17,AO17,AU17,BA17) -> #DIV/0! | R17: 0.9122807 | S17: 0.79432624 | T17: 0.7826087 | U17: 0.75342466 | V17: 0.60526316 | X17: 0.92982456 | Y17: 0.90070922 | Z17: 0.89371981 | AA17: 0.80136986 | AB17: 0.75789474 | AD17: 0.89473684 | AE17: 0.81560284 | AF17: 0.79227053 | AG17: 0.69863014 | AH17: 0.61578947 | AJ17: 0.9122807 | AK17: 0.79432624 | AL17: 0.76328502 | AM17: 0.78424658 | AN17: 0.68157895 | AP17: 0.92982456 | AQ17: 0.82269504 | AR17: 0.62801932 | AS17: 0.75342466 | AT17: 0.63684211 | AV17: 0.92982456 | AW17: 0.88652482 | AX17: 0.79227053 | AY17: 0.78082192 | AZ17: 0.68684211 | BD17: 4 | BE17: =$AJ$74 -> 0.92929876 | BF17: =$AK$74 -> 0.90289842 | BG17: =$AL$74 -> 0.77607114 | BH17: =$AM$74 -> 0.63447408 | BI17: =$AN$74 -> 0.53236842 | BJ17: =$AO$74 -> #DIV/0!
J18: 13 | K18: =AVERAGE(R18,X18,AD18,AJ18,AP18,AV18) -> 0.84188034 | L18: =AVERAGE(S18,Y18,AE18,AK18,AQ18,AW18) -> 0.77985075 | M18: =AVERAGE(T18,Z18,AF18,AL18,AR18,AX18) -> 0.74723539 | N18: =AVERAGE(U18,AA18,AG18,AM18,AS18,AY18) -> 0.59754738 | O18: =AVERAGE(V18,AB18,AH18,AN18,AT18,AZ18) -> 0.58026316 | P18: =AVERAGE(W18,AC18,AI18,AO18,AU18,BA18) -> #DIV/0! | R18: 0.85897436 | S18: 0.71641791 | T18: 0.76777251 | U18: 0.5451505 | V18: 0.61578947 | X18: 0.85897436 | Y18: 0.7761194 | Z18: 0.76777251 | AA18: 0.73578595 | AB18: 0.65526316 | AD18: 0.80769231 | AE18: 0.7761194 | AF18: 0.73459716 | AG18: 0.53846154 | AH18: 0.56842105 | AJ18: 0.83333333 | AK18: 0.8358209 | AL18: 0.73459716 | AM18: 0.53846154 | AN18: 0.57368421 | AP18: 0.84615385 | AQ18: 0.78358209 | AR18: 0.72511848 | AS18: 0.64548495 | AT18: 0.58421053 | AV18: 0.84615385 | AW18: 0.79104478 | AX18: 0.7535545 | AY18: 0.5819398 | AZ18: 0.48421053 | BD18: 5 | BE18: =$AP$74 -> 0.93444644 | BF18: =$AQ$74 -> 0.89995084 | BG18: =$AR$74 -> 0.76735435 | BH18: =$AS$74 -> 0.63346646 | BI18: =$AT$74 -> 0.5354386 | BJ18: =$AU$74 -> #DIV/0!
J19: 14 | K19: =AVERAGE(R19,X19,AD19,AJ19,AP19,AV19) -> 0.95131086 | L19: =AVERAGE(S19,Y19,AE19,AK19,AQ19,AW19) -> 0.95784314 | M19: =AVERAGE(T19,Z19,AF19,AL19,AR19,AX19) -> 0.75968992 | N19: =AVERAGE(U19,AA19,AG19,AM19,AS19,AY19) -> 0.68421053 | O19: =AVERAGE(V19,AB19,AH19,AN19,AT19,AZ19) -> 0.53991228 | P19: =AVERAGE(W19,AC19,AI19,AO19,AU19,BA19) -> #DIV/0! | R19: 0.92134831 | S19: 0.98235294 | T19: 0.76744186 | U19: 0.70723684 | V19: 0.59473684 | X19: 0.95505618 | Y19: 0.98823529 | Z19: 0.7627907 | AA19: 0.73026316 | AB19: 0.46052632 | AD19: 0.95505618 | AE19: 0.92941176 | AF19: 0.68372093 | AG19: 0.61513158 | AH19: 0.55263158 | AJ19: 0.96629213 | AK19: 0.98235294 | AL19: 0.76744186 | AM19: 0.68421053 | AN19: 0.49736842 | AP19: 0.93258427 | AQ19: 0.88235294 | AR19: 0.79069767 | AS19: 0.72368421 | AT19: 0.49210526 | AV19: 0.97752809 | AW19: 0.98235294 | AX19: 0.78604651 | AY19: 0.64473684 | AZ19: 0.64210526 | BD19: 6 | BE19: =$AV$74 -> 0.93217673 | BF19: =$AW$74 -> 0.90028635 | BG19: =$AX$74 -> 0.76918411 | BH19: =$AY$74 -> 0.63702971 | BI19: =$AZ$74 -> 0.53640351 | BJ19: =$BA$74 -> #DIV/0!
J20: 15 | K20: =AVERAGE(R20,X20,AD20,AJ20,AP20,AV20) -> 0.995 | L20: =AVERAGE(S20,Y20,AE20,AK20,AQ20,AW20) -> 0.9472693 | M20: =AVERAGE(T20,Z20,AF20,AL20,AR20,AX20) -> 0.84986226 | N20: =AVERAGE(U20,AA20,AG20,AM20,AS20,AY20) -> 0.60662177 | O20: =AVERAGE(V20,AB20,AH20,AN20,AT20,AZ20) -> 0.48377193 | P20: =AVERAGE(W20,AC20,AI20,AO20,AU20,BA20) -> #DIV/0! | R20: 0.99 | S20: 0.91525424 | T20: 0.82644628 | U20: 0.58585859 | V20: 0.37894737 | X20: 1 | Y20: 0.94915254 | Z20: 0.79752066 | AA20: 0.52861953 | AB20: 0.46052632 | AD20: 0.99 | AE20: 0.95480226 | AF20: 0.87190083 | AG20: 0.72053872 | AH20: 0.61842105 | AJ20: 1 | AK20: 0.95480226 | AL20: 0.88842975 | AM20: 0.64646465 | AN20: 0.49473684 | AP20: 1 | AQ20: 0.97175141 | AR20: 0.91322314 | AS20: 0.57912458 | AT20: 0.51578947 | AV20: 0.99 | AW20: 0.93785311 | AX20: 0.80165289 | AY20: 0.57912458 | AZ20: 0.43421053
J21: 16 | K21: =AVERAGE(R21,X21,AD21,AJ21,AP21,AV21) -> 0.96626984 | L21: =AVERAGE(S21,Y21,AE21,AK21,AQ21,AW21) -> 0.9566075 | M21: =AVERAGE(T21,Z21,AF21,AL21,AR21,AX21) -> 0.73333333 | N21: =AVERAGE(U21,AA21,AG21,AM21,AS21,AY21) -> 0.61975717 | O21: =AVERAGE(V21,AB21,AH21,AN21,AT21,AZ21) -> 0.44429825 | P21: =AVERAGE(W21,AC21,AI21,AO21,AU21,BA21) -> #DIV/0! | R21: 0.96428571 | S21: 0.93491124 | T21: 0.76 | U21: 0.59933775 | V21: 0.47631579 | X21: 0.96428571 | Y21: 0.95857988 | Z21: 0.77333333 | AA21: 0.62913907 | AB21: 0.46578947 | AD21: 0.96428571 | AE21: 0.96449704 | AF21: 0.76444444 | AG21: 0.53642384 | AH21: 0.39210526 | AJ21: 0.97619048 | AK21: 0.9408284 | AL21: 0.71555556 | AM21: 0.68211921 | AN21: 0.41842105 | AP21: 0.96428571 | AQ21: 0.97633136 | AR21: 0.60888889 | AS21: 0.61258278 | AT21: 0.41842105 | AV21: 0.96428571 | AW21: 0.96449704 | AX21: 0.77777778 | AY21: 0.6589404 | AZ21: 0.49473684 | BD21: =A8 -> 1 | BE21: Task 1 | BF21: Task 2 | BG21: Task 3 | BH21: Task 4 | BI21: Task 5 | BJ21: Task 6
J22: 17 | K22: =AVERAGE(R22,X22,AD22,AJ22,AP22,AV22) -> 0.97619048 | L22: =AVERAGE(S22,Y22,AE22,AK22,AQ22,AW22) -> 0.92738095 | M22: =AVERAGE(T22,Z22,AF22,AL22,AR22,AX22) -> 0.87663399 | N22: =AVERAGE(U22,AA22,AG22,AM22,AS22,AY22) -> 0.59976932 | O22: =AVERAGE(V22,AB22,AH22,AN22,AT22,AZ22) -> 0.50394737 | P22: =AVERAGE(W22,AC22,AI22,AO22,AU22,BA22) -> #DIV/0! | R22: 0.98809524 | S22: 0.84285714 | T22: 0.86764706 | U22: 0.58477509 | V22: 0.47894737 | X22: 0.98809524 | Y22: 0.95 | Z22: 0.88235294 | AA22: 0.56401384 | AB22: 0.46315789 | AD22: 0.95238095 | AE22: 0.95714286 | AF22: 0.90686275 | AG22: 0.61937716 | AH22: 0.51315789 | AJ22: 0.97619048 | AK22: 0.95 | AL22: 0.83333333 | AM22: 0.66089965 | AN22: 0.54736842 | AP22: 0.98809524 | AQ22: 0.95714286 | AR22: 0.90196078 | AS22: 0.56747405 | AT22: 0.51578947 | AV22: 0.96428571 | AW22: 0.90714286 | AX22: 0.86764706 | AY22: 0.60207612 | AZ22: 0.50526316 | BD22: 1 | BE22: =$R$111 -> 0.92827553 | BF22: =$S$111 -> 0.89412483 | BG22: =$T$111 -> 0.78910188 | BH22: =$U$111 -> 0.63518676 | BI22: =$V$111 -> 0.55473684 | BJ22: =$W$111 -> #DIV/0!
J23: 18 | K23: =AVERAGE(R23,X23,AD23,AJ23,AP23,AV23) -> 0.89367816 | L23: =AVERAGE(S23,Y23,AE23,AK23,AQ23,AW23) -> 0.8707483 | M23: =AVERAGE(T23,Z23,AF23,AL23,AR23,AX23) -> 0.83809524 | N23: =AVERAGE(U23,AA23,AG23,AM23,AS23,AY23) -> 0.76755853 | O23: =AVERAGE(V23,AB23,AH23,AN23,AT23,AZ23) -> 0.66929825 | P23: =AVERAGE(W23,AC23,AI23,AO23,AU23,BA23) -> #DIV/0! | R23: 0.87931034 | S23: 0.85034014 | T23: 0.84761905 | U23: 0.77926421 | V23: 0.70263158 | X23: 0.89655172 | Y23: 0.84353741 | Z23: 0.87142857 | AA23: 0.8361204 | AB23: 0.69736842 | AD23: 0.87931034 | AE23: 0.87755102 | AF23: 0.85714286 | AG23: 0.67892977 | AH23: 0.62631579 | AJ23: 0.89655172 | AK23: 0.87755102 | AL23: 0.82380952 | AM23: 0.72575251 | AN23: 0.64473684 | AP23: 0.9137931 | AQ23: 0.88435374 | AR23: 0.82857143 | AS23: 0.84949833 | AT23: 0.74210526 | AV23: 0.89655172 | AW23: 0.89115646 | AX23: 0.8 | AY23: 0.73578595 | AZ23: 0.60263158 | BD23: 2 | BE23: =$X$111 -> 0.92858377 | BF23: =$Y$111 -> 0.90285864 | BG23: =$Z$111 -> 0.7764955 | BH23: =$AA$111 -> 0.63795074 | BI23: =$AB$111 -> 0.54298246 | BJ23: =$AC$111 -> #DIV/0!
J24: 19 | K24: =AVERAGE(R24,X24,AD24,AJ24,AP24,AV24) -> 0.95 | L24: =AVERAGE(S24,Y24,AE24,AK24,AQ24,AW24) -> 0.87844612 | M24: =AVERAGE(T24,Z24,AF24,AL24,AR24,AX24) -> 0.8661859 | N24: =AVERAGE(U24,AA24,AG24,AM24,AS24,AY24) -> 0.54948805 | O24: =AVERAGE(V24,AB24,AH24,AN24,AT24,AZ24) -> 0.4745614 | P24: =AVERAGE(W24,AC24,AI24,AO24,AU24,BA24) -> #DIV/0! | R24: 0.95714286 | S24: 0.81954887 | T24: 0.86538462 | U24: 0.63139932 | V24: 0.52894737 | X24: 0.95714286 | Y24: 0.87969925 | Z24: 0.85096154 | AA24: 0.58703072 | AB24: 0.45526316 | AD24: 0.94285714 | AE24: 0.88721805 | AF24: 0.83653846 | AG24: 0.64163823 | AH24: 0.4 | AJ24: 0.95714286 | AK24: 0.92481203 | AL24: 0.86538462 | AM24: 0.46075085 | AN24: 0.53947368 | AP24: 0.94285714 | AQ24: 0.87218045 | AR24: 0.90865385 | AS24: 0.4778157 | AT24: 0.43157895 | AV24: 0.94285714 | AW24: 0.88721805 | AX24: 0.87019231 | AY24: 0.49829352 | AZ24: 0.49210526 | BD24: 3 | BE24: =$AD$111 -> 0.92792707 | BF24: =$AE$111 -> 0.89620538 | BG24: =$AF$111 -> 0.77655353 | BH24: =$AG$111 -> 0.62348306 | BI24: =$AH$111 -> 0.51885965 | BJ24: =$AI$111 -> #DIV/0!
J25: 20 | K25: =AVERAGE(R25,X25,AD25,AJ25,AP25,AV25) -> 0.93636364 | L25: =AVERAGE(S25,Y25,AE25,AK25,AQ25,AW25) -> 0.93267108 | M25: =AVERAGE(T25,Z25,AF25,AL25,AR25,AX25) -> 0.74496124 | N25: =AVERAGE(U25,AA25,AG25,AM25,AS25,AY25) -> 0.75249169 | O25: =AVERAGE(V25,AB25,AH25,AN25,AT25,AZ25) -> 0.66359649 | P25: =AVERAGE(W25,AC25,AI25,AO25,AU25,BA25) -> #DIV/0! | R25: 0.92727273 | S25: 0.95364238 | T25: 0.52093023 | U25: 0.80066445 | V25: 0.74736842 | X25: 0.94545455 | Y25: 0.90728477 | Z25: 0.80930233 | AA25: 0.7641196 | AB25: 0.63947368 | AD25: 0.94545455 | AE25: 0.95364238 | AF25: 0.78139535 | AG25: 0.68106312 | AH25: 0.64473684 | AJ25: 0.94545455 | AK25: 0.87417219 | AL25: 0.66046512 | AM25: 0.77740864 | AN25: 0.64473684 | AP25: 0.92727273 | AQ25: 0.94701987 | AR25: 0.87906977 | AS25: 0.81727575 | AT25: 0.62631579 | AV25: 0.92727273 | AW25: 0.9602649 | AX25: 0.81860465 | AY25: 0.6744186 | AZ25: 0.67894737 | BD25: 4 | BE25: =$AJ$111 -> 0.93274596 | BF25: =$AK$111 -> 0.9073683 | BG25: =$AL$111 -> 0.76785214 | BH25: =$AM$111 -> 0.61027202 | BI25: =$AN$111 -> 0.54684211 | BJ25: =$AO$111 -> #DIV/0!
J26: 21 | K26: =AVERAGE(R26,X26,AD26,AJ26,AP26,AV26) -> 0.93939394 | L26: =AVERAGE(S26,Y26,AE26,AK26,AQ26,AW26) -> 0.86090226 | M26: =AVERAGE(T26,Z26,AF26,AL26,AR26,AX26) -> 0.74322169 | N26: =AVERAGE(U26,AA26,AG26,AM26,AS26,AY26) -> 0.6852459 | O26: =AVERAGE(V26,AB26,AH26,AN26,AT26,AZ26) -> 0.45526316 | P26: =AVERAGE(W26,AC26,AI26,AO26,AU26,BA26) -> #DIV/0! | R26: 0.96363636 | S26: 0.85714286 | T26: 0.74162679 | U26: 0.66885246 | V26: 0.40789474 | X26: 0.92727273 | Y26: 0.87969925 | Z26: 0.75598086 | AA26: 0.70491803 | AB26: 0.58421053 | AD26: 0.94545455 | AE26: 0.89473684 | AF26: 0.73205742 | AG26: 0.67213115 | AH26: 0.33947368 | AJ26: 0.92727273 | AK26: 0.86466165 | AL26: 0.78947368 | AM26: 0.66885246 | AN26: 0.48157895 | AP26: 0.92727273 | AQ26: 0.87218045 | AR26: 0.74162679 | AS26: 0.75081967 | AT26: 0.50526316 | AV26: 0.94545455 | AW26: 0.79699248 | AX26: 0.69856459 | AY26: 0.64590164 | AZ26: 0.41315789 | BD26: 5 | BE26: =$AP$111 -> 0.92856933 | BF26: =$AQ$111 -> 0.90425155 | BG26: =$AR$111 -> 0.75482982 | BH26: =$AS$111 -> 0.64451898 | BI26: =$AT$111 -> 0.55473684 | BJ26: =$AU$111 -> #DIV/0!
J27: 22 | K27: =AVERAGE(R27,X27,AD27,AJ27,AP27,AV27) -> 0.92444444 | L27: =AVERAGE(S27,Y27,AE27,AK27,AQ27,AW27) -> 0.8951049 | M27: =AVERAGE(T27,Z27,AF27,AL27,AR27,AX27) -> 0.69663743 | N27: =AVERAGE(U27,AA27,AG27,AM27,AS27,AY27) -> 0.58648339 | O27: =AVERAGE(V27,AB27,AH27,AN27,AT27,AZ27) -> 0.59254386 | P27: =AVERAGE(W27,AC27,AI27,AO27,AU27,BA27) -> #DIV/0! | R27: 0.93333333 | S27: 0.92307692 | T27: 0.77192982 | U27: 0.67353952 | V27: 0.58684211 | X27: 0.92 | Y27: 0.90909091 | Z27: 0.76315789 | AA27: 0.67697595 | AB27: 0.63684211 | AD27: 0.96 | AE27: 0.81818182 | AF27: 0.73245614 | AG27: 0.56357388 | AH27: 0.62105263 | AJ27: 0.90666667 | AK27: 0.88811189 | AL27: 0.63596491 | AM27: 0.53608247 | AN27: 0.54210526 | AP27: 0.90666667 | AQ27: 0.93006993 | AR27: 0.65350877 | AS27: 0.49140893 | AT27: 0.60789474 | AV27: 0.92 | AW27: 0.9020979 | AX27: 0.62280702 | AY27: 0.57731959 | AZ27: 0.56052632 | BD27: 6 | BE27: =$AV$111 -> 0.92754682 | BF27: =$AW$111 -> 0.8987528 | BG27: =$AX$111 -> 0.77962103 | BH27: =$AY$111 -> 0.62521953 | BI27: =$AZ$111 -> 0.52842105 | BJ27: =$BA$111 -> #DIV/0!
J28: 23 | K28: =AVERAGE(R28,X28,AD28,AJ28,AP28,AV28) -> 0.94222222 | L28: =AVERAGE(S28,Y28,AE28,AK28,AQ28,AW28) -> 0.93957115 | M28: =AVERAGE(T28,Z28,AF28,AL28,AR28,AX28) -> 0.71896792 | N28: =AVERAGE(U28,AA28,AG28,AM28,AS28,AY28) -> 0.54936306 | O28: =AVERAGE(V28,AB28,AH28,AN28,AT28,AZ28) -> 0.48245614 | P28: =AVERAGE(W28,AC28,AI28,AO28,AU28,BA28) -> #DIV/0! | R28: 0.96 | S28: 0.94152047 | T28: 0.69874477 | U28: 0.55095541 | V28: 0.51842105 | X28: 0.93333333 | Y28: 0.94736842 | Z28: 0.76569038 | AA28: 0.6910828 | AB28: 0.52368421 | AD28: 0.94666667 | AE28: 0.94152047 | AF28: 0.70292887 | AG28: 0.43630573 | AH28: 0.48947368 | AJ28: 0.94666667 | AK28: 0.92982456 | AL28: 0.73640167 | AM28: 0.51592357 | AN28: 0.49210526 | AP28: 0.93333333 | AQ28: 0.94152047 | AR28: 0.74476987 | AS28: 0.58598726 | AT28: 0.36315789 | AV28: 0.93333333 | AW28: 0.93567251 | AX28: 0.66527197 | AY28: 0.51592357 | AZ28: 0.50789474
J29: 24 | K29: =AVERAGE(R29,X29,AD29,AJ29,AP29,AV29) -> 0.8525641 | L29: =AVERAGE(S29,Y29,AE29,AK29,AQ29,AW29) -> 0.7906746 | M29: =AVERAGE(T29,Z29,AF29,AL29,AR29,AX29) -> 0.58998435 | N29: =AVERAGE(U29,AA29,AG29,AM29,AS29,AY29) -> 0.48426573 | O29: =AVERAGE(V29,AB29,AH29,AN29,AT29,AZ29) -> 0.50789474 | P29: =AVERAGE(W29,AC29,AI29,AO29,AU29,BA29) -> #DIV/0! | R29: 0.85897436 | S29: 0.69642857 | T29: 0.62910798 | U29: 0.3986014 | V29: 0.47894737 | X29: 0.85897436 | Y29: 0.83928571 | Z29: 0.48356808 | AA29: 0.53846154 | AB29: 0.51842105 | AD29: 0.87179487 | AE29: 0.83333333 | AF29: 0.61971831 | AG29: 0.44755245 | AH29: 0.6 | AJ29: 0.84615385 | AK29: 0.80952381 | AL29: 0.59624413 | AM29: 0.51048951 | AN29: 0.41052632 | AP29: 0.83333333 | AQ29: 0.77380952 | AR29: 0.67605634 | AS29: 0.58041958 | AT29: 0.52631579 | AV29: 0.84615385 | AW29: 0.79166667 | AX29: 0.53521127 | AY29: 0.43006993 | AZ29: 0.51315789 | BD29: =A9 -> 2 | BE29: Task 1 | BF29: Task 2 | BG29: Task 3 | BH29: Task 4 | BI29: Task 5 | BJ29: Task 6
J30: 25 | K30: =AVERAGE(R30,X30,AD30,AJ30,AP30,AV30) -> 0.94805195 | L30: =AVERAGE(S30,Y30,AE30,AK30,AQ30,AW30) -> 0.91791045 | M30: =AVERAGE(T30,Z30,AF30,AL30,AR30,AX30) -> 0.72754947 | N30: =AVERAGE(U30,AA30,AG30,AM30,AS30,AY30) -> 0.65468037 | O30: =AVERAGE(V30,AB30,AH30,AN30,AT30,AZ30) -> 0.58421053 | P30: =AVERAGE(W30,AC30,AI30,AO30,AU30,BA30) -> #DIV/0! | R30: 0.94805195 | S30: 0.92537313 | T30: 0.78082192 | U30: 0.65753425 | V30: 0.59736842 | X30: 0.94805195 | Y30: 0.90298507 | Z30: 0.73059361 | AA30: 0.67808219 | AB30: 0.62631579 | AD30: 0.94805195 | AE30: 0.93283582 | AF30: 0.63013699 | AG30: 0.64383562 | AH30: 0.54473684 | AJ30: 0.94805195 | AK30: 0.93283582 | AL30: 0.81278539 | AM30: 0.64383562 | AN30: 0.54736842 | AP30: 0.94805195 | AQ30: 0.8880597 | AR30: 0.57077626 | AS30: 0.65753425 | AT30: 0.54736842 | AV30: 0.94805195 | AW30: 0.92537313 | AX30: 0.84018265 | AY30: 0.64726027 | AZ30: 0.64210526 | BD30: 1 | BE30: =$R$148 -> 0.92680123 | BF30: =$S$148 -> 0.90615812 | BG30: =$T$148 -> 0.75030216 | BH30: =$U$148 -> 0.60560197 | BI30: =$V$148 -> 0.52517544 | BJ30: =$W$148 -> #DIV/0!
J31: 26 | K31: =AVERAGE(R31,X31,AD31,AJ31,AP31,AV31) -> 0.94078947 | L31: =AVERAGE(S31,Y31,AE31,AK31,AQ31,AW31) -> 0.9406953 | M31: =AVERAGE(T31,Z31,AF31,AL31,AR31,AX31) -> 0.73291492 | N31: =AVERAGE(U31,AA31,AG31,AM31,AS31,AY31) -> 0.6574973 | O31: =AVERAGE(V31,AB31,AH31,AN31,AT31,AZ31) -> 0.3627193 | P31: =AVERAGE(W31,AC31,AI31,AO31,AU31,BA31) -> #DIV/0! | R31: 0.93421053 | S31: 0.95092025 | T31: 0.73640167 | U31: 0.67961165 | V31: 0.43421053 | X31: 0.93421053 | Y31: 0.95705521 | Z31: 0.80753138 | AA31: 0.6407767 | AB31: 0.29736842 | AD31: 0.93421053 | AE31: 0.95092025 | AF31: 0.77824268 | AG31: 0.66666667 | AH31: 0.38947368 | AJ31: 0.93421053 | AK31: 0.9202454 | AL31: 0.64435146 | AM31: 0.6763754 | AN31: 0.31315789 | AP31: 0.93421053 | AQ31: 0.93865031 | AR31: 0.70292887 | AS31: 0.65372168 | AT31: 0.33947368 | AV31: 0.97368421 | AW31: 0.92638037 | AX31: 0.72803347 | AY31: 0.62783172 | AZ31: 0.40263158 | BD31: 2 | BE31: =$X$148 -> 0.9299232 | BF31: =$Y$148 -> 0.9048083 | BG31: =$Z$148 -> 0.76246947 | BH31: =$AA$148 -> 0.62768029 | BI31: =$AB$148 -> 0.53508772 | BJ31: =$AC$148 -> #DIV/0!
J32: 27 | K32: =AVERAGE(R32,X32,AD32,AJ32,AP32,AV32) -> 0.93489583 | L32: =AVERAGE(S32,Y32,AE32,AK32,AQ32,AW32) -> 0.91044776 | M32: =AVERAGE(T32,Z32,AF32,AL32,AR32,AX32) -> 0.72522523 | N32: =AVERAGE(U32,AA32,AG32,AM32,AS32,AY32) -> 0.68926554 | O32: =AVERAGE(V32,AB32,AH32,AN32,AT32,AZ32) -> 0.53947368 | P32: =AVERAGE(W32,AC32,AI32,AO32,AU32,BA32) -> #DIV/0! | R32: 0.9375 | S32: 0.92537313 | T32: 0.74774775 | U32: 0.66101695 | V32: 0.57105263 | X32: 0.9375 | Y32: 0.91791045 | Z32: 0.77477477 | AA32: 0.70169492 | AB32: 0.50789474 | AD32: 0.9375 | AE32: 0.91044776 | AF32: 0.74324324 | AG32: 0.70169492 | AH32: 0.53157895 | AJ32: 0.9375 | AK32: 0.94029851 | AL32: 0.6981982 | AM32: 0.65423729 | AN32: 0.63684211 | AP32: 0.9375 | AQ32: 0.87313433 | AR32: 0.71621622 | AS32: 0.71525424 | AT32: 0.45789474 | AV32: 0.921875 | AW32: 0.89552239 | AX32: 0.67117117 | AY32: 0.70169492 | AZ32: 0.53157895 | BD32: 3 | BE32: =$AD$148 -> 0.9292422 | BF32: =$AE$148 -> 0.90606005 | BG32: =$AF$148 -> 0.77064405 | BH32: =$AG$148 -> 0.62722874 | BI32: =$AH$148 -> 0.53166667 | BJ32: =$AI$148 -> #DIV/0!
J33: 28 | K33: =AVERAGE(R33,X33,AD33,AJ33,AP33,AV33) -> 0.93589744 | L33: =AVERAGE(S33,Y33,AE33,AK33,AQ33,AW33) -> 0.92214912 | M33: =AVERAGE(T33,Z33,AF33,AL33,AR33,AX33) -> 0.82981716 | N33: =AVERAGE(U33,AA33,AG33,AM33,AS33,AY33) -> 0.60807736 | O33: =AVERAGE(V33,AB33,AH33,AN33,AT33,AZ33) -> 0.60526316 | P33: =AVERAGE(W33,AC33,AI33,AO33,AU33,BA33) -> #DIV/0! | R33: 0.93846154 | S33: 0.90131579 | T33: 0.82700422 | U33: 0.63139932 | V33: 0.66578947 | X33: 0.93846154 | Y33: 0.93421053 | Z33: 0.8649789 | AA33: 0.57337884 | AB33: 0.63157895 | AD33: 0.92307692 | AE33: 0.93421053 | AF33: 0.84388186 | AG33: 0.60409556 | AH33: 0.49210526 | AJ33: 0.93846154 | AK33: 0.91447368 | AL33: 0.83966245 | AM33: 0.60068259 | AN33: 0.62368421 | AP33: 0.93846154 | AQ33: 0.91447368 | AR33: 0.7721519 | AS33: 0.60409556 | AT33: 0.60789474 | AV33: 0.93846154 | AW33: 0.93421053 | AX33: 0.83122363 | AY33: 0.63481229 | AZ33: 0.61052632 | BD33: 4 | BE33: =$AJ$148 -> 0.92668078 | BF33: =$AK$148 -> 0.90620748 | BG33: =$AL$148 -> 0.73816384 | BH33: =$AM$148 -> 0.61495519 | BI33: =$AN$148 -> 0.49570175 | BJ33: =$AO$148 -> #DIV/0!
J34: 29 | K34: =AVERAGE(R34,X34,AD34,AJ34,AP34,AV34) -> 0.92592593 | L34: =AVERAGE(S34,Y34,AE34,AK34,AQ34,AW34) -> 0.81292517 | M34: =AVERAGE(T34,Z34,AF34,AL34,AR34,AX34) -> 0.58869814 | N34: =AVERAGE(U34,AA34,AG34,AM34,AS34,AY34) -> 0.63870614 | O34: =AVERAGE(V34,AB34,AH34,AN34,AT34,AZ34) -> 0.49692982 | P34: =AVERAGE(W34,AC34,AI34,AO34,AU34,BA34) -> #DIV/0! | R34: 0.88888889 | S34: 0.76870748 | T34: 0.59656652 | U34: 0.60526316 | V34: 0.53157895 | X34: 0.93333333 | Y34: 0.80952381 | Z34: 0.57939914 | AA34: 0.60197368 | AB34: 0.38947368 | AD34: 0.93333333 | AE34: 0.8707483 | AF34: 0.63090129 | AG34: 0.67434211 | AH34: 0.56052632 | AJ34: 0.95555556 | AK34: 0.82993197 | AL34: 0.5751073 | AM34: 0.62828947 | AN34: 0.54473684 | AP34: 0.91111111 | AQ34: 0.78911565 | AR34: 0.59656652 | AS34: 0.64802632 | AT34: 0.41052632 | AV34: 0.93333333 | AW34: 0.80952381 | AX34: 0.55364807 | AY34: 0.67434211 | AZ34: 0.54473684 | BD34: 5 | BE34: =$AP$148 -> 0.92817344 | BF34: =$AQ$148 -> 0.90288479 | BG34: =$AR$148 -> 0.76373091 | BH34: =$AS$148 -> 0.63309108 | BI34: =$AT$148 -> 0.5227193 | BJ34: =$AU$148 -> #DIV/0!
J35: 30 | K35: =AVERAGE(R35,X35,AD35,AJ35,AP35,AV35) -> 0.97389558 | L35: =AVERAGE(S35,Y35,AE35,AK35,AQ35,AW35) -> 0.90700483 | M35: =AVERAGE(T35,Z35,AF35,AL35,AR35,AX35) -> 0.85825545 | N35: =AVERAGE(U35,AA35,AG35,AM35,AS35,AY35) -> 0.6975945 | O35: =AVERAGE(V35,AB35,AH35,AN35,AT35,AZ35) -> 0.43289474 | P35: =AVERAGE(W35,AC35,AI35,AO35,AU35,BA35) -> #DIV/0! | R35: 0.97590361 | S35: 0.92753623 | T35: 0.86915888 | U35: 0.74226804 | V35: 0.50789474 | X35: 0.97590361 | Y35: 0.93478261 | Z35: 0.88317757 | AA35: 0.75257732 | AB35: 0.43157895 | AD35: 0.97590361 | AE35: 0.87681159 | AF35: 0.79906542 | AG35: 0.64948454 | AH35: 0.37894737 | AJ35: 0.97590361 | AK35: 0.88405797 | AL35: 0.85514019 | AM35: 0.7628866 | AN35: 0.44210526 | AP35: 0.96385542 | AQ35: 0.91304348 | AR35: 0.89252336 | AS35: 0.62542955 | AT35: 0.41052632 | AV35: 0.97590361 | AW35: 0.9057971 | AX35: 0.85046729 | AY35: 0.65292096 | AZ35: 0.42631579 | BD35: 6 | BE35: =$AV$148 -> 0.92878546 | BF35: =$AW$148 -> 0.90040259 | BG35: =$AX$148 -> 0.77854915 | BH35: =$AY$148 -> 0.63468824 | BI35: =$AZ$148 -> 0.53096491 | BJ35: =$BA$148 -> #DIV/0!
K37: =AVERAGE(K6:K35) -> 0.92993827 | L37: =AVERAGE(L6:L35) -> 0.88725019 | M37: =AVERAGE(M6:M35) -> 0.7596864 | N37: =AVERAGE(N6:N35) -> 0.6297988 | O37: =AVERAGE(O6:O35) -> 0.52846491 | P37: =AVERAGE(P6:P35) -> #DIV/0! | R37: =AVERAGE(R6:R35) -> 0.93328865 | S37: =AVERAGE(S6:S35) -> 0.8808287 | T37: =AVERAGE(T6:T35) -> 0.76286472 | U37: =AVERAGE(U6:U35) -> 0.62899179 | V37: =AVERAGE(V6:V35) -> 0.52947368 | W37: =AVERAGE(W6:W35) -> #DIV/0! | X37: =AVERAGE(X6:X35) -> 0.93028058 | Y37: =AVERAGE(Y6:Y35) -> 0.8957486 | ... BA37: =AVERAGE(BA6:BA35) -> #DIV/0! | BD37: =A10 -> 3 | BE37: Task 1 | BF37: Task 2 | BG37: Task 3 | BH37: Task 4 | BI37: Task 5 | BJ37: Task 6
BD38: 1 | BE38: =$R$185 -> 0.93141649 | BF38: =$S$185 -> 0.91543362 | BG38: =$T$185 -> 0.74885034 | BH38: =$U$185 -> 0.62544223 | BI38: =$V$185 -> 0.53078947 | BJ38: =$W$185 -> #DIV/0!
BD39: 2 | BE39: =$X$185 -> 0.92746766 | BF39: =$Y$185 -> 0.91449293 | BG39: =$Z$185 -> 0.7631471 | BH39: =$AA$185 -> 0.62994842 | BI39: =$AB$185 -> 0.51131579 | BJ39: =$AC$185 -> #DIV/0!
K40: k=0.5 | BD40: 3 | BE40: =$AD$185 -> 0.93027775 | BF40: =$AE$185 -> 0.90314259 | BG40: =$AF$185 -> 0.7737371 | BH40: =$AG$185 -> 0.63833041 | BI40: =$AH$185 -> 0.5204386 | BJ40: =$AI$185 -> #DIV/0!
S41: 1 | Y41: 2 | AE41: 3 | AK41: 4 | AQ41: 5 | AW41: 6 | BD41: 4 | BE41: =$AJ$185 -> 0.93521222 | BF41: =$AK$185 -> 0.91065444 | BG41: =$AL$185 -> 0.76677118 | BH41: =$AM$185 -> 0.64482424 | BI41: =$AN$185 -> 0.52877193 | BJ41: =$AO$185 -> #DIV/0!
J42: ID | K42: Task 1 | L42: Task 2 | M42: Task 3 | N42: Task 4 | O42: Task 5 | P42: Task 6 | R42: Task 1 | S42: Task 2 | T42: Task 3 | U42: Task 4 | V42: Task 5 | W42: Task 6 | X42: Task 1 | Y42: Task 2 | Z42: Task 3 | AA42: Task 4 | AB42: Task 5 | AC42: Task 6 | AD42: Task 1 | AE42: Task 2 | AF42: Task 3 | AG42: Task 4 | AH42: Task 5 | AI42: Task 6 | AJ42: Task 1 | AK42: Task 2 | AL42: Task 3 | AM42: Task 4 | AN42: Task 5 | AO42: Task 6 | AP42: Task 1 | AQ42: Task 2 | AR42: Task 3 | AS42: Task 4 | AT42: Task 5 | AU42: Task 6 | AV42: Task 1 | AW42: Task 2 | AX42: Task 3 | AY42: Task 4 | AZ42: Task 5 | BA42: Task 6 | BD42: 5 | BE42: =$AP$185 -> 0.93060187 | BF42: =$AQ$185 -> 0.91244339 | BG42: =$AR$185 -> 0.7561798 | BH42: =$AS$185 -> 0.62179594 | BI42: =$AT$185 -> 0.50614035 | BJ42: =$AU$185 -> #DIV/0!
J43: 1 | K43: =AVERAGE(R43,X43,AD43,AJ43,AP43,AV43) -> 0.87229437 | L43: =AVERAGE(S43,Y43,AE43,AK43,AQ43,AW43) -> 0.90151515 | M43: =AVERAGE(T43,Z43,AF43,AL43,AR43,AX43) -> 0.66312057 | N43: =AVERAGE(U43,AA43,AG43,AM43,AS43,AY43) -> 0.53190319 | O43: =AVERAGE(V43,AB43,AH43,AN43,AT43,AZ43) -> 0.59210526 | P43: =AVERAGE(W43,AC43,AI43,AO43,AU43,BA43) -> #DIV/0! | R43: 0.85714286 | S43: 0.90909091 | T43: 0.62553191 | U43: 0.49174917 | V43: 0.59210526 | X43: 0.84415584 | Y43: 0.88311688 | Z43: 0.59574468 | AA43: 0.50825083 | AB43: 0.56315789 | AD43: 0.88311688 | AE43: 0.88961039 | AF43: 0.68085106 | AG43: 0.50825083 | AH43: 0.53157895 | AJ43: 0.85714286 | AK43: 0.91558442 | AL43: 0.7106383 | AM43: 0.58745875 | AN43: 0.63947368 | AP43: 0.90909091 | AQ43: 0.90909091 | AR43: 0.71914894 | AS43: 0.55445545 | AT43: 0.66315789 | AV43: 0.88311688 | AW43: 0.9025974 | AX43: 0.64680851 | AY43: 0.54125413 | AZ43: 0.56315789 | BD43: 6 | BE43: =$AV$185 -> 0.92728918 | BF43: =$AW$185 -> 0.91635615 | BG43: =$AX$185 -> 0.75434026 | BH43: =$AY$185 -> 0.62274113 | BI43: =$AZ$185 -> 0.53070175 | BJ43: =$BA$185 -> #DIV/0!
J44: 2 | K44: =AVERAGE(R44,X44,AD44,AJ44,AP44,AV44) -> 0.92962963 | L44: =AVERAGE(S44,Y44,AE44,AK44,AQ44,AW44) -> 0.87991718 | M44: =AVERAGE(T44,Z44,AF44,AL44,AR44,AX44) -> 0.8265857 | N44: =AVERAGE(U44,AA44,AG44,AM44,AS44,AY44) -> 0.68101545 | O44: =AVERAGE(V44,AB44,AH44,AN44,AT44,AZ44) -> 0.51096491 | P44: =AVERAGE(W44,AC44,AI44,AO44,AU44,BA44) -> #DIV/0! | R44: 0.92222222 | S44: 0.88819876 | T44: 0.7611336 | U44: 0.62582781 | V44: 0.51052632 | X44: 0.93333333 | Y44: 0.80745342 | Z44: 0.87854251 | AA44: 0.64569536 | AB44: 0.53421053 | AD44: 0.92222222 | AE44: 0.91304348 | AF44: 0.89473684 | AG44: 0.68211921 | AH44: 0.38421053 | AJ44: 0.93333333 | AK44: 0.88198758 | AL44: 0.87044534 | AM44: 0.7615894 | AN44: 0.40263158 | AP44: 0.93333333 | AQ44: 0.91304348 | AR44: 0.74089069 | AS44: 0.62913907 | AT44: 0.63157895 | AV44: 0.93333333 | AW44: 0.8757764 | AX44: 0.81376518 | AY44: 0.74172185 | AZ44: 0.60263158
J45: 3 | K45: =AVERAGE(R45,X45,AD45,AJ45,AP45,AV45) -> 0.93548387 | L45: =AVERAGE(S45,Y45,AE45,AK45,AQ45,AW45) -> 0.94484412 | M45: =AVERAGE(T45,Z45,AF45,AL45,AR45,AX45) -> 0.88832487 | N45: =AVERAGE(U45,AA45,AG45,AM45,AS45,AY45) -> 0.67067583 | O45: =AVERAGE(V45,AB45,AH45,AN45,AT45,AZ45) -> 0.57807018 | P45: =AVERAGE(W45,AC45,AI45,AO45,AU45,BA45) -> #DIV/0! | R45: 0.93548387 | S45: 0.94244604 | T45: 0.89340102 | U45: 0.53608247 | V45: 0.59210526 | X45: 0.93548387 | Y45: 0.94964029 | Z45: 0.89340102 | AA45: 0.68041237 | AB45: 0.61842105 | AD45: 0.93548387 | AE45: 0.94964029 | AF45: 0.89847716 | AG45: 0.78006873 | AH45: 0.61842105 | AJ45: 0.93548387 | AK45: 0.94964029 | AL45: 0.89340102 | AM45: 0.64948454 | AN45: 0.52105263 | AP45: 0.93548387 | AQ45: 0.94964029 | AR45: 0.87817259 | AS45: 0.52233677 | AT45: 0.49736842 | AV45: 0.93548387 | AW45: 0.92805755 | AX45: 0.87309645 | AY45: 0.8556701 | AZ45: 0.62105263
J46: 4 | K46: =AVERAGE(R46,X46,AD46,AJ46,AP46,AV46) -> 0.93181818 | L46: =AVERAGE(S46,Y46,AE46,AK46,AQ46,AW46) -> 0.89716312 | M46: =AVERAGE(T46,Z46,AF46,AL46,AR46,AX46) -> 0.82911392 | N46: =AVERAGE(U46,AA46,AG46,AM46,AS46,AY46) -> 0.49146758 | O46: =AVERAGE(V46,AB46,AH46,AN46,AT46,AZ46) -> 0.52149123 | P46: =AVERAGE(W46,AC46,AI46,AO46,AU46,BA46) -> #DIV/0! | R46: 0.95454545 | S46: 0.88652482 | T46: 0.86919831 | U46: 0.49146758 | V46: 0.57105263 | X46: 0.90909091 | Y46: 0.87943262 | Z46: 0.80168776 | AA46: 0.52901024 | AB46: 0.46578947 | AD46: 0.96969697 | AE46: 0.92198582 | AF46: 0.85654008 | AG46: 0.49488055 | AH46: 0.63421053 | AJ46: 0.92424242 | AK46: 0.92198582 | AL46: 0.83122363 | AM46: 0.51194539 | AN46: 0.6 | AP46: 0.90909091 | AQ46: 0.87234043 | AR46: 0.74683544 | AS46: 0.33788396 | AT46: 0.46578947 | AV46: 0.92424242 | AW46: 0.90070922 | AX46: 0.86919831 | AY46: 0.58361775 | AZ46: 0.39210526
J47: 5 | K47: =AVERAGE(R47,X47,AD47,AJ47,AP47,AV47) -> 0.98850575 | L47: =AVERAGE(S47,Y47,AE47,AK47,AQ47,AW47) -> 0.93699187 | M47: =AVERAGE(T47,Z47,AF47,AL47,AR47,AX47) -> 0.875 | N47: =AVERAGE(U47,AA47,AG47,AM47,AS47,AY47) -> 0.68328141 | O47: =AVERAGE(V47,AB47,AH47,AN47,AT47,AZ47) -> 0.54385965 | P47: =AVERAGE(W47,AC47,AI47,AO47,AU47,BA47) -> #DIV/0! | R47: 1 | S47: 0.95121951 | T47: 0.91532258 | U47: 0.74143302 | V47: 0.68157895 | X47: 0.97701149 | Y47: 0.89634146 | Z47: 0.84677419 | AA47: 0.79439252 | AB47: 0.64736842 | AD47: 0.96551724 | AE47: 0.93902439 | AF47: 0.83870968 | AG47: 0.6105919 | AH47: 0.45263158 | AJ47: 1 | AK47: 0.93902439 | AL47: 0.9233871 | AM47: 0.67912773 | AN47: 0.52105263 | AP47: 1 | AQ47: 0.95121951 | AR47: 0.87096774 | AS47: 0.72274143 | AT47: 0.46052632 | AV47: 0.98850575 | AW47: 0.94512195 | AX47: 0.85483871 | AY47: 0.55140187 | AZ47: 0.5
J48: 6 | K48: =AVERAGE(R48,X48,AD48,AJ48,AP48,AV48) -> 0.91208791 | L48: =AVERAGE(S48,Y48,AE48,AK48,AQ48,AW48) -> 0.88461538 | M48: =AVERAGE(T48,Z48,AF48,AL48,AR48,AX48) -> 0.72511848 | N48: =AVERAGE(U48,AA48,AG48,AM48,AS48,AY48) -> 0.57808858 | O48: =AVERAGE(V48,AB48,AH48,AN48,AT48,AZ48) -> 0.55745614 | P48: =AVERAGE(W48,AC48,AI48,AO48,AU48,BA48) -> #DIV/0! | R48: 0.91208791 | S48: 0.8974359 | T48: 0.72511848 | U48: 0.61188811 | V48: 0.63157895 | X48: 0.92307692 | Y48: 0.87820513 | Z48: 0.62559242 | AA48: 0.66433566 | AB48: 0.48421053 | AD48: 0.89010989 | AE48: 0.86538462 | AF48: 0.81516588 | AG48: 0.59440559 | AH48: 0.51315789 | AJ48: 0.91208791 | AK48: 0.8974359 | AL48: 0.64454976 | AM48: 0.41958042 | AN48: 0.53157895 | AP48: 0.92307692 | AQ48: 0.88461538 | AR48: 0.74881517 | AS48: 0.57692308 | AT48: 0.61842105 | AV48: 0.91208791 | AW48: 0.88461538 | AX48: 0.79146919 | AY48: 0.6013986 | AZ48: 0.56578947
J49: 7 | K49: =AVERAGE(R49,X49,AD49,AJ49,AP49,AV49) -> 0.94369369 | L49: =AVERAGE(S49,Y49,AE49,AK49,AQ49,AW49) -> 0.90128205 | M49: =AVERAGE(T49,Z49,AF49,AL49,AR49,AX49) -> 0.82713178 | N49: =AVERAGE(U49,AA49,AG49,AM49,AS49,AY49) -> 0.6547619 | O49: =AVERAGE(V49,AB49,AH49,AN49,AT49,AZ49) -> 0.61096491 | P49: =AVERAGE(W49,AC49,AI49,AO49,AU49,BA49) -> #DIV/0! | R49: 0.94594595 | S49: 0.87692308 | T49: 0.80930233 | U49: 0.56428571 | V49: 0.63947368 | X49: 0.89189189 | Y49: 0.88461538 | Z49: 0.88372093 | AA49: 0.675 | AB49: 0.67105263 | AD49: 0.94594595 | AE49: 0.93076923 | AF49: 0.7627907 | AG49: 0.65357143 | AH49: 0.61842105 | AJ49: 0.93243243 | AK49: 0.93076923 | AL49: 0.85581395 | AM49: 0.76785714 | AN49: 0.56578947 | AP49: 0.97297297 | AQ49: 0.88461538 | AR49: 0.84186047 | AS49: 0.56428571 | AT49: 0.60526316 | AV49: 0.97297297 | AW49: 0.9 | AX49: 0.80930233 | AY49: 0.70357143 | AZ49: 0.56578947
J50: 8 | K50: =AVERAGE(R50,X50,AD50,AJ50,AP50,AV50) -> 0.8482906 | L50: =AVERAGE(S50,Y50,AE50,AK50,AQ50,AW50) -> 0.79437229 | M50: =AVERAGE(T50,Z50,AF50,AL50,AR50,AX50) -> 0.75311203 | N50: =AVERAGE(U50,AA50,AG50,AM50,AS50,AY50) -> 0.51294498 | O50: =AVERAGE(V50,AB50,AH50,AN50,AT50,AZ50) -> 0.49780702 | P50: =AVERAGE(W50,AC50,AI50,AO50,AU50,BA50) -> #DIV/0! | R50: 0.83333333 | S50: 0.76623377 | T50: 0.7593361 | U50: 0.5631068 | V50: 0.50526316 | X50: 0.85897436 | Y50: 0.77922078 | Z50: 0.80082988 | AA50: 0.47572816 | AB50: 0.48947368 | AD50: 0.85897436 | AE50: 0.77272727 | AF50: 0.64315353 | AG50: 0.51456311 | AH50: 0.46842105 | AJ50: 0.80769231 | AK50: 0.76623377 | AL50: 0.7593361 | AM50: 0.48543689 | AN50: 0.51842105 | AP50: 0.87179487 | AQ50: 0.85714286 | AR50: 0.81742739 | AS50: 0.53721683 | AT50: 0.44473684 | AV50: 0.85897436 | AW50: 0.82467532 | AX50: 0.73858921 | AY50: 0.50161812 | AZ50: 0.56052632
J51: 9 | K51: =AVERAGE(R51,X51,AD51,AJ51,AP51,AV51) -> 0.97791165 | L51: =AVERAGE(S51,Y51,AE51,AK51,AQ51,AW51) -> 0.93274854 | M51: =AVERAGE(T51,Z51,AF51,AL51,AR51,AX51) -> 0.714 | N51: =AVERAGE(U51,AA51,AG51,AM51,AS51,AY51) -> 0.58251366 | O51: =AVERAGE(V51,AB51,AH51,AN51,AT51,AZ51) -> 0.43684211 | P51: =AVERAGE(W51,AC51,AI51,AO51,AU51,BA51) -> #DIV/0! | R51: 0.97590361 | S51: 0.9122807 | T51: 0.752 | U51: 0.56065574 | V51: 0.39736842 | X51: 0.98795181 | Y51: 0.94152047 | Z51: 0.764 | AA51: 0.68196721 | AB51: 0.44210526 | AD51: 0.98795181 | AE51: 0.95321637 | AF51: 0.696 | AG51: 0.56721311 | AH51: 0.41052632 | AJ51: 0.98795181 | AK51: 0.93567251 | AL51: 0.656 | AM51: 0.55081967 | AN51: 0.48421053 | AP51: 0.97590361 | AQ51: 0.94736842 | AR51: 0.708 | AS51: 0.57704918 | AT51: 0.47631579 | AV51: 0.95180723 | AW51: 0.90643275 | AX51: 0.708 | AY51: 0.55737705 | AZ51: 0.41052632
J52: 10 | K52: =AVERAGE(R52,X52,AD52,AJ52,AP52,AV52) -> 0.92447917 | L52: =AVERAGE(S52,Y52,AE52,AK52,AQ52,AW52) -> 0.88114754 | M52: =AVERAGE(T52,Z52,AF52,AL52,AR52,AX52) -> 0.78867624 | N52: =AVERAGE(U52,AA52,AG52,AM52,AS52,AY52) -> 0.68870056 | O52: =AVERAGE(V52,AB52,AH52,AN52,AT52,AZ52) -> 0.58157895 | P52: =AVERAGE(W52,AC52,AI52,AO52,AU52,BA52) -> #DIV/0! | R52: 0.921875 | S52: 0.86065574 | T52: 0.79425837 | U52: 0.72881356 | V52: 0.58684211 | X52: 0.921875 | Y52: 0.86885246 | Z52: 0.85645933 | AA52: 0.68135593 | AB52: 0.49736842 | AD52: 0.9375 | AE52: 0.91803279 | AF52: 0.81339713 | AG52: 0.5559322 | AH52: 0.64736842 | AJ52: 0.921875 | AK52: 0.90983607 | AL52: 0.83732057 | AM52: 0.74915254 | AN52: 0.49473684 | AP52: 0.921875 | AQ52: 0.8442623 | AR52: 0.68421053 | AS52: 0.7220339 | AT52: 0.63157895 | AV52: 0.921875 | AW52: 0.8852459 | AX52: 0.74641148 | AY52: 0.69491525 | AZ52: 0.63157895
J53: 11 | K53: =AVERAGE(R53,X53,AD53,AJ53,AP53,AV53) -> 0.87229437 | L53: =AVERAGE(S53,Y53,AE53,AK53,AQ53,AW53) -> 0.87345679 | M53: =AVERAGE(T53,Z53,AF53,AL53,AR53,AX53) -> 0.72469636 | N53: =AVERAGE(U53,AA53,AG53,AM53,AS53,AY53) -> 0.67106711 | O53: =AVERAGE(V53,AB53,AH53,AN53,AT53,AZ53) -> 0.58201754 | P53: =AVERAGE(W53,AC53,AI53,AO53,AU53,BA53) -> #DIV/0! | R53: 0.85714286 | S53: 0.88271605 | T53: 0.72874494 | U53: 0.83828383 | V53: 0.60789474 | X53: 0.8961039 | Y53: 0.88888889 | Z53: 0.63967611 | AA53: 0.70957096 | AB53: 0.51842105 | AD53: 0.88311688 | AE53: 0.84567901 | AF53: 0.8097166 | AG53: 0.61716172 | AH53: 0.66052632 | AJ53: 0.87012987 | AK53: 0.91975309 | AL53: 0.69230769 | AM53: 0.63366337 | AN53: 0.55789474 | AP53: 0.87012987 | AQ53: 0.87037037 | AR53: 0.75708502 | AS53: 0.65016502 | AT53: 0.64473684 | AV53: 0.85714286 | AW53: 0.83333333 | AX53: 0.72064777 | AY53: 0.57755776 | AZ53: 0.50263158
J54: 12 | K54: =AVERAGE(R54,X54,AD54,AJ54,AP54,AV54) -> 0.90935673 | L54: =AVERAGE(S54,Y54,AE54,AK54,AQ54,AW54) -> 0.8392435 | M54: =AVERAGE(T54,Z54,AF54,AL54,AR54,AX54) -> 0.83091787 | N54: =AVERAGE(U54,AA54,AG54,AM54,AS54,AY54) -> 0.71118721 | O54: =AVERAGE(V54,AB54,AH54,AN54,AT54,AZ54) -> 0.65921053 | P54: =AVERAGE(W54,AC54,AI54,AO54,AU54,BA54) -> #DIV/0! | R54: 0.9122807 | S54: 0.85106383 | T54: 0.7826087 | U54: 0.65068493 | V54: 0.59210526 | X54: 0.9122807 | Y54: 0.88652482 | Z54: 0.85507246 | AA54: 0.76027397 | AB54: 0.74736842 | AD54: 0.92982456 | AE54: 0.83687943 | AF54: 0.78743961 | AG54: 0.78767123 | AH54: 0.6 | AJ54: 0.89473684 | AK54: 0.77304965 | AL54: 0.79710145 | AM54: 0.56849315 | AN54: 0.68947368 | AP54: 0.89473684 | AQ54: 0.82269504 | AR54: 0.91304348 | AS54: 0.81849315 | AT54: 0.67368421 | AV54: 0.9122807 | AW54: 0.86524823 | AX54: 0.85024155 | AY54: 0.68150685 | AZ54: 0.65263158
J55: 13 | K55: =AVERAGE(R55,X55,AD55,AJ55,AP55,AV55) -> 0.84188034 | L55: =AVERAGE(S55,Y55,AE55,AK55,AQ55,AW55) -> 0.81094527 | M55: =AVERAGE(T55,Z55,AF55,AL55,AR55,AX55) -> 0.73775671 | N55: =AVERAGE(U55,AA55,AG55,AM55,AS55,AY55) -> 0.58026756 | O55: =AVERAGE(V55,AB55,AH55,AN55,AT55,AZ55) -> 0.58026316 | P55: =AVERAGE(W55,AC55,AI55,AO55,AU55,BA55) -> #DIV/0! | R55: 0.82051282 | S55: 0.80597015 | T55: 0.74881517 | U55: 0.60535117 | V55: 0.53684211 | X55: 0.82051282 | Y55: 0.75373134 | Z55: 0.65402844 | AA55: 0.5083612 | AB55: 0.52105263 | AD55: 0.84615385 | AE55: 0.82089552 | AF55: 0.74881517 | AG55: 0.73578595 | AH55: 0.66578947 | AJ55: 0.85897436 | AK55: 0.84328358 | AL55: 0.8056872 | AM55: 0.5451505 | AN55: 0.58684211 | AP55: 0.87179487 | AQ55: 0.7761194 | AR55: 0.67772512 | AS55: 0.5083612 | AT55: 0.56842105 | AV55: 0.83333333 | AW55: 0.86567164 | AX55: 0.79146919 | AY55: 0.57859532 | AZ55: 0.60263158
... J72: 30 | K72: =AVERAGE(R72,X72,AD72,AJ72,AP72,AV72) -> 0.97791165 | L72: =AVERAGE(S72,Y72,AE72,AK72,AQ72,AW72) -> 0.90700483 | M72: =AVERAGE(T72,Z72,AF72,AL72,AR72,AX72) -> 0.77570093 | N72: =AVERAGE(U72,AA72,AG72,AM72,AS72,AY72) -> 0.68499427 | O72: =AVERAGE(V72,AB72,AH72,AN72,AT72,AZ72) -> 0.36140351 | P72: =AVERAGE(W72,AC72,AI72,AO72,AU72,BA72) -> #DIV/0! | R72: 0.97590361 | S72: 0.94202899 | T72: 0.8317757 | U72: 0.68041237 | V72: 0.34736842 | X72: 0.98795181 | Y72: 0.91304348 | Z72: 0.78037383 | AA72: 0.604811 | AB72: 0.29210526 | AD72: 0.97590361 | AE72: 0.9057971 | AF72: 0.68691589 | AG72: 0.65292096 | AH72: 0.37894737 | AJ72: 0.97590361 | AK72: 0.92028986 | AL72: 0.71028037 | AM72: 0.67697595 | AN72: 0.38157895 | AP72: 0.97590361 | AQ72: 0.88405797 | AR72: 0.81308411 | AS72: 0.78006873 | AT72: 0.41315789 | AV72: 0.97590361 | AW72: 0.87681159 | AX72: 0.8317757 | AY72: 0.71477663 | AZ72: 0.35526316
K74: =AVERAGE(K43:K72) -> 0.93034527 | L74: =AVERAGE(L43:L72) -> 0.90085465 | M74: =AVERAGE(M43:M72) -> 0.77328329 | N74: =AVERAGE(N43:N72) -> 0.63316974 | O74: =AVERAGE(O43:O72) -> 0.53258772 | P74: =AVERAGE(P43:P72) -> #DIV/0! | R74: =AVERAGE(R43:R72) -> 0.92976777 | S74: =AVERAGE(S43:S72) -> 0.89994934 | T74: =AVERAGE(T43:T72) -> 0.77303413 | U74: =AVERAGE(U43:U72) -> 0.62407043 | V74: =AVERAGE(V43:V72) -> 0.53885965 | W74: =AVERAGE(W43:W72) -> #DIV/0! | X74: =AVERAGE(X43:X72) -> 0.92620174 | Y74: =AVERAGE(Y43:Y72) -> 0.8984745 | ... BA74: =AVERAGE(BA43:BA72) -> #DIV/0!
K77: k=1
S78: 1 | Y78: 2 | AE78: 3 | AK78: 4 | AQ78: 5 | AW78: 6
J79: ID | K79: Task 1 | L79: Task 2 | M79: Task 3 | N79: Task 4 | O79: Task 5 | P79: Task 6 | R79: Task 1 | S79: Task 2 | T79: Task 3 | U79: Task 4 | V79: Task 5 | W79: Task 6 | X79: Task 1 | Y79: Task 2 | Z79: Task 3 | AA79: Task 4 | AB79: Task 5 | AC79: Task 6 | AD79: Task 1 | AE79: Task 2 | AF79: Task 3 | AG79: Task 4 | AH79: Task 5 | AI79: Task 6 | AJ79: Task 1 | AK79: Task 2 | AL79: Task 3 | AM79: Task 4 | AN79: Task 5 | AO79: Task 6 | AP79: Task 1 | AQ79: Task 2 | AR79: Task 3 | AS79: Task 4 | AT79: Task 5 | AU79: Task 6 | AV79: Task 1 | AW79: Task 2 | AX79: Task 3 | AY79: Task 4 | AZ79: Task 5 | BA79: Task 6
J80: 1 | K80: =AVERAGE(R80,X80,AD80,AJ80,AP80,AV80) -> 0.87445887 | L80: =AVERAGE(S80,Y80,AE80,AK80,AQ80,AW80) -> 0.88203463 | M80: =AVERAGE(T80,Z80,AF80,AL80,AR80,AX80) -> 0.66666667 | N80: =AVERAGE(U80,AA80,AG80,AM80,AS80,AY80) -> 0.52970297 | O80: =AVERAGE(V80,AB80,AH80,AN80,AT80,AZ80) -> 0.54429825 | P80: =AVERAGE(W80,AC80,AI80,AO80,AU80,BA80) -> #DIV/0! | R80: 0.87012987 | S80: 0.87012987 | T80: 0.70638298 | U80: 0.69966997 | V80: 0.55789474 | X80: 0.8961039 | Y80: 0.9025974 | Z80: 0.63404255 | AA80: 0.5709571 | AB80: 0.55 | AD80: 0.87012987 | AE80: 0.88311688 | AF80: 0.61702128 | AG80: 0.41584158 | AH80: 0.49210526 | AJ80: 0.8961039 | AK80: 0.88311688 | AL80: 0.62978723 | AM80: 0.44884488 | AN80: 0.53421053 | AP80: 0.87012987 | AQ80: 0.87662338 | AR80: 0.76595745 | AS80: 0.53465347 | AT80: 0.61052632 | AV80: 0.84415584 | AW80: 0.87662338 | AX80: 0.64680851 | AY80: 0.50825083 | AZ80: 0.52105263
J81: 2 | K81: =AVERAGE(R81,X81,AD81,AJ81,AP81,AV81) -> 0.91481481 | L81: =AVERAGE(S81,Y81,AE81,AK81,AQ81,AW81) -> 0.89648033 | M81: =AVERAGE(T81,Z81,AF81,AL81,AR81,AX81) -> 0.81309042 | N81: =AVERAGE(U81,AA81,AG81,AM81,AS81,AY81) -> 0.64514349 | O81: =AVERAGE(V81,AB81,AH81,AN81,AT81,AZ81) -> 0.50263158 | P81: =AVERAGE(W81,AC81,AI81,AO81,AU81,BA81) -> #DIV/0! | R81: 0.91111111 | S81: 0.89440994 | T81: 0.82995951 | U81: 0.57284768 | V81: 0.47631579 | X81: 0.91111111 | Y81: 0.86956522 | Z81: 0.84210526 | AA81: 0.66556291 | AB81: 0.49473684 | AD81: 0.9 | AE81: 0.91925466 | AF81: 0.76923077 | AG81: 0.73178808 | AH81: 0.54736842 | AJ81: 0.94444444 | AK81: 0.89440994 | AL81: 0.86639676 | AM81: 0.65562914 | AN81: 0.45 | AP81: 0.91111111 | AQ81: 0.91304348 | AR81: 0.77732794 | AS81: 0.63907285 | AT81: 0.51842105 | AV81: 0.91111111 | AW81: 0.88819876 | AX81: 0.79352227 | AY81: 0.60596026 | AZ81: 0.52894737
J82: 3 | K82: =AVERAGE(R82,X82,AD82,AJ82,AP82,AV82) -> 0.93817204 | L82: =AVERAGE(S82,Y82,AE82,AK82,AQ82,AW82) -> 0.93165468 | M82: =AVERAGE(T82,Z82,AF82,AL82,AR82,AX82) -> 0.86294416 | N82: =AVERAGE(U82,AA82,AG82,AM82,AS82,AY82) -> 0.73482245 | O82: =AVERAGE(V82,AB82,AH82,AN82,AT82,AZ82) -> 0.60263158 | P82: =AVERAGE(W82,AC82,AI82,AO82,AU82,BA82) -> #DIV/0! | R82: 0.93548387 | S82: 0.90647482 | T82: 0.88832487 | U82: 0.63573883 | V82: 0.51578947 | X82: 0.93548387 | Y82: 0.94244604 | Z82: 0.88324873 | AA82: 0.71477663 | AB82: 0.55789474 | AD82: 0.9516129 | AE82: 0.91366906 | AF82: 0.9035533 | AG82: 0.78694158 | AH82: 0.61578947 | AJ82: 0.93548387 | AK82: 0.94964029 | AL82: 0.88832487 | AM82: 0.75257732 | AN82: 0.60263158 | AP82: 0.93548387 | AQ82: 0.92805755 | AR82: 0.74111675 | AS82: 0.6975945 | AT82: 0.70263158 | AV82: 0.93548387 | AW82: 0.94964029 | AX82: 0.87309645 | AY82: 0.82130584 | AZ82: 0.62105263
J83: 4 | K83: =AVERAGE(R83,X83,AD83,AJ83,AP83,AV83) -> 0.93939394 | L83: =AVERAGE(S83,Y83,AE83,AK83,AQ83,AW83) -> 0.90070922 | M83: =AVERAGE(T83,Z83,AF83,AL83,AR83,AX83) -> 0.82489451 | N83: =AVERAGE(U83,AA83,AG83,AM83,AS83,AY83) -> 0.55062571 | O83: =AVERAGE(V83,AB83,AH83,AN83,AT83,AZ83) -> 0.56535088 | P83: =AVERAGE(W83,AC83,AI83,AO83,AU83,BA83) -> #DIV/0! | R83: 0.93939394 | S83: 0.89361702 | T83: 0.8185654 | U83: 0.45051195 | V83: 0.56578947 | X83: 0.93939394 | Y83: 0.91489362 | Z83: 0.82278481 | AA83: 0.60068259 | AB83: 0.56315789 | AD83: 0.95454545 | AE83: 0.83687943 | AF83: 0.81434599 | AG83: 0.54266212 | AH83: 0.45 | AJ83: 0.96969697 | AK83: 0.92198582 | AL83: 0.76793249 | AM83: 0.43003413 | AN83: 0.56315789 | AP83: 0.90909091 | AQ83: 0.91489362 | AR83: 0.84388186 | AS83: 0.61774744 | AT83: 0.59736842 | AV83: 0.92424242 | AW83: 0.92198582 | AX83: 0.88185654 | AY83: 0.66211604 | AZ83: 0.65263158
J84: 5 | K84: =AVERAGE(R84,X84,AD84,AJ84,AP84,AV84) -> 0.98467433 | L84: =AVERAGE(S84,Y84,AE84,AK84,AQ84,AW84) -> 0.94410569 | M84: =AVERAGE(T84,Z84,AF84,AL84,AR84,AX84) -> 0.83534946 | N84: =AVERAGE(U84,AA84,AG84,AM84,AS84,AY84) -> 0.68587747 | O84: =AVERAGE(V84,AB84,AH84,AN84,AT84,AZ84) -> 0.58421053 | P84: =AVERAGE(W84,AC84,AI84,AO84,AU84,BA84) -> #DIV/0! | R84: 0.97701149 | S84: 0.95731707 | T84: 0.89516129 | U84: 0.81931464 | V84: 0.65263158 | X84: 0.98850575 | Y84: 0.92073171 | Z84: 0.93548387 | AA84: 0.77570093 | AB84: 0.67368421 | AD84: 0.97701149 | AE84: 0.95731707 | AF84: 0.77016129 | AG84: 0.59190031 | AH84: 0.65 | AJ84: 0.98850575 | AK84: 0.96341463 | AL84: 0.81854839 | AM84: 0.66043614 | AN84: 0.55263158 | AP84: 0.98850575 | AQ84: 0.91463415 | AR84: 0.78225806 | AS84: 0.61370717 | AT84: 0.5 | AV84: 0.98850575 | AW84: 0.95121951 | AX84: 0.81048387 | AY84: 0.65420561 | AZ84: 0.47631579
J85: 6 | K85: =AVERAGE(R85,X85,AD85,AJ85,AP85,AV85) -> 0.91941392 | L85: =AVERAGE(S85,Y85,AE85,AK85,AQ85,AW85) -> 0.89423077 | M85: =AVERAGE(T85,Z85,AF85,AL85,AR85,AX85) -> 0.68404423 | N85: =AVERAGE(U85,AA85,AG85,AM85,AS85,AY85) -> 0.55244755 | O85: =AVERAGE(V85,AB85,AH85,AN85,AT85,AZ85) -> 0.55833333 | P85: =AVERAGE(W85,AC85,AI85,AO85,AU85,BA85) -> #DIV/0! | R85: 0.93406593 | S85: 0.91025641 | T85: 0.7535545 | U85: 0.51398601 | V85: 0.62105263 | X85: 0.92307692 | Y85: 0.91025641 | Z85: 0.57819905 | AA85: 0.53496503 | AB85: 0.51052632 | AD85: 0.9010989 | AE85: 0.90384615 | AF85: 0.64454976 | AG85: 0.6013986 | AH85: 0.51578947 | AJ85: 0.93406593 | AK85: 0.8525641 | AL85: 0.71090047 | AM85: 0.44055944 | AN85: 0.58947368 | AP85: 0.91208791 | AQ85: 0.8974359 | AR85: 0.73933649 | AS85: 0.68531469 | AT85: 0.56578947 | AV85: 0.91208791 | AW85: 0.89102564 | AX85: 0.67772512 | AY85: 0.53846154 | AZ85: 0.54736842
J86: 7 | K86: =AVERAGE(R86,X86,AD86,AJ86,AP86,AV86) -> 0.93468468 | L86: =AVERAGE(S86,Y86,AE86,AK86,AQ86,AW86) -> 0.91282051 | M86: =AVERAGE(T86,Z86,AF86,AL86,AR86,AX86) -> 0.82093023 | N86: =AVERAGE(U86,AA86,AG86,AM86,AS86,AY86) -> 0.63452381 | O86: =AVERAGE(V86,AB86,AH86,AN86,AT86,AZ86) -> 0.57675439 | P86: =AVERAGE(W86,AC86,AI86,AO86,AU86,BA86) -> #DIV/0! | R86: 0.93243243 | S86: 0.89230769 | T86: 0.82325581 | U86: 0.71071429 | V86: 0.54736842 | X86: 0.94594595 | Y86: 0.93076923 | Z86: 0.82325581 | AA86: 0.64285714 | AB86: 0.69736842 | AD86: 0.93243243 | AE86: 0.91538462 | AF86: 0.85581395 | AG86: 0.52142857 | AH86: 0.47368421 | AJ86: 0.94594595 | AK86: 0.86153846 | AL86: 0.82790698 | AM86: 0.56785714 | AN86: 0.57894737 | AP86: 0.93243243 | AQ86: 0.93846154 | AR86: 0.73488372 | AS86: 0.62857143 | AT86: 0.54473684 | AV86: 0.91891892 | AW86: 0.93846154 | AX86: 0.86046512 | AY86: 0.73571429 | AZ86: 0.61842105
J87: 8 | K87: =AVERAGE(R87,X87,AD87,AJ87,AP87,AV87) -> 0.82905983 | L87: =AVERAGE(S87,Y87,AE87,AK87,AQ87,AW87) -> 0.82792208 | M87: =AVERAGE(T87,Z87,AF87,AL87,AR87,AX87) -> 0.75311203 | N87: =AVERAGE(U87,AA87,AG87,AM87,AS87,AY87) -> 0.45307443 | O87: =AVERAGE(V87,AB87,AH87,AN87,AT87,AZ87) -> 0.48026316 | P87: =AVERAGE(W87,AC87,AI87,AO87,AU87,BA87) -> #DIV/0! | R87: 0.85897436 | S87: 0.77272727 | T87: 0.65560166 | U87: 0.36569579 | V87: 0.41052632 | X87: 0.85897436 | Y87: 0.81818182 | Z87: 0.82157676 | AA87: 0.46601942 | AB87: 0.47894737 | AD87: 0.76923077 | AE87: 0.82467532 | AF87: 0.74688797 | AG87: 0.37540453 | AH87: 0.47631579 | AJ87: 0.83333333 | AK87: 0.87662338 | AL87: 0.80082988 | AM87: 0.49514563 | AN87: 0.50263158 | AP87: 0.85897436 | AQ87: 0.84415584 | AR87: 0.7219917 | AS87: 0.54692557 | AT87: 0.54210526 | AV87: 0.79487179 | AW87: 0.83116883 | AX87: 0.77178423 | AY87: 0.46925566 | AZ87: 0.47105263
J88: 9 | K88: =AVERAGE(R88,X88,AD88,AJ88,AP88,AV88) -> 0.97590361 | L88: =AVERAGE(S88,Y88,AE88,AK88,AQ88,AW88) -> 0.91325536 | M88: =AVERAGE(T88,Z88,AF88,AL88,AR88,AX88) -> 0.72133333 | N88: =AVERAGE(U88,AA88,AG88,AM88,AS88,AY88) -> 0.66666667 | O88: =AVERAGE(V88,AB88,AH88,AN88,AT88,AZ88) -> 0.45526316 | P88: =AVERAGE(W88,AC88,AI88,AO88,AU88,BA88) -> #DIV/0! | R88: 0.98795181 | S88: 0.88888889 | T88: 0.688 | U88: 0.63934426 | V88: 0.48157895 | X88: 0.96385542 | Y88: 0.90643275 | Z88: 0.744 | AA88: 0.67213115 | AB88: 0.50789474 | AD88: 0.96385542 | AE88: 0.94152047 | AF88: 0.756 | AG88: 0.72786885 | AH88: 0.45263158 | AJ88: 0.97590361 | AK88: 0.9122807 | AL88: 0.712 | AM88: 0.62622951 | AN88: 0.36842105 | AP88: 0.98795181 | AQ88: 0.9122807 | AR88: 0.648 | AS88: 0.64262295 | AT88: 0.48157895 | AV88: 0.97590361 | AW88: 0.91812865 | AX88: 0.78 | AY88: 0.69180328 | AZ88: 0.43947368
J89: 10 | K89: =AVERAGE(R89,X89,AD89,AJ89,AP89,AV89) -> 0.93489583 | L89: =AVERAGE(S89,Y89,AE89,AK89,AQ89,AW89) -> 0.83333333 | M89: =AVERAGE(T89,Z89,AF89,AL89,AR89,AX89) -> 0.81658692 | N89: =AVERAGE(U89,AA89,AG89,AM89,AS89,AY89) -> 0.62711864 | O89: =AVERAGE(V89,AB89,AH89,AN89,AT89,AZ89) -> 0.55 | P89: =AVERAGE(W89,AC89,AI89,AO89,AU89,BA89) -> #DIV/0! | R89: 0.9375 | S89: 0.86065574 | T89: 0.82296651 | U89: 0.63050847 | V89: 0.57631579 | X89: 0.921875 | Y89: 0.81967213 | Z89: 0.76555024 | AA89: 0.58644068 | AB89: 0.66842105 | AD89: 0.9375 | AE89: 0.78688525 | AF89: 0.82296651 | AG89: 0.69491525 | AH89: 0.56842105 | AJ89: 0.9375 | AK89: 0.90983607 | AL89: 0.85645933 | AM89: 0.5220339 | AN89: 0.47105263 | AP89: 0.9375 | AQ89: 0.81967213 | AR89: 0.77033493 | AS89: 0.62033898 | AT89: 0.61315789 | AV89: 0.9375 | AW89: 0.80327869 | AX89: 0.86124402 | AY89: 0.70847458 | AZ89: 0.40263158
J90: 11 | K90: =AVERAGE(R90,X90,AD90,AJ90,AP90,AV90) -> 0.87662338 | L90: =AVERAGE(S90,Y90,AE90,AK90,AQ90,AW90) -> 0.88888889 | M90: =AVERAGE(T90,Z90,AF90,AL90,AR90,AX90) -> 0.75708502 | N90: =AVERAGE(U90,AA90,AG90,AM90,AS90,AY90) -> 0.55115512 | O90: =AVERAGE(V90,AB90,AH90,AN90,AT90,AZ90) -> 0.56754386 | P90: =AVERAGE(W90,AC90,AI90,AO90,AU90,BA90) -> #DIV/0! | R90: 0.87012987 | S90: 0.88888889 | T90: 0.79757085 | U90: 0.55775578 | V90: 0.54736842 | X90: 0.85714286 | Y90: 0.89506173 | Z90: 0.81781377 | AA90: 0.58415842 | AB90: 0.57105263 | AD90: 0.88311688 | AE90: 0.85802469 | AF90: 0.72469636 | AG90: 0.37953795 | AH90: 0.44473684 | AJ90: 0.88311688 | AK90: 0.88271605 | AL90: 0.69635628 | AM90: 0.52145215 | AN90: 0.57631579 | AP90: 0.85714286 | AQ90: 0.89506173 | AR90: 0.79352227 | AS90: 0.71947195 | AT90: 0.68421053 | AV90: 0.90909091 | AW90: 0.91358025 | AX90: 0.71255061 | AY90: 0.54455446 | AZ90: 0.58157895
J91: 12 | K91: =AVERAGE(R91,X91,AD91,AJ91,AP91,AV91) -> 0.91812865 | L91: =AVERAGE(S91,Y91,AE91,AK91,AQ91,AW91) -> 0.85224586 | M91: =AVERAGE(T91,Z91,AF91,AL91,AR91,AX91) -> 0.83011272 | N91: =AVERAGE(U91,AA91,AG91,AM91,AS91,AY91) -> 0.73458904 | O91: =AVERAGE(V91,AB91,AH91,AN91,AT91,AZ91) -> 0.62061404 | P91: =AVERAGE(W91,AC91,AI91,AO91,AU91,BA91) -> #DIV/0! | R91: 0.92982456 | S91: 0.82978723 | T91: 0.85024155 | U91: 0.80821918 | V91: 0.59736842 | X91: 0.89473684 | Y91: 0.80851064 | Z91: 0.82608696 | AA91: 0.76712329 | AB91: 0.7 | AD91: 0.9122807 | AE91: 0.84397163 | AF91: 0.76328502 | AG91: 0.69520548 | AH91: 0.5 | AJ91: 0.9122807 | AK91: 0.90780142 | AL91: 0.87439614 | AM91: 0.78424658 | AN91: 0.68947368 | AP91: 0.92982456 | AQ91: 0.85106383 | AR91: 0.82125604 | AS91: 0.74657534 | AT91: 0.70789474 | AV91: 0.92982456 | AW91: 0.87234043 | AX91: 0.84541063 | AY91: 0.60616438 | AZ91: 0.52894737
... J109: 30 | K109: =AVERAGE(R109,X109,AD109,AJ109,AP109,AV109) -> 0.97991968 | L109: =AVERAGE(S109,Y109,AE109,AK109,AQ109,AW109) -> 0.91425121 | M109: =AVERAGE(T109,Z109,AF109,AL109,AR109,AX109) -> 0.855919 | N109: =AVERAGE(U109,AA109,AG109,AM109,AS109,AY109) -> 0.72222222 | O109: =AVERAGE(V109,AB109,AH109,AN109,AT109,AZ109) -> 0.48859649 | P109: =AVERAGE(W109,AC109,AI109,AO109,AU109,BA109) -> #DIV/0! | R109: 0.98795181 | S109: 0.89855072 | T109: 0.86915888 | U109: 0.72164948 | V109: 0.57631579 | X109: 0.97590361 | Y109: 0.92028986 | Z109: 0.85514019 | AA109: 0.80412371 | AB109: 0.37631579 | AD109: 0.97590361 | AE109: 0.89855072 | AF109: 0.86448598 | AG109: 0.73539519 | AH109: 0.50789474 | AJ109: 0.97590361 | AK109: 0.91304348 | AL109: 0.75700935 | AM109: 0.56013746 | AN109: 0.45 | AP109: 0.97590361 | AQ109: 0.92753623 | AR109: 0.85981308 | AS109: 0.7628866 | AT109: 0.58421053 | AV109: 0.98795181 | AW109: 0.92753623 | AX109: 0.92990654 | AY109: 0.74914089 | AZ109: 0.43684211
K111: =AVERAGE(K80:K109) -> 0.92894141 | L111: =AVERAGE(L80:L109) -> 0.90059358 | M111: =AVERAGE(M80:M109) -> 0.77407565 | N111: =AVERAGE(N80:N109) -> 0.62943851 | O111: =AVERAGE(O80:O109) -> 0.54109649 | P111: =AVERAGE(P80:P109) -> #DIV/0! | R111: =AVERAGE(R80:R109) -> 0.92827553 | S111: =AVERAGE(S80:S109) -> 0.89412483 | T111: =AVERAGE(T80:T109) -> 0.78910188 | U111: =AVERAGE(U80:U109) -> 0.63518676 | V111: =AVERAGE(V80:V109) -> 0.55473684 | W111: =AVERAGE(W80:W109) -> #DIV/0! | X111: =AVERAGE(X80:X109) -> 0.92858377 | Y111: =AVERAGE(Y80:Y109) -> 0.90285864 | ... BA111: =AVERAGE(BA80:BA109) -> #DIV/0!
K114: k=2
S115: 1 | Y115: 2 | AE115: 3 | AK115: 4 | AQ115: 5 | AW115: 6
J116: ID | K116: Task 1 | L116: Task 2 | M116: Task 3 | N116: Task 4 | O116: Task 5 | P116: Task 6 | R116: Task 1 | S116: Task 2 | T116: Task 3 | U116: Task 4 | V116: Task 5 | W116: Task 6 | X116: Task 1 | Y116: Task 2 | Z116: Task 3 | AA116: Task 4 | AB116: Task 5 | AC116: Task 6 | AD116: Task 1 | AE116: Task 2 | AF116: Task 3 | AG116: Task 4 | AH116: Task 5 | AI116: Task 6 | AJ116: Task 1 | AK116: Task 2 | AL116: Task 3 | AM116: Task 4 | AN116: Task 5 | AO116: Task 6 | AP116: Task 1 | AQ116: Task 2 | AR116: Task 3 | AS116: Task 4 | AT116: Task 5 | AU116: Task 6 | AV116: Task 1 | AW116: Task 2 | AX116: Task 3 | AY116: Task 4 | AZ116: Task 5 | BA116: Task 6
J117: 1 | K117: =AVERAGE(R117,X117,AD117,AJ117,AP117,AV117) -> 0.87229437 | L117: =AVERAGE(S117,Y117,AE117,AK117,AQ117,AW117) -> 0.90692641 | M117: =AVERAGE(T117,Z117,AF117,AL117,AR117,AX117) -> 0.5822695 | N117: =AVERAGE(U117,AA117,AG117,AM117,AS117,AY117) -> 0.5220022 | O117: =AVERAGE(V117,AB117,AH117,AN117,AT117,AZ117) -> 0.49780702 | P117: =AVERAGE(W117,AC117,AI117,AO117,AU117,BA117) -> #DIV/0! | R117: 0.8961039 | S117: 0.91558442 | T117: 0.6 | U117: 0.41914191 | V117: 0.45 | X117: 0.84415584 | Y117: 0.90909091 | Z117: 0.56595745 | AA117: 0.62376238 | AB117: 0.47105263 | AD117: 0.88311688 | AE117: 0.9025974 | AF117: 0.57021277 | AG117: 0.43564356 | AH117: 0.52105263 | AJ117: 0.85714286 | AK117: 0.91558442 | AL117: 0.60425532 | AM117: 0.56435644 | AN117: 0.47105263 | AP117: 0.87012987 | AQ117: 0.91558442 | AR117: 0.56170213 | AS117: 0.54125413 | AT117: 0.48684211 | AV117: 0.88311688 | AW117: 0.88311688 | AX117: 0.59148936 | AY117: 0.54785479 | AZ117: 0.58684211
J118: 2 | K118: =AVERAGE(R118,X118,AD118,AJ118,AP118,AV118) -> 0.92037037 | L118: =AVERAGE(S118,Y118,AE118,AK118,AQ118,AW118) -> 0.89026915 | M118: =AVERAGE(T118,Z118,AF118,AL118,AR118,AX118) -> 0.72672065 | N118: =AVERAGE(U118,AA118,AG118,AM118,AS118,AY118) -> 0.57836645 | O118: =AVERAGE(V118,AB118,AH118,AN118,AT118,AZ118) -> 0.50438596 | P118: =AVERAGE(W118,AC118,AI118,AO118,AU118,BA118) -> #DIV/0! | R118: 0.91111111 | S118: 0.8447205 | T118: 0.70850202 | U118: 0.47350993 | V118: 0.47105263 | X118: 0.91111111 | Y118: 0.92546584 | Z118: 0.73684211 | AA118: 0.60927152 | AB118: 0.50526316 | AD118: 0.94444444 | AE118: 0.88819876 | AF118: 0.72469636 | AG118: 0.59933775 | AH118: 0.48684211 | AJ118: 0.91111111 | AK118: 0.91925466 | AL118: 0.74089069 | AM118: 0.65562914 | AN118: 0.55263158 | AP118: 0.9 | AQ118: 0.88198758 | AR118: 0.81376518 | AS118: 0.60927152 | AT118: 0.52105263 | AV118: 0.94444444 | AW118: 0.88198758 | AX118: 0.63562753 | AY118: 0.52317881 | AZ118: 0.48947368
J119: 3 | K119: =AVERAGE(R119,X119,AD119,AJ119,AP119,AV119) -> 0.94892473 | L119: =AVERAGE(S119,Y119,AE119,AK119,AQ119,AW119) -> 0.95203837 | M119: =AVERAGE(T119,Z119,AF119,AL119,AR119,AX119) -> 0.88409475 | N119: =AVERAGE(U119,AA119,AG119,AM119,AS119,AY119) -> 0.76059565 | O119: =AVERAGE(V119,AB119,AH119,AN119,AT119,AZ119) -> 0.56052632 | P119: =AVERAGE(W119,AC119,AI119,AO119,AU119,BA119) -> #DIV/0! | R119: 0.98387097 | S119: 0.94244604 | T119: 0.88832487 | U119: 0.80756014 | V119: 0.59473684 | X119: 0.96774194 | Y119: 0.94964029 | Z119: 0.84771574 | AA119: 0.63917526 | AB119: 0.65526316 | AD119: 0.93548387 | AE119: 0.94244604 | AF119: 0.87309645 | AG119: 0.81786942 | AH119: 0.57105263 | AJ119: 0.93548387 | AK119: 0.95683453 | AL119: 0.9035533 | AM119: 0.7628866 | AN119: 0.52631579 | AP119: 0.93548387 | AQ119: 0.95683453 | AR119: 0.88324873 | AS119: 0.75257732 | AT119: 0.53684211 | AV119: 0.93548387 | AW119: 0.96402878 | AX119: 0.90862944 | AY119: 0.78350515 | AZ119: 0.47894737
J120: 4 | K120: =AVERAGE(R120,X120,AD120,AJ120,AP120,AV120) -> 0.93181818 | L120: =AVERAGE(S120,Y120,AE120,AK120,AQ120,AW120) -> 0.90070922 | M120: =AVERAGE(T120,Z120,AF120,AL120,AR120,AX120) -> 0.82067511 | N120: =AVERAGE(U120,AA120,AG120,AM120,AS120,AY120) -> 0.56882821 | O120: =AVERAGE(V120,AB120,AH120,AN120,AT120,AZ120) -> 0.61578947 | P120: =AVERAGE(W120,AC120,AI120,AO120,AU120,BA120) -> #DIV/0! | R120: 0.92424242 | S120: 0.92198582 | T120: 0.78902954 | U120: 0.61433447 | V120: 0.54736842 | X120: 0.96969697 | Y120: 0.90070922 | Z120: 0.84810127 | AA120: 0.63481229 | AB120: 0.68157895 | AD120: 0.92424242 | AE120: 0.92907801 | AF120: 0.82278481 | AG120: 0.54948805 | AH120: 0.68421053 | AJ120: 0.92424242 | AK120: 0.90780142 | AL120: 0.74683544 | AM120: 0.53924915 | AN120: 0.60789474 | AP120: 0.92424242 | AQ120: 0.85815603 | AR120: 0.86919831 | AS120: 0.51877133 | AT120: 0.54473684 | AV120: 0.92424242 | AW120: 0.88652482 | AX120: 0.84810127 | AY120: 0.55631399 | AZ120: 0.62894737
J121: 5 | K121: =AVERAGE(R121,X121,AD121,AJ121,AP121,AV121) -> 0.98850575 | L121: =AVERAGE(S121,Y121,AE121,AK121,AQ121,AW121) -> 0.94817073 | M121: =AVERAGE(T121,Z121,AF121,AL121,AR121,AX121) -> 0.87365591 | N121: =AVERAGE(U121,AA121,AG121,AM121,AS121,AY121) -> 0.70145379 | O121: =AVERAGE(V121,AB121,AH121,AN121,AT121,AZ121) -> 0.56754386 | P121: =AVERAGE(W121,AC121,AI121,AO121,AU121,BA121) -> #DIV/0! | R121: 0.98850575 | S121: 0.93292683 | T121: 0.92741935 | U121: 0.74143302 | V121: 0.62368421 | X121: 0.98850575 | Y121: 0.96341463 | Z121: 0.88709677 | AA121: 0.69158879 | AB121: 0.45526316 | AD121: 0.98850575 | AE121: 0.95731707 | AF121: 0.82258065 | AG121: 0.59813084 | AH121: 0.54473684 | AJ121: 0.98850575 | AK121: 0.9695122 | AL121: 0.88306452 | AM121: 0.75700935 | AN121: 0.63947368 | AP121: 0.98850575 | AQ121: 0.95121951 | AR121: 0.84274194 | AS121: 0.75077882 | AT121: 0.61578947 | AV121: 0.98850575 | AW121: 0.91463415 | AX121: 0.87903226 | AY121: 0.66978193 | AZ121: 0.52631579
J122: 6 | K122: =AVERAGE(R122,X122,AD122,AJ122,AP122,AV122) -> 0.91391941 | L122: =AVERAGE(S122,Y122,AE122,AK122,AQ122,AW122) -> 0.89957265 | M122: =AVERAGE(T122,Z122,AF122,AL122,AR122,AX122) -> 0.67061611 | N122: =AVERAGE(U122,AA122,AG122,AM122,AS122,AY122) -> 0.55594406 | O122: =AVERAGE(V122,AB122,AH122,AN122,AT122,AZ122) -> 0.53640351 | P122: =AVERAGE(W122,AC122,AI122,AO122,AU122,BA122) -> #DIV/0! | R122: 0.92307692 | S122: 0.8974359 | T122: 0.67298578 | U122: 0.5034965 | V122: 0.37894737 | X122: 0.91208791 | Y122: 0.88461538 | Z122: 0.72511848 | AA122: 0.5979021 | AB122: 0.54736842 | AD122: 0.91208791 | AE122: 0.91025641 | AF122: 0.69194313 | AG122: 0.51748252 | AH122: 0.58157895 | AJ122: 0.91208791 | AK122: 0.92948718 | AL122: 0.52132701 | AM122: 0.53496503 | AN122: 0.55526316 | AP122: 0.91208791 | AQ122: 0.8974359 | AR122: 0.68720379 | AS122: 0.64335664 | AT122: 0.55263158 | AV122: 0.91208791 | AW122: 0.87820513 | AX122: 0.72511848 | AY122: 0.53846154 | AZ122: 0.60263158
J123: 7 | K123: =AVERAGE(R123,X123,AD123,AJ123,AP123,AV123) -> 0.94594595 | L123: =AVERAGE(S123,Y123,AE123,AK123,AQ123,AW123) -> 0.93461538 | M123: =AVERAGE(T123,Z123,AF123,AL123,AR123,AX123) -> 0.8372093 | N123: =AVERAGE(U123,AA123,AG123,AM123,AS123,AY123) -> 0.62797619 | O123: =AVERAGE(V123,AB123,AH123,AN123,AT123,AZ123) -> 0.58026316 | P123: =AVERAGE(W123,AC123,AI123,AO123,AU123,BA123) -> #DIV/0! | R123: 0.91891892 | S123: 0.95384615 | T123: 0.85116279 | U123: 0.67857143 | V123: 0.60526316 | X123: 0.95945946 | Y123: 0.88461538 | Z123: 0.88837209 | AA123: 0.66428571 | AB123: 0.65263158 | AD123: 0.94594595 | AE123: 0.93076923 | AF123: 0.84651163 | AG123: 0.57142857 | AH123: 0.61842105 | AJ123: 0.91891892 | AK123: 0.94615385 | AL123: 0.7627907 | AM123: 0.56071429 | AN123: 0.42368421 | AP123: 0.94594595 | AQ123: 0.93076923 | AR123: 0.89767442 | AS123: 0.67857143 | AT123: 0.58157895 | AV123: 0.98648649 | AW123: 0.96153846 | AX123: 0.77674419 | AY123: 0.61428571 | AZ123: 0.6
J124: 8 | K124: =AVERAGE(R124,X124,AD124,AJ124,AP124,AV124) -> 0.83333333 | L124: =AVERAGE(S124,Y124,AE124,AK124,AQ124,AW124) -> 0.83549784 | M124: =AVERAGE(T124,Z124,AF124,AL124,AR124,AX124) -> 0.76556017 | N124: =AVERAGE(U124,AA124,AG124,AM124,AS124,AY124) -> 0.52588997 | O124: =AVERAGE(V124,AB124,AH124,AN124,AT124,AZ124) -> 0.44385965 | P124: =AVERAGE(W124,AC124,AI124,AO124,AU124,BA124) -> #DIV/0! | R124: 0.82051282 | S124: 0.85064935 | T124: 0.69294606 | U124: 0.26213592 | V124: 0.38157895 | X124: 0.83333333 | Y124: 0.85714286 | Z124: 0.81742739 | AA124: 0.5987055 | AB124: 0.6 | AD124: 0.82051282 | AE124: 0.81818182 | AF124: 0.75103734 | AG124: 0.60841424 | AH124: 0.45526316 | AJ124: 0.84615385 | AK124: 0.83766234 | AL124: 0.81327801 | AM124: 0.54045307 | AN124: 0.36842105 | AP124: 0.85897436 | AQ124: 0.82467532 | AR124: 0.71784232 | AS124: 0.47249191 | AT124: 0.38684211 | AV124: 0.82051282 | AW124: 0.82467532 | AX124: 0.80082988 | AY124: 0.67313916 | AZ124: 0.47105263
J125: 9 | K125: =AVERAGE(R125,X125,AD125,AJ125,AP125,AV125) -> 0.97791165 | L125: =AVERAGE(S125,Y125,AE125,AK125,AQ125,AW125) -> 0.92982456 | M125: =AVERAGE(T125,Z125,AF125,AL125,AR125,AX125) -> 0.70266667 | N125: =AVERAGE(U125,AA125,AG125,AM125,AS125,AY125) -> 0.61693989 | O125: =AVERAGE(V125,AB125,AH125,AN125,AT125,AZ125) -> 0.49342105 | P125: =AVERAGE(W125,AC125,AI125,AO125,AU125,BA125) -> #DIV/0! | R125: 0.97590361 | S125: 0.89473684 | T125: 0.664 | U125: 0.69836066 | V125: 0.52631579 | X125: 0.97590361 | Y125: 0.94736842 | Z125: 0.76 | AA125: 0.65245902 | AB125: 0.43947368 | AD125: 0.97590361 | AE125: 0.9005848 | AF125: 0.656 | AG125: 0.64918033 | AH125: 0.60263158 | AJ125: 0.97590361 | AK125: 0.91812865 | AL125: 0.712 | AM125: 0.46229508 | AN125: 0.48157895 | AP125: 0.97590361 | AQ125: 0.94736842 | AR125: 0.716 | AS125: 0.60655738 | AT125: 0.37105263 | AV125: 0.98795181 | AW125: 0.97076023 | AX125: 0.708 | AY125: 0.63278689 | AZ125: 0.53947368
J126: 10 | K126: =AVERAGE(R126,X126,AD126,AJ126,AP126,AV126) -> 0.93229167 | L126: =AVERAGE(S126,Y126,AE126,AK126,AQ126,AW126) -> 0.82377049 | M126: =AVERAGE(T126,Z126,AF126,AL126,AR126,AX126) -> 0.77751196 | N126: =AVERAGE(U126,AA126,AG126,AM126,AS126,AY126) -> 0.56949153 | O126: =AVERAGE(V126,AB126,AH126,AN126,AT126,AZ126) -> 0.53815789 | P126: =AVERAGE(W126,AC126,AI126,AO126,AU126,BA126) -> #DIV/0! | R126: 0.921875 | S126: 0.79508197 | T126: 0.67464115 | U126: 0.56949153 | V126: 0.46842105 | X126: 0.921875 | Y126: 0.81967213 | Z126: 0.76555024 | AA126: 0.59322034 | AB126: 0.60263158 | AD126: 0.9375 | AE126: 0.85245902 | AF126: 0.80861244 | AG126: 0.62372881 | AH126: 0.64736842 | AJ126: 0.9375 | AK126: 0.85245902 | AL126: 0.74641148 | AM126: 0.51525424 | AN126: 0.52368421 | AP126: 0.9375 | AQ126: 0.78688525 | AR126: 0.85167464 | AS126: 0.55932203 | AT126: 0.52368421 | AV126: 0.9375 | AW126: 0.83606557 | AX126: 0.81818182 | AY126: 0.5559322 | AZ126: 0.46315789
J127: 11 | K127: =AVERAGE(R127,X127,AD127,AJ127,AP127,AV127) -> 0.85930736 | L127: =AVERAGE(S127,Y127,AE127,AK127,AQ127,AW127) -> 0.90740741 | M127: =AVERAGE(T127,Z127,AF127,AL127,AR127,AX127) -> 0.71727395 | N127: =AVERAGE(U127,AA127,AG127,AM127,AS127,AY127) -> 0.56930693 | O127: =AVERAGE(V127,AB127,AH127,AN127,AT127,AZ127) -> 0.45833333 | P127: =AVERAGE(W127,AC127,AI127,AO127,AU127,BA127) -> #DIV/0! | R127: 0.88311688 | S127: 0.89506173 | T127: 0.7611336 | U127: 0.56435644 | V127: 0.39473684 | X127: 0.85714286 | Y127: 0.91358025 | Z127: 0.74493927 | AA127: 0.65016502 | AB127: 0.56052632 | AD127: 0.85714286 | AE127: 0.90740741 | AF127: 0.76923077 | AG127: 0.57425743 | AH127: 0.49210526 | AJ127: 0.85714286 | AK127: 0.90740741 | AL127: 0.72469636 | AM127: 0.58415842 | AN127: 0.50526316 | AP127: 0.84415584 | AQ127: 0.91975309 | AR127: 0.58704453 | AS127: 0.55775578 | AT127: 0.38421053 | AV127: 0.85714286 | AW127: 0.90123457 | AX127: 0.71659919 | AY127: 0.48514851 | AZ127: 0.41315789
J128: 12 | K128: =AVERAGE(R128,X128,AD128,AJ128,AP128,AV128) -> 0.90643275 | L128: =AVERAGE(S128,Y128,AE128,AK128,AQ128,AW128) -> 0.8463357 | M128: =AVERAGE(T128,Z128,AF128,AL128,AR128,AX128) -> 0.81481481 | N128: =AVERAGE(U128,AA128,AG128,AM128,AS128,AY128) -> 0.74315068 | O128: =AVERAGE(V128,AB128,AH128,AN128,AT128,AZ128) -> 0.59780702 | P128: =AVERAGE(W128,AC128,AI128,AO128,AU128,BA128) -> #DIV/0! | R128: 0.87719298 | S128: 0.82978723 | T128: 0.83574879 | U128: 0.72260274 | V128: 0.58947368 | X128: 0.9122807 | Y128: 0.85106383 | Z128: 0.85990338 | AA128: 0.78424658 | AB128: 0.55789474 | AD128: 0.9122807 | AE128: 0.82978723 | AF128: 0.77294686 | AG128: 0.70890411 | AH128: 0.55526316 | AJ128: 0.89473684 | AK128: 0.82978723 | AL128: 0.74879227 | AM128: 0.75 | AN128: 0.60789474 | AP128: 0.92982456 | AQ128: 0.87943262 | AR128: 0.83574879 | AS128: 0.71917808 | AT128: 0.70789474 | AV128: 0.9122807 | AW128: 0.85815603 | AX128: 0.83574879 | AY128: 0.7739726 | AZ128: 0.56842105
... J146: 30 | K146: =AVERAGE(R146,X146,AD146,AJ146,AP146,AV146) -> 0.96987952 | L146: =AVERAGE(S146,Y146,AE146,AK146,AQ146,AW146) -> 0.92270531 | M146: =AVERAGE(T146,Z146,AF146,AL146,AR146,AX146) -> 0.86915888 | N146: =AVERAGE(U146,AA146,AG146,AM146,AS146,AY146) -> 0.73825888 | O146: =AVERAGE(V146,AB146,AH146,AN146,AT146,AZ146) -> 0.51052632 | P146: =AVERAGE(W146,AC146,AI146,AO146,AU146,BA146) -> #DIV/0! | R146: 0.96385542 | S146: 0.92028986 | T146: 0.92523364 | U146: 0.85223368 | V146: 0.53947368 | X146: 0.96385542 | Y146: 0.94202899 | Z146: 0.87383178 | AA146: 0.6975945 | AB146: 0.46315789 | AD146: 0.97590361 | AE146: 0.92028986 | AF146: 0.92056075 | AG146: 0.80756014 | AH146: 0.58421053 | AJ146: 0.96385542 | AK146: 0.89855072 | AL146: 0.8411215 | AM146: 0.75601375 | AN146: 0.50789474 | AP146: 0.97590361 | AQ146: 0.93478261 | AR146: 0.78037383 | AS146: 0.70790378 | AT146: 0.48947368 | AV146: 0.97590361 | AW146: 0.92028986 | AX146: 0.87383178 | AY146: 0.60824742 | AZ146: 0.47894737
K148: =AVERAGE(K117:K146) -> 0.92826772 | L148: =AVERAGE(L117:L146) -> 0.90442022 | M148: =AVERAGE(M117:M146) -> 0.76064326 | N148: =AVERAGE(N117:N146) -> 0.62387425 | O148: =AVERAGE(O117:O146) -> 0.52355263 | P148: =AVERAGE(P117:P146) -> #DIV/0! | R148: =AVERAGE(R117:R146) -> 0.92680123 | S148: =AVERAGE(S117:S146) -> 0.90615812 | T148: =AVERAGE(T117:T146) -> 0.75030216 | U148: =AVERAGE(U117:U146) -> 0.60560197 | V148: =AVERAGE(V117:V146) -> 0.52517544 | W148: =AVERAGE(W117:W146) -> #DIV/0! | X148: =AVERAGE(X117:X146) -> 0.9299232 | Y148: =AVERAGE(Y117:Y146) -> 0.9048083 | ... BA148: =AVERAGE(BA117:BA146) -> #DIV/0!
K151: k=3
S152: 1 | Y152: 2 | AE152: 3 | AK152: 4 | AQ152: 5 | AW152: 6
J153: ID | K153: Task 1 | L153: Task 2 | M153: Task 3 | N153: Task 4 | O153: Task 5 | P153: Task 6 | R153: Task 1 | S153: Task 2 | T153: Task 3 | U153: Task 4 | V153: Task 5 | W153: Task 6 | X153: Task 1 | Y153: Task 2 | Z153: Task 3 | AA153: Task 4 | AB153: Task 5 | AC153: Task 6 | AD153: Task 1 | AE153: Task 2 | AF153: Task 3 | AG153: Task 4 | AH153: Task 5 | AI153: Task 6 | AJ153: Task 1 | AK153: Task 2 | AL153: Task 3 | AM153: Task 4 | AN153: Task 5 | AO153: Task 6 | AP153: Task 1 | AQ153: Task 2 | AR153: Task 3 | AS153: Task 4 | AT153: Task 5 | AU153: Task 6 | AV153: Task 1 | AW153: Task 2 | AX153: Task 3 | AY153: Task 4 | AZ153: Task 5 | BA153: Task 6
J154: 1 | K154: =AVERAGE(R154,X154,AD154,AJ154,AP154,AV154) -> 0.87445887 | L154: =AVERAGE(S154,Y154,AE154,AK154,AQ154,AW154) -> 0.90800866 | M154: =AVERAGE(T154,Z154,AF154,AL154,AR154,AX154) -> 0.58368794 | N154: =AVERAGE(U154,AA154,AG154,AM154,AS154,AY154) -> 0.51265127 | O154: =AVERAGE(V154,AB154,AH154,AN154,AT154,AZ154) -> 0.51929825 | P154: =AVERAGE(W154,AC154,AI154,AO154,AU154,BA154) -> #DIV/0! | R154: 0.92207792 | S154: 0.91558442 | T154: 0.57021277 | U154: 0.52475248 | V154: 0.52105263 | X154: 0.88311688 | Y154: 0.90909091 | Z154: 0.57021277 | AA154: 0.59075908 | AB154: 0.51842105 | AD154: 0.85714286 | AE154: 0.9025974 | AF154: 0.56595745 | AG154: 0.57425743 | AH154: 0.52894737 | AJ154: 0.85714286 | AK154: 0.9025974 | AL154: 0.57446809 | AM154: 0.39933993 | AN154: 0.49473684 | AP154: 0.87012987 | AQ154: 0.90909091 | AR154: 0.62553191 | AS154: 0.45544554 | AT154: 0.56052632 | AV154: 0.85714286 | AW154: 0.90909091 | AX154: 0.59574468 | AY154: 0.53135314 | AZ154: 0.49210526
J155: 2 | K155: =AVERAGE(R155,X155,AD155,AJ155,AP155,AV155) -> 0.92777778 | L155: =AVERAGE(S155,Y155,AE155,AK155,AQ155,AW155) -> 0.91304348 | M155: =AVERAGE(T155,Z155,AF155,AL155,AR155,AX155) -> 0.76383266 | N155: =AVERAGE(U155,AA155,AG155,AM155,AS155,AY155) -> 0.6192053 | O155: =AVERAGE(V155,AB155,AH155,AN155,AT155,AZ155) -> 0.47280702 | P155: =AVERAGE(W155,AC155,AI155,AO155,AU155,BA155) -> #DIV/0! | R155: 0.93333333 | S155: 0.91925466 | T155: 0.74493927 | U155: 0.62251656 | V155: 0.43947368 | X155: 0.92222222 | Y155: 0.92546584 | Z155: 0.73684211 | AA155: 0.59602649 | AB155: 0.50263158 | AD155: 0.94444444 | AE155: 0.92546584 | AF155: 0.78947368 | AG155: 0.61258278 | AH155: 0.37368421 | AJ155: 0.94444444 | AK155: 0.92546584 | AL155: 0.69635628 | AM155: 0.62251656 | AN155: 0.54210526 | AP155: 0.9 | AQ155: 0.88819876 | AR155: 0.88663968 | AS155: 0.70860927 | AT155: 0.52894737 | AV155: 0.92222222 | AW155: 0.89440994 | AX155: 0.72874494 | AY155: 0.55298013 | AZ155: 0.45
J156: 3 | K156: =AVERAGE(R156,X156,AD156,AJ156,AP156,AV156) -> 0.94354839 | L156: =AVERAGE(S156,Y156,AE156,AK156,AQ156,AW156) -> 0.94364508 | M156: =AVERAGE(T156,Z156,AF156,AL156,AR156,AX156) -> 0.89170897 | N156: =AVERAGE(U156,AA156,AG156,AM156,AS156,AY156) -> 0.79438717 | O156: =AVERAGE(V156,AB156,AH156,AN156,AT156,AZ156) -> 0.60175439 | P156: =AVERAGE(W156,AC156,AI156,AO156,AU156,BA156) -> #DIV/0! | R156: 0.93548387 | S156: 0.95683453 | T156: 0.90862944 | U156: 0.86254296 | V156: 0.62631579 | X156: 0.93548387 | Y156: 0.95683453 | Z156: 0.87309645 | AA156: 0.73539519 | AB156: 0.56052632 | AD156: 0.93548387 | AE156: 0.94964029 | AF156: 0.91878173 | AG156: 0.83848797 | AH156: 0.63157895 | AJ156: 0.96774194 | AK156: 0.92086331 | AL156: 0.87817259 | AM156: 0.85910653 | AN156: 0.69736842 | AP156: 0.93548387 | AQ156: 0.92086331 | AR156: 0.8680203 | AS156: 0.74914089 | AT156: 0.52368421 | AV156: 0.9516129 | AW156: 0.95683453 | AX156: 0.9035533 | AY156: 0.72164948 | AZ156: 0.57105263
J157: 4 | K157: =AVERAGE(R157,X157,AD157,AJ157,AP157,AV157) -> 0.92171717 | L157: =AVERAGE(S157,Y157,AE157,AK157,AQ157,AW157) -> 0.90661939 | M157: =AVERAGE(T157,Z157,AF157,AL157,AR157,AX157) -> 0.85935302 | N157: =AVERAGE(U157,AA157,AG157,AM157,AS157,AY157) -> 0.5887372 | O157: =AVERAGE(V157,AB157,AH157,AN157,AT157,AZ157) -> 0.58596491 | P157: =AVERAGE(W157,AC157,AI157,AO157,AU157,BA157) -> #DIV/0! | R157: 0.93939394 | S157: 0.92198582 | T157: 0.88607595 | U157: 0.56313993 | V157: 0.53947368 | X157: 0.92424242 | Y157: 0.90780142 | Z157: 0.93670886 | AA157: 0.50853242 | AB157: 0.65526316 | AD157: 0.92424242 | AE157: 0.87234043 | AF157: 0.84810127 | AG157: 0.70307167 | AH157: 0.56052632 | AJ157: 0.89393939 | AK157: 0.90780142 | AL157: 0.86075949 | AM157: 0.54948805 | AN157: 0.52368421 | AP157: 0.92424242 | AQ157: 0.91489362 | AR157: 0.89873418 | AS157: 0.55631399 | AT157: 0.61315789 | AV157: 0.92424242 | AW157: 0.91489362 | AX157: 0.7257384 | AY157: 0.65187713 | AZ157: 0.62368421
J158: 5 | K158: =AVERAGE(R158,X158,AD158,AJ158,AP158,AV158) -> 0.98850575 | L158: =AVERAGE(S158,Y158,AE158,AK158,AQ158,AW158) -> 0.95121951 | M158: =AVERAGE(T158,Z158,AF158,AL158,AR158,AX158) -> 0.84879032 | N158: =AVERAGE(U158,AA158,AG158,AM158,AS158,AY158) -> 0.64485981 | O158: =AVERAGE(V158,AB158,AH158,AN158,AT158,AZ158) -> 0.52105263 | P158: =AVERAGE(W158,AC158,AI158,AO158,AU158,BA158) -> #DIV/0! | R158: 0.98850575 | S158: 0.95731707 | T158: 0.87903226 | U158: 0.66978193 | V158: 0.63947368 | X158: 1 | Y158: 0.94512195 | Z158: 0.85080645 | AA158: 0.60436137 | AB158: 0.50263158 | AD158: 0.97701149 | AE158: 0.8902439 | AF158: 0.71774194 | AG158: 0.53582555 | AH158: 0.46052632 | AJ158: 0.98850575 | AK158: 0.97560976 | AL158: 0.81048387 | AM158: 0.69158879 | AN158: 0.47368421 | AP158: 1 | AQ158: 0.97560976 | AR158: 0.9233871 | AS158: 0.68535826 | AT158: 0.45 | AV158: 0.97701149 | AW158: 0.96341463 | AX158: 0.91129032 | AY158: 0.68224299 | AZ158: 0.6
J159: 6 | K159: =AVERAGE(R159,X159,AD159,AJ159,AP159,AV159) -> 0.91391941 | L159: =AVERAGE(S159,Y159,AE159,AK159,AQ159,AW159) -> 0.89529915 | M159: =AVERAGE(T159,Z159,AF159,AL159,AR159,AX159) -> 0.65955766 | N159: =AVERAGE(U159,AA159,AG159,AM159,AS159,AY159) -> 0.63403263 | O159: =AVERAGE(V159,AB159,AH159,AN159,AT159,AZ159) -> 0.57982456 | P159: =AVERAGE(W159,AC159,AI159,AO159,AU159,BA159) -> #DIV/0! | R159: 0.89010989 | S159: 0.87179487 | T159: 0.62559242 | U159: 0.58741259 | V159: 0.58157895 | X159: 0.91208791 | Y159: 0.89102564 | Z159: 0.63033175 | AA159: 0.73426573 | AB159: 0.62368421 | AD159: 0.92307692 | AE159: 0.86538462 | AF159: 0.69668246 | AG159: 0.56993007 | AH159: 0.58684211 | AJ159: 0.91208791 | AK159: 0.90384615 | AL159: 0.69668246 | AM159: 0.63986014 | AN159: 0.63421053 | AP159: 0.92307692 | AQ159: 0.91025641 | AR159: 0.62559242 | AS159: 0.70979021 | AT159: 0.47105263 | AV159: 0.92307692 | AW159: 0.92948718 | AX159: 0.68246445 | AY159: 0.56293706 | AZ159: 0.58157895
J160: 7 | K160: =AVERAGE(R160,X160,AD160,AJ160,AP160,AV160) -> 0.91441441 | L160: =AVERAGE(S160,Y160,AE160,AK160,AQ160,AW160) -> 0.94487179 | M160: =AVERAGE(T160,Z160,AF160,AL160,AR160,AX160) -> 0.80387597 | N160: =AVERAGE(U160,AA160,AG160,AM160,AS160,AY160) -> 0.62738095 | O160: =AVERAGE(V160,AB160,AH160,AN160,AT160,AZ160) -> 0.56096491 | P160: =AVERAGE(W160,AC160,AI160,AO160,AU160,BA160) -> #DIV/0! | R160: 0.87837838 | S160: 0.94615385 | T160: 0.86976744 | U160: 0.6 | V160: 0.63947368 | X160: 0.85135135 | Y160: 0.90769231 | Z160: 0.63255814 | AA160: 0.575 | AB160: 0.45 | AD160: 0.93243243 | AE160: 0.95384615 | AF160: 0.88837209 | AG160: 0.70714286 | AH160: 0.60526316 | AJ160: 0.98648649 | AK160: 0.93076923 | AL160: 0.90697674 | AM160: 0.74285714 | AN160: 0.59736842 | AP160: 0.93243243 | AQ160: 0.97692308 | AR160: 0.71162791 | AS160: 0.6 | AT160: 0.52368421 | AV160: 0.90540541 | AW160: 0.95384615 | AX160: 0.81395349 | AY160: 0.53928571 | AZ160: 0.55
J161: 8 | K161: =AVERAGE(R161,X161,AD161,AJ161,AP161,AV161) -> 0.84401709 | L161: =AVERAGE(S161,Y161,AE161,AK161,AQ161,AW161) -> 0.82359307 | M161: =AVERAGE(T161,Z161,AF161,AL161,AR161,AX161) -> 0.69363762 | N161: =AVERAGE(U161,AA161,AG161,AM161,AS161,AY161) -> 0.45738943 | O161: =AVERAGE(V161,AB161,AH161,AN161,AT161,AZ161) -> 0.41973684 | P161: =AVERAGE(W161,AC161,AI161,AO161,AU161,BA161) -> #DIV/0! | R161: 0.85897436 | S161: 0.81168831 | T161: 0.54356846 | U161: 0.33980583 | V161: 0.35263158 | X161: 0.82051282 | Y161: 0.77922078 | Z161: 0.68879668 | AA161: 0.46601942 | AB161: 0.46052632 | AD161: 0.84615385 | AE161: 0.79220779 | AF161: 0.6473029 | AG161: 0.43365696 | AH161: 0.48157895 | AJ161: 0.85897436 | AK161: 0.84415584 | AL161: 0.80082988 | AM161: 0.57928803 | AN161: 0.37894737 | AP161: 0.85897436 | AQ161: 0.86363636 | AR161: 0.6846473 | AS161: 0.45631068 | AT161: 0.44473684 | AV161: 0.82051282 | AW161: 0.85064935 | AX161: 0.7966805 | AY161: 0.46925566 | AZ161: 0.4
J162: 9 | K162: =AVERAGE(R162,X162,AD162,AJ162,AP162,AV162) -> 0.97791165 | L162: =AVERAGE(S162,Y162,AE162,AK162,AQ162,AW162) -> 0.93469786 | M162: =AVERAGE(T162,Z162,AF162,AL162,AR162,AX162) -> 0.74133333 | N162: =AVERAGE(U162,AA162,AG162,AM162,AS162,AY162) -> 0.6 | O162: =AVERAGE(V162,AB162,AH162,AN162,AT162,AZ162) -> 0.51929825 | P162: =AVERAGE(W162,AC162,AI162,AO162,AU162,BA162) -> #DIV/0! | R162: 0.97590361 | S162: 0.95321637 | T162: 0.684 | U162: 0.61311475 | V162: 0.48947368 | X162: 0.97590361 | Y162: 0.97660819 | Z162: 0.856 | AA162: 0.56065574 | AB162: 0.47105263 | AD162: 0.97590361 | AE162: 0.91812865 | AF162: 0.716 | AG162: 0.59016393 | AH162: 0.58684211 | AJ162: 0.97590361 | AK162: 0.9005848 | AL162: 0.724 | AM162: 0.6 | AN162: 0.54210526 | AP162: 0.98795181 | AQ162: 0.93567251 | AR162: 0.804 | AS162: 0.66885246 | AT162: 0.49210526 | AV162: 0.97590361 | AW162: 0.92397661 | AX162: 0.664 | AY162: 0.56721311 | AZ162: 0.53421053
...

Sheet Person_2
K3: k=0.25
S4: 1 | Y4: 2 | AE4: 3 | AK4: 4 | AQ4: 5 | AW4: 6
A5: k | B5: Task 1 | C5: Task 2 | D5: Task 3 | E5: Task 4 | F5: Task 5 | G5: Task 6 | J5: ID | K5: Task 1 | L5: Task 2 | M5: Task 3 | N5: Task 4 | O5: Task 5 | P5: Task 6 | R5: Task 1 | S5: Task 2 | T5: Task 3 | U5: Task 4 | V5: Task 5 | W5: Task 6 | X5: Task 1 | Y5: Task 2 | Z5: Task 3 | AA5: Task 4 | AB5: Task 5 | AC5: Task 6 | AD5: Task 1 | AE5: Task 2 | AF5: Task 3 | AG5: Task 4 | AH5: Task 5 | AI5: Task 6 | AJ5: Task 1 | AK5: Task 2 | AL5: Task 3 | AM5: Task 4 | AN5: Task 5 | AO5: Task 6 | AP5: Task 1 | AQ5: Task 2 | AR5: Task 3 | AS5: Task 4 | AT5: Task 5 | AU5: Task 6 | AV5: Task 1 | AW5: Task 2 | AX5: Task 3 | AY5: Task 4 | AZ5: Task 5 | BA5: Task 6 | BD5: =A6 -> 0.25 | BE5: Task 1 | BF5: Task 2 | BG5: Task 3 | BH5: Task 4 | BI5: Task 5 | BJ5: Task 6
A6: 0.25 | B6: =AVERAGE(K6:K35) -> 0.93027345 | C6: =AVERAGE(L6:L35) -> 0.8448958 | D6: =AVERAGE(M6:M35) -> 0.69794434 | E6: =AVERAGE(N6:N35) -> 0.57939661 | F6: =AVERAGE(O6:O35) -> 0.48968041 | G6: =AVERAGE(P6:P35) -> #DIV/0! | J6: 1 | K6: =AVERAGE(R6,X6,AD6,AJ6,AP6,AV6) -> 0.86150235 | L6: =AVERAGE(S6,Y6,AE6,AK6,AQ6,AW6) -> 0.88484848 | M6: =AVERAGE(T6,Z6,AF6,AL6,AR6,AX6) -> 0.69903581 | N6: =AVERAGE(U6,AA6,AG6,AM6,AS6,AY6) -> 0.50990099 | O6: =AVERAGE(V6,AB6,AH6,AN6,AT6,AZ6) -> 0.47043011 | P6: =AVERAGE(W6,AC6,AI6,AO6,AU6,BA6) -> #DIV/0! | R6: 0.88732394 | S6: 0.89090909 | T6: 0.65289256 | U6: 0.52805281 | V6: 0.4811828 | X6: 0.83098592 | Y6: 0.87878788 | Z6: 0.62396694 | AA6: 0.67656766 | AB6: 0.46774194 | AD6: 0.83098592 | AE6: 0.8969697 | AF6: 0.72727273 | AG6: 0.40264026 | AH6: 0.43817204 | AJ6: 0.84507042 | AK6: 0.87878788 | AL6: 0.7231405 | AM6: 0.40264026 | AN6: 0.47043011 | AP6: 0.90140845 | AQ6: 0.89090909 | AR6: 0.70661157 | AS6: 0.58085809 | AT6: 0.48924731 | AV6: 0.87323944 | AW6: 0.87272727 | AX6: 0.76033058 | AY6: 0.46864686 | AZ6: 0.47580645 | BD6: 1 | BE6: =$R$37 -> 0.93198194 | BF6: =$S$37 -> 0.85005419 | BG6: =$T$37 -> 0.69807029 | BH6: =$U$37 -> 0.57647031 | BI6: =$V$37 -> 0.49077061 | BJ6: =$W$37 -> #DIV/0!
A7: 0.5 | B7: =AVERAGE(K43:K72) -> 0.93077739 | C7: =AVERAGE(L43:L72) -> 0.8634633 | D7: =AVERAGE(M43:M72) -> 0.73175445 | E7: =AVERAGE(N43:N72) -> 0.6020681 | F7: =AVERAGE(O43:O72) -> 0.51006571 | G7: =AVERAGE(P43:P72) -> #DIV/0! | J7: 2 | K7: =AVERAGE(R7,X7,AD7,AJ7,AP7,AV7) -> 0.85223368 | L7: =AVERAGE(S7,Y7,AE7,AK7,AQ7,AW7) -> 0.73506744 | M7: =AVERAGE(T7,Z7,AF7,AL7,AR7,AX7) -> 0.66666667 | N7: =AVERAGE(U7,AA7,AG7,AM7,AS7,AY7) -> 0.5917481 | O7: =AVERAGE(V7,AB7,AH7,AN7,AT7,AZ7) -> 0.46550179 | P7: =AVERAGE(W7,AC7,AI7,AO7,AU7,BA7) -> #DIV/0! | R7: 0.86597938 | S7: 0.73988439 | T7: 0.556 | U7: 0.48208469 | V7: 0.37903226 | X7: 0.86597938 | Y7: 0.71098266 | Z7: 0.736 | AA7: 0.68729642 | AB7: 0.5672043 | AD7: 0.86597938 | AE7: 0.76878613 | AF7: 0.624 | AG7: 0.60260586 | AH7: 0.44892473 | AJ7: 0.82474227 | AK7: 0.73988439 | AL7: 0.716 | AM7: 0.52442997 | AN7: 0.40591398 | AP7: 0.86597938 | AQ7: 0.72254335 | AR7: 0.732 | AS7: 0.58957655 | AT7: 0.43010753 | AV7: 0.82474227 | AW7: 0.7283237 | AX7: 0.636 | AY7: 0.66449511 | AZ7: 0.56182796 | BD7: 2 | BE7: =$X$37 -> 0.92956889 | BF7: =$Y$37 -> 0.84489368 | BG7: =$Z$37 -> 0.6844131 | BH7: =$AA$37 -> 0.59188299 | BI7: =$AB$37 -> 0.4844086 | BJ7: =$AC$37 -> #DIV/0!
A8: 1 | B8: =AVERAGE(K80:K109) -> 0.92986546 | C8: =AVERAGE(L80:L109) -> 0.87849471 | D8: =AVERAGE(M80:M109) -> 0.75773861 | E8: =AVERAGE(N80:N109) -> 0.62725479 | F8: =AVERAGE(O80:O109) -> 0.5286141 | G8: =AVERAGE(P80:P109) -> #DIV/0! | J8: 3 | K8: =AVERAGE(R8,X8,AD8,AJ8,AP8,AV8) -> 0.92253521 | L8: =AVERAGE(S8,Y8,AE8,AK8,AQ8,AW8) -> 0.92142857 | M8: =AVERAGE(T8,Z8,AF8,AL8,AR8,AX8) -> 0.80988275 | N8: =AVERAGE(U8,AA8,AG8,AM8,AS8,AY8) -> 0.53988095 | O8: =AVERAGE(V8,AB8,AH8,AN8,AT8,AZ8) -> 0.50179211 | P8: =AVERAGE(W8,AC8,AI8,AO8,AU8,BA8) -> #DIV/0! | R8: 0.92957746 | S8: 0.92142857 | T8: 0.77889447 | U8: 0.48571429 | V8: 0.41397849 | X8: 0.91549296 | Y8: 0.92857143 | Z8: 0.83919598 | AA8: 0.48214286 | AB8: 0.54301075 | AD8: 0.91549296 | AE8: 0.92142857 | AF8: 0.76884422 | AG8: 0.58571429 | AH8: 0.55913978 | AJ8: 0.91549296 | AK8: 0.90714286 | AL8: 0.7638191 | AM8: 0.62142857 | AN8: 0.43548387 | AP8: 0.92957746 | AQ8: 0.92142857 | AR8: 0.84924623 | AS8: 0.63214286 | AT8: 0.64784946 | AV8: 0.92957746 | AW8: 0.92857143 | AX8: 0.85929648 | AY8: 0.43214286 | AZ8: 0.41129032 | BD8: 3 | BE8: =$AD$37 -> 0.92672808 | BF8: =$AE$37 -> 0.84236188 | BG8: =$AF$37 -> 0.70415005 | BH8: =$AG$37 -> 0.58280043 | BI8: =$AH$37 -> 0.49229391 | BJ8: =$AI$37 -> #DIV/0!
A9: 2 | B9: =AVERAGE(K117:K146) -> 0.92877468 | C9: =AVERAGE(L117:L146) -> 0.89058863 | D9: =AVERAGE(M117:M146) -> 0.74159685 | E9: =AVERAGE(N117:N146) -> 0.62082743 | F9: =AVERAGE(O117:O146) -> 0.51025986 | G9: =AVERAGE(P117:P146) -> #DIV/0! | J9: 4 | K9: =AVERAGE(R9,X9,AD9,AJ9,AP9,AV9) -> 0.94278607 | L9: =AVERAGE(S9,Y9,AE9,AK9,AQ9,AW9) -> 0.85460993 | M9: =AVERAGE(T9,Z9,AF9,AL9,AR9,AX9) -> 0.62240664 | N9: =AVERAGE(U9,AA9,AG9,AM9,AS9,AY9) -> 0.51393534 | O9: =AVERAGE(V9,AB9,AH9,AN9,AT9,AZ9) -> 0.47043011 | P9: =AVERAGE(W9,AC9,AI9,AO9,AU9,BA9) -> #DIV/0! | R9: 0.97014925 | S9: 0.88652482 | T9: 0.63070539 | U9: 0.57190635 | V9: 0.52688172 | X9: 0.92537313 | Y9: 0.90070922 | Z9: 0.57676349 | AA9: 0.49498328 | AB9: 0.42473118 | AD9: 0.92537313 | AE9: 0.88652482 | AF9: 0.73029046 | AG9: 0.46488294 | AH9: 0.40591398 | AJ9: 0.92537313 | AK9: 0.77304965 | AL9: 0.593361 | AM9: 0.5083612 | AN9: 0.5188172 | AP9: 0.98507463 | AQ9: 0.75886525 | AR9: 0.58091286 | AS9: 0.55183946 | AT9: 0.51612903 | AV9: 0.92537313 | AW9: 0.92198582 | AX9: 0.62240664 | AY9: 0.4916388 | AZ9: 0.43010753 | BD9: 4 | BE9: =$AJ$37 -> 0.92627083 | BF9: =$AK$37 -> 0.84055497 | BG9: =$AL$37 -> 0.70260253 | BH9: =$AM$37 -> 0.57702171 | BI9: =$AN$37 -> 0.50143369 | BJ9: =$AO$37 -> #DIV/0!
A10: 3 | B10: =AVERAGE(K154:K183) -> 0.92675797 | C10: =AVERAGE(L154:L183) -> 0.89390994 | D10: =AVERAGE(M154:M183) -> 0.75065372 | E10: =AVERAGE(N154:N183) -> 0.61919982 | F10: =AVERAGE(O154:O183) -> 0.51311231 | G10: =AVERAGE(P154:P183) -> #DIV/0! | J10: 5 | K10: =AVERAGE(R10,X10,AD10,AJ10,AP10,AV10) -> 0.956621 | L10: =AVERAGE(S10,Y10,AE10,AK10,AQ10,AW10) -> 0.88423154 | M10: =AVERAGE(T10,Z10,AF10,AL10,AR10,AX10) -> 0.65311653 | N10: =AVERAGE(U10,AA10,AG10,AM10,AS10,AY10) -> 0.49268548 | O10: =AVERAGE(V10,AB10,AH10,AN10,AT10,AZ10) -> 0.45967742 | P10: =AVERAGE(W10,AC10,AI10,AO10,AU10,BA10) -> #DIV/0! | R10: 0.97260274 | S10: 0.88023952 | T10: 0.6097561 | U10: 0.46081505 | V10: 0.4327957 | X10: 0.95890411 | Y10: 0.90419162 | Z10: 0.65447154 | AA10: 0.49529781 | AB10: 0.51344086 | AD10: 0.95890411 | AE10: 0.91017964 | AF10: 0.74390244 | AG10: 0.47335423 | AH10: 0.58064516 | AJ10: 0.93150685 | AK10: 0.84431138 | AL10: 0.62195122 | AM10: 0.47648903 | AN10: 0.44086022 | AP10: 0.95890411 | AQ10: 0.88023952 | AR10: 0.65853659 | AS10: 0.57366771 | AT10: 0.47580645 | AV10: 0.95890411 | AW10: 0.88622754 | AX10: 0.6300813 | AY10: 0.47648903 | AZ10: 0.31451613 | BD10: 5 | BE10: =$AP$37 -> 0.93512575 | BF10: =$AQ$37 -> 0.84425367 | BG10: =$AR$37 -> 0.70408972 | BH10: =$AS$37 -> 0.58751048 | BI10: =$AT$37 -> 0.50071685 | BJ10: =$AU$37 -> #DIV/0!
J11: 6 | K11: =AVERAGE(R11,X11,AD11,AJ11,AP11,AV11) -> 0.96703297 | L11: =AVERAGE(S11,Y11,AE11,AK11,AQ11,AW11) -> 0.83739837 | M11: =AVERAGE(T11,Z11,AF11,AL11,AR11,AX11) -> 0.69909502 | N11: =AVERAGE(U11,AA11,AG11,AM11,AS11,AY11) -> 0.63344788 | O11: =AVERAGE(V11,AB11,AH11,AN11,AT11,AZ11) -> 0.54166667 | P11: =AVERAGE(W11,AC11,AI11,AO11,AU11,BA11) -> #DIV/0! | R11: 0.95604396 | S11: 0.90243902 | T11: 0.74208145 | U11: 0.64948454 | V11: 0.55376344 | X11: 0.96703297 | Y11: 0.82926829 | Z11: 0.64705882 | AA11: 0.65979381 | AB11: 0.51612903 | AD11: 0.96703297 | AE11: 0.82926829 | AF11: 0.71493213 | AG11: 0.59450172 | AH11: 0.53225806 | AJ11: 0.95604396 | AK11: 0.77439024 | AL11: 0.63348416 | AM11: 0.61168385 | AN11: 0.57795699 | AP11: 0.98901099 | AQ11: 0.86585366 | AR11: 0.75113122 | AS11: 0.67010309 | AT11: 0.52956989 | AV11: 0.96703297 | AW11: 0.82317073 | AX11: 0.70588235 | AY11: 0.61512027 | AZ11: 0.54032258 | BD11: 6 | BE11: =$AV$37 -> 0.93196518 | BF11: =$AW$37 -> 0.8472564 | BG11: =$AX$37 -> 0.69434035 | BH11: =$AY$37 -> 0.56069372 | BI11: =$AZ$37 -> 0.46845878 | BJ11: =$BA$37 -> #DIV/0!
J12: 7 | K12: =AVERAGE(R12,X12,AD12,AJ12,AP12,AV12) -> 0.95410628 | L12: =AVERAGE(S12,Y12,AE12,AK12,AQ12,AW12) -> 0.84645669 | M12: =AVERAGE(T12,Z12,AF12,AL12,AR12,AX12) -> 0.72833333 | N12: =AVERAGE(U12,AA12,AG12,AM12,AS12,AY12) -> 0.64774115 | O12: =AVERAGE(V12,AB12,AH12,AN12,AT12,AZ12) -> 0.53584229 | P12: =AVERAGE(W12,AC12,AI12,AO12,AU12,BA12) -> #DIV/0! | R12: 0.94202899 | S12: 0.81889764 | T12: 0.775 | U12: 0.65567766 | V12: 0.52688172 | X12: 0.91304348 | Y12: 0.88188976 | Z12: 0.63 | AA12: 0.65567766 | AB12: 0.72849462 | AD12: 0.97101449 | AE12: 0.79527559 | AF12: 0.745 | AG12: 0.57875458 | AH12: 0.47043011 | AJ12: 0.97101449 | AK12: 0.8503937 | AL12: 0.805 | AM12: 0.67399267 | AN12: 0.46774194 | AP12: 0.94202899 | AQ12: 0.8976378 | AR12: 0.665 | AS12: 0.65934066 | AT12: 0.5483871 | AV12: 0.98550725 | AW12: 0.83464567 | AX12: 0.75 | AY12: 0.66300366 | AZ12: 0.47311828
J13: 8 | K13: =AVERAGE(R13,X13,AD13,AJ13,AP13,AV13) -> 0.95128205 | L13: =AVERAGE(S13,Y13,AE13,AK13,AQ13,AW13) -> 0.80595238 | M13: =AVERAGE(T13,Z13,AF13,AL13,AR13,AX13) -> 0.73333333 | N13: =AVERAGE(U13,AA13,AG13,AM13,AS13,AY13) -> 0.4588964 | O13: =AVERAGE(V13,AB13,AH13,AN13,AT13,AZ13) -> 0.41801075 | P13: =AVERAGE(W13,AC13,AI13,AO13,AU13,BA13) -> #DIV/0! | R13: 0.93846154 | S13: 0.72142857 | T13: 0.73191489 | U13: 0.33783784 | V13: 0.35215054 | X13: 0.95384615 | Y13: 0.87142857 | Z13: 0.75319149 | AA13: 0.52027027 | AB13: 0.46236559 | AD13: 0.93846154 | AE13: 0.72142857 | AF13: 0.68085106 | AG13: 0.375 | AH13: 0.38709677 | AJ13: 0.96923077 | AK13: 0.82142857 | AL13: 0.76170213 | AM13: 0.55743243 | AN13: 0.47043011 | AP13: 0.95384615 | AQ13: 0.83571429 | AR13: 0.78297872 | AS13: 0.49324324 | AT13: 0.42204301 | AV13: 0.95384615 | AW13: 0.86428571 | AX13: 0.6893617 | AY13: 0.46959459 | AZ13: 0.41397849 | BD13: =A7 -> 0.5 | BE13: Task 1 | BF13: Task 2 | BG13: Task 3 | BH13: Task 4 | BI13: Task 5 | BJ13: Task 6
J14: 9 | K14: =AVERAGE(R14,X14,AD14,AJ14,AP14,AV14) -> 0.95720721 | L14: =AVERAGE(S14,Y14,AE14,AK14,AQ14,AW14) -> 0.89803922 | M14: =AVERAGE(T14,Z14,AF14,AL14,AR14,AX14) -> 0.69861111 | N14: =AVERAGE(U14,AA14,AG14,AM14,AS14,AY14) -> 0.5 | O14: =AVERAGE(V14,AB14,AH14,AN14,AT14,AZ14) -> 0.37992832 | P14: =AVERAGE(W14,AC14,AI14,AO14,AU14,BA14) -> #DIV/0! | R14: 0.94594595 | S14: 0.82941176 | T14: 0.60416667 | U14: 0.46127946 | V14: 0.38709677 | X14: 0.95945946 | Y14: 0.91176471 | Z14: 0.68333333 | AA14: 0.51515152 | AB14: 0.33064516 | AD14: 0.95945946 | AE14: 0.92941176 | AF14: 0.7 | AG14: 0.60942761 | AH14: 0.47043011 | AJ14: 0.95945946 | AK14: 0.91764706 | AL14: 0.70833333 | AM14: 0.47811448 | AN14: 0.45698925 | AP14: 0.95945946 | AQ14: 0.88235294 | AR14: 0.78333333 | AS14: 0.47811448 | AT14: 0.37096774 | AV14: 0.95945946 | AW14: 0.91764706 | AX14: 0.7125 | AY14: 0.45791246 | AZ14: 0.26344086 | BD14: 1 | BE14: =$R$74 -> 0.93044748 | BF14: =$S$74 -> 0.85339064 | BG14: =$T$74 -> 0.72716774 | BH14: =$U$74 -> 0.59836978 | BI14: =$V$74 -> 0.52267025 | BJ14: =$W$74 -> #DIV/0!
J15: 10 | K15: =AVERAGE(R15,X15,AD15,AJ15,AP15,AV15) -> 0.92401961 | L15: =AVERAGE(S15,Y15,AE15,AK15,AQ15,AW15) -> 0.81496063 | M15: =AVERAGE(T15,Z15,AF15,AL15,AR15,AX15) -> 0.75825826 | N15: =AVERAGE(U15,AA15,AG15,AM15,AS15,AY15) -> 0.6025641 | O15: =AVERAGE(V15,AB15,AH15,AN15,AT15,AZ15) -> 0.51971326 | P15: =AVERAGE(W15,AC15,AI15,AO15,AU15,BA15) -> #DIV/0! | R15: 0.92647059 | S15: 0.7480315 | T15: 0.76126126 | U15: 0.64548495 | V15: 0.59946237 | X15: 0.92647059 | Y15: 0.84251969 | Z15: 0.84234234 | AA15: 0.68227425 | AB15: 0.54301075 | AD15: 0.91176471 | AE15: 0.88188976 | AF15: 0.72522523 | AG15: 0.64214047 | AH15: 0.44354839 | AJ15: 0.92647059 | AK15: 0.81889764 | AL15: 0.72522523 | AM15: 0.56856187 | AN15: 0.56451613 | AP15: 0.92647059 | AQ15: 0.77952756 | AR15: 0.72522523 | AS15: 0.48494983 | AT15: 0.42741935 | AV15: 0.92647059 | AW15: 0.81889764 | AX15: 0.77027027 | AY15: 0.59197324 | AZ15: 0.54032258 | BD15: 2 | BE15: =$X$74 -> 0.93300644 | BF15: =$Y$74 -> 0.86642009 | BG15: =$Z$74 -> 0.7263164 | BH15: =$AA$74 -> 0.60641499 | BI15: =$AB$74 -> 0.51451613 | BJ15: =$AC$74 -> #DIV/0!
J16: 11 | K16: =AVERAGE(R16,X16,AD16,AJ16,AP16,AV16) -> 0.85446009 | L16: =AVERAGE(S16,Y16,AE16,AK16,AQ16,AW16) -> 0.86574074 | M16: =AVERAGE(T16,Z16,AF16,AL16,AR16,AX16) -> 0.70681818 | N16: =AVERAGE(U16,AA16,AG16,AM16,AS16,AY16) -> 0.60311751 | O16: =AVERAGE(V16,AB16,AH16,AN16,AT16,AZ16) -> 0.47311828 | P16: =AVERAGE(W16,AC16,AI16,AO16,AU16,BA16) -> #DIV/0! | R16: 0.83098592 | S16: 0.88194444 | T16: 0.81363636 | U16: 0.69784173 | V16: 0.3844086 | X16: 0.83098592 | Y16: 0.83333333 | Z16: 0.62727273 | AA16: 0.60431655 | AB16: 0.50268817 | AD16: 0.87323944 | AE16: 0.88888889 | AF16: 0.80909091 | AG16: 0.62589928 | AH16: 0.47311828 | AJ16: 0.84507042 | AK16: 0.86111111 | AL16: 0.57727273 | AM16: 0.48201439 | AN16: 0.38709677 | AP16: 0.84507042 | AQ16: 0.86111111 | AR16: 0.71363636 | AS16: 0.60791367 | AT16: 0.51612903 | AV16: 0.90140845 | AW16: 0.86805556 | AX16: 0.7 | AY16: 0.60071942 | AZ16: 0.57526882 | BD16: 3 | BE16: =$AD$74 -> 0.93029126 | BF16: =$AE$74 -> 0.85437566 | BG16: =$AF$74 -> 0.731526 | BH16: =$AG$74 -> 0.61560036 | BI16: =$AH$74 -> 0.51137993 | BJ16: =$AI$74 -> #DIV/0!
J17: 12 | K17: =AVERAGE(R17,X17,AD17,AJ17,AP17,AV17) -> 0.85493827 | L17: =AVERAGE(S17,Y17,AE17,AK17,AQ17,AW17) -> 0.79197995 | M17: =AVERAGE(T17,Z17,AF17,AL17,AR17,AX17) -> 0.68666667 | N17: =AVERAGE(U17,AA17,AG17,AM17,AS17,AY17) -> 0.5736715 | O17: =AVERAGE(V17,AB17,AH17,AN17,AT17,AZ17) -> 0.57885305 | P17: =AVERAGE(W17,AC17,AI17,AO17,AU17,BA17) -> #DIV/0! | R17: 0.88888889 | S17: 0.84962406 | T17: 0.695 | U17: 0.68115942 | V17: 0.65860215 | X17: 0.83333333 | Y17: 0.78195489 | Z17: 0.67 | AA17: 0.5615942 | AB17: 0.52688172 | AD17: 0.83333333 | AE17: 0.81203008 | AF17: 0.645 | AG17: 0.53623188 | AH17: 0.60483871 | AJ17: 0.83333333 | AK17: 0.78195489 | AL17: 0.695 | AM17: 0.61956522 | AN17: 0.64784946 | AP17: 0.85185185 | AQ17: 0.7443609 | AR17: 0.66 | AS17: 0.46014493 | AT17: 0.5188172 | AV17: 0.88888889 | AW17: 0.78195489 | AX17: 0.755 | AY17: 0.58333333 | AZ17: 0.51612903 | BD17: 4 | BE17: =$AJ$74 -> 0.93581218 | BF17: =$AK$74 -> 0.86767965 | BG17: =$AL$74 -> 0.7480696 | BH17: =$AM$74 -> 0.60341267 | BI17: =$AN$74 -> 0.49103943 | BJ17: =$AO$74 -> #DIV/0!
J18: 13 | K18: =AVERAGE(R18,X18,AD18,AJ18,AP18,AV18) -> 0.94871795 | L18: =AVERAGE(S18,Y18,AE18,AK18,AQ18,AW18) -> 0.75609756 | M18: =AVERAGE(T18,Z18,AF18,AL18,AR18,AX18) -> 0.68817204 | N18: =AVERAGE(U18,AA18,AG18,AM18,AS18,AY18) -> 0.61920904 | O18: =AVERAGE(V18,AB18,AH18,AN18,AT18,AZ18) -> 0.5452509 | P18: =AVERAGE(W18,AC18,AI18,AO18,AU18,BA18) -> #DIV/0! | R18: 0.95384615 | S18: 0.77235772 | T18: 0.71889401 | U18: 0.60338983 | V18: 0.51075269 | X18: 0.95384615 | Y18: 0.69918699 | Z18: 0.68202765 | AA18: 0.63728814 | AB18: 0.52688172 | AD18: 0.92307692 | AE18: 0.64227642 | AF18: 0.65437788 | AG18: 0.61016949 | AH18: 0.60752688 | AJ18: 0.95384615 | AK18: 0.84552846 | AL18: 0.70967742 | AM18: 0.66779661 | AN18: 0.56451613 | AP18: 0.98461538 | AQ18: 0.77235772 | AR18: 0.70967742 | AS18: 0.58305085 | AT18: 0.50806452 | AV18: 0.92307692 | AW18: 0.80487805 | AX18: 0.65437788 | AY18: 0.61355932 | AZ18: 0.55376344 | BD18: 5 | BE18: =$AP$74 -> 0.92704421 | BF18: =$AQ$74 -> 0.87008413 | BG18: =$AR$74 -> 0.72932583 | BH18: =$AS$74 -> 0.58652218 | BI18: =$AT$74 -> 0.51012545 | BJ18: =$AU$74 -> #DIV/0!
J19: 14 | K19: =AVERAGE(R19,X19,AD19,AJ19,AP19,AV19) -> 0.99768519 | L19: =AVERAGE(S19,Y19,AE19,AK19,AQ19,AW19) -> 0.88255034 | M19: =AVERAGE(T19,Z19,AF19,AL19,AR19,AX19) -> 0.68211382 | N19: =AVERAGE(U19,AA19,AG19,AM19,AS19,AY19) -> 0.67059484 | O19: =AVERAGE(V19,AB19,AH19,AN19,AT19,AZ19) -> 0.55689964 | P19: =AVERAGE(W19,AC19,AI19,AO19,AU19,BA19) -> #DIV/0! | R19: 1 | S19: 0.89932886 | T19: 0.77560976 | U19: 0.68686869 | V19: 0.5483871 | X19: 1 | Y19: 0.82550336 | Z19: 0.61463415 | AA19: 0.67676768 | AB19: 0.58870968 | AD19: 1 | AE19: 0.95973154 | AF19: 0.82439024 | AG19: 0.79124579 | AH19: 0.61827957 | AJ19: 1 | AK19: 0.84563758 | AL19: 0.56097561 | AM19: 0.6026936 | AN19: 0.51075269 | AP19: 0.98611111 | AQ19: 0.8590604 | AR19: 0.6 | AS19: 0.69360269 | AT19: 0.58870968 | AV19: 1 | AW19: 0.90604027 | AX19: 0.71707317 | AY19: 0.57239057 | AZ19: 0.48655914 | BD19: 6 | BE19: =$AV$74 -> 0.92806277 | BF19: =$AW$74 -> 0.86882964 | BG19: =$AX$74 -> 0.72812115 | BH19: =$AY$74 -> 0.60208863 | BI19: =$AZ$74 -> 0.51066308 | BJ19: =$BA$74 -> #DIV/0!
J20: 15 | K20: =AVERAGE(R20,X20,AD20,AJ20,AP20,AV20) -> 0.9983165 | L20: =AVERAGE(S20,Y20,AE20,AK20,AQ20,AW20) -> 0.85912698 | M20: =AVERAGE(T20,Z20,AF20,AL20,AR20,AX20) -> 0.66320885 | N20: =AVERAGE(U20,AA20,AG20,AM20,AS20,AY20) -> 0.53076063 | O20: =AVERAGE(V20,AB20,AH20,AN20,AT20,AZ20) -> 0.45340502 | P20: =AVERAGE(W20,AC20,AI20,AO20,AU20,BA20) -> #DIV/0! | R20: 1 | S20: 0.92857143 | T20: 0.77178423 | U20: 0.55369128 | V20: 0.47580645 | X20: 1 | Y20: 0.81547619 | Z20: 0.6846473 | AA20: 0.67449664 | AB20: 0.47849462 | AD20: 0.98989899 | AE20: 0.8452381 | AF20: 0.73029046 | AG20: 0.4966443 | AH20: 0.45967742 | AJ20: 1 | AK20: 0.80952381 | AL20: 0.60580913 | AM20: 0.41610738 | AN20: 0.4327957 | AP20: 1 | AQ20: 0.91071429 | AR20: 0.49792531 | AS20: 0.47986577 | AT20: 0.43548387 | AV20: 1 | AW20: 0.8452381 | AX20: 0.68879668 | AY20: 0.56375839 | AZ20: 0.43817204
J21: 16 | K21: =AVERAGE(R21,X21,AD21,AJ21,AP21,AV21) -> 0.97046414 | L21: =AVERAGE(S21,Y21,AE21,AK21,AQ21,AW21) -> 0.94623656 | M21: =AVERAGE(T21,Z21,AF21,AL21,AR21,AX21) -> 0.7856025 | N21: =AVERAGE(U21,AA21,AG21,AM21,AS21,AY21) -> 0.61292074 | O21: =AVERAGE(V21,AB21,AH21,AN21,AT21,AZ21) -> 0.43145161 | P21: =AVERAGE(W21,AC21,AI21,AO21,AU21,BA21) -> #DIV/0! | R21: 0.97468354 | S21: 0.94193548 | T21: 0.7370892 | U21: 0.63517915 | V21: 0.39516129 | X21: 0.97468354 | Y21: 0.94193548 | Z21: 0.72300469 | AA21: 0.54071661 | AB21: 0.33333333 | AD21: 0.96202532 | AE21: 0.93548387 | AF21: 0.77934272 | AG21: 0.66449511 | AH21: 0.43548387 | AJ21: 0.97468354 | AK21: 0.9483871 | AL21: 0.83568075 | AM21: 0.73289902 | AN21: 0.57258065 | AP21: 0.97468354 | AQ21: 0.96129032 | AR21: 0.8028169 | AS21: 0.54071661 | AT21: 0.43817204 | AV21: 0.96202532 | AW21: 0.9483871 | AX21: 0.83568075 | AY21: 0.56351792 | AZ21: 0.41397849 | BD21: =A8 -> 1 | BE21: Task 1 | BF21: Task 2 | BG21: Task 3 | BH21: Task 4 | BI21: Task 5 | BJ21: Task 6
J22: 17 | K22: =AVERAGE(R22,X22,AD22,AJ22,AP22,AV22) -> 0.97046414 | L22: =AVERAGE(S22,Y22,AE22,AK22,AQ22,AW22) -> 0.88442822 | M22: =AVERAGE(T22,Z22,AF22,AL22,AR22,AX22) -> 0.75609756 | N22: =AVERAGE(U22,AA22,AG22,AM22,AS22,AY22) -> 0.59964413 | O22: =AVERAGE(V22,AB22,AH22,AN22,AT22,AZ22) -> 0.57392473 | P22: =AVERAGE(W22,AC22,AI22,AO22,AU22,BA22) -> #DIV/0! | R22: 0.96202532 | S22: 0.91970803 | T22: 0.71707317 | U22: 0.55516014 | V22: 0.57526882 | X22: 0.97468354 | Y22: 0.93430657 | Z22: 0.85853659 | AA22: 0.69395018 | AB22: 0.57258065 | AD22: 0.97468354 | AE22: 0.86861314 | AF22: 0.66341463 | AG22: 0.57651246 | AH22: 0.52419355 | AJ22: 0.97468354 | AK22: 0.9270073 | AL22: 0.82439024 | AM22: 0.5658363 | AN22: 0.60483871 | AP22: 0.97468354 | AQ22: 0.9270073 | AR22: 0.8195122 | AS22: 0.64412811 | AT22: 0.53494624 | AV22: 0.96202532 | AW22: 0.72992701 | AX22: 0.65365854 | AY22: 0.56227758 | AZ22: 0.63172043 | BD22: 1 | BE22: =$R$111 -> 0.93327896 | BF22: =$S$111 -> 0.87464434 | BG22: =$T$111 -> 0.75041996 | BH22: =$U$111 -> 0.61992092 | BI22: =$V$111 -> 0.51550179 | BJ22: =$W$111 -> #DIV/0!
J23: 18 | K23: =AVERAGE(R23,X23,AD23,AJ23,AP23,AV23) -> 0.91525424 | L23: =AVERAGE(S23,Y23,AE23,AK23,AQ23,AW23) -> 0.89440204 | M23: =AVERAGE(T23,Z23,AF23,AL23,AR23,AX23) -> 0.75205255 | N23: =AVERAGE(U23,AA23,AG23,AM23,AS23,AY23) -> 0.76384181 | O23: =AVERAGE(V23,AB23,AH23,AN23,AT23,AZ23) -> 0.52060932 | P23: =AVERAGE(W23,AC23,AI23,AO23,AU23,BA23) -> #DIV/0! | R23: 0.89830508 | S23: 0.90076336 | T23: 0.81280788 | U23: 0.8 | V23: 0.40860215 | X23: 0.93220339 | Y23: 0.89312977 | Z23: 0.72413793 | AA23: 0.73220339 | AB23: 0.5188172 | AD23: 0.89830508 | AE23: 0.92366412 | AF23: 0.80788177 | AG23: 0.77288136 | AH23: 0.49462366 | AJ23: 0.93220339 | AK23: 0.91603053 | AL23: 0.54679803 | AM23: 0.68813559 | AN23: 0.58064516 | AP23: 0.91525424 | AQ23: 0.85496183 | AR23: 0.79802956 | AS23: 0.80338983 | AT23: 0.65053763 | AV23: 0.91525424 | AW23: 0.8778626 | AX23: 0.8226601 | AY23: 0.78644068 | AZ23: 0.47043011 | BD23: 2 | BE23: =$X$111 -> 0.92961117 | BF23: =$Y$111 -> 0.88080145 | BG23: =$Z$111 -> 0.75630637 | BH23: =$AA$111 -> 0.61925685 | BI23: =$AB$111 -> 0.51272401 | BJ23: =$AC$111 -> #DIV/0!
J24: 19 | K24: =AVERAGE(R24,X24,AD24,AJ24,AP24,AV24) -> 0.96041667 | L24: =AVERAGE(S24,Y24,AE24,AK24,AQ24,AW24) -> 0.83004386 | M24: =AVERAGE(T24,Z24,AF24,AL24,AR24,AX24) -> 0.7839233 | N24: =AVERAGE(U24,AA24,AG24,AM24,AS24,AY24) -> 0.57023411 | O24: =AVERAGE(V24,AB24,AH24,AN24,AT24,AZ24) -> 0.51344086 | P24: =AVERAGE(W24,AC24,AI24,AO24,AU24,BA24) -> #DIV/0! | R24: 0.9625 | S24: 0.82894737 | T24: 0.77876106 | U24: 0.59866221 | V24: 0.56989247 | X24: 0.9625 | Y24: 0.80921053 | Z24: 0.82300885 | AA24: 0.57190635 | AB24: 0.49193548 | AD24: 0.95 | AE24: 0.77631579 | AF24: 0.76548673 | AG24: 0.53177258 | AH24: 0.50806452 | AJ24: 0.9625 | AK24: 0.82894737 | AL24: 0.75663717 | AM24: 0.57859532 | AN24: 0.55107527 | AP24: 0.9625 | AQ24: 0.83552632 | AR24: 0.7920354 | AS24: 0.58862876 | AT24: 0.45967742 | AV24: 0.9625 | AW24: 0.90131579 | AX24: 0.78761062 | AY24: 0.55183946 | AZ24: 0.5 | BD24: 3 | BE24: =$AD$111 -> 0.9261703 | BF24: =$AE$111 -> 0.87353751 | BG24: =$AF$111 -> 0.76549059 | BH24: =$AG$111 -> 0.6452366 | BI24: =$AH$111 -> 0.54650538 | BJ24: =$AI$111 -> #DIV/0!
J25: 20 | K25: =AVERAGE(R25,X25,AD25,AJ25,AP25,AV25) -> 0.93274854 | L25: =AVERAGE(S25,Y25,AE25,AK25,AQ25,AW25) -> 0.93949045 | M25: =AVERAGE(T25,Z25,AF25,AL25,AR25,AX25) -> 0.78 | N25: =AVERAGE(U25,AA25,AG25,AM25,AS25,AY25) -> 0.61975717 | O25: =AVERAGE(V25,AB25,AH25,AN25,AT25,AZ25) -> 0.57885305 | P25: =AVERAGE(W25,AC25,AI25,AO25,AU25,BA25) -> #DIV/0! | R25: 0.92982456 | S25: 0.92356688 | T25: 0.75111111 | U25: 0.59271523 | V25: 0.62365591 | X25: 0.92982456 | Y25: 0.94904459 | Z25: 0.75555556 | AA25: 0.52317881 | AB25: 0.56182796 | AD25: 0.92982456 | AE25: 0.94267516 | AF25: 0.74666667 | AG25: 0.62913907 | AH25: 0.53763441 | AJ25: 0.94736842 | AK25: 0.94267516 | AL25: 0.80444444 | AM25: 0.73178808 | AN25: 0.56989247 | AP25: 0.92982456 | AQ25: 0.92356688 | AR25: 0.81333333 | AS25: 0.69536424 | AT25: 0.70430108 | AV25: 0.92982456 | AW25: 0.95541401 | AX25: 0.80888889 | AY25: 0.54635762 | AZ25: 0.47580645 | BD25: 4 | BE25: =$AJ$111 -> 0.92709883 | BF25: =$AK$111 -> 0.87864504 | BG25: =$AL$111 -> 0.75793452 | BH25: =$AM$111 -> 0.62043977 | BI25: =$AN$111 -> 0.53422939 | BJ25: =$AO$111 -> #DIV/0!
J26: 21 | K26: =AVERAGE(R26,X26,AD26,AJ26,AP26,AV26) -> 0.93274854 | L26: =AVERAGE(S26,Y26,AE26,AK26,AQ26,AW26) -> 0.88251366 | M26: =AVERAGE(T26,Z26,AF26,AL26,AR26,AX26) -> 0.73350254 | N26: =AVERAGE(U26,AA26,AG26,AM26,AS26,AY26) -> 0.6369248 | O26: =AVERAGE(V26,AB26,AH26,AN26,AT26,AZ26) -> 0.44578853 | P26: =AVERAGE(W26,AC26,AI26,AO26,AU26,BA26) -> #DIV/0! | R26: 0.94736842 | S26: 0.8852459 | T26: 0.75634518 | U26: 0.67676768 | V26: 0.49193548 | X26: 0.92982456 | Y26: 0.86885246 | Z26: 0.70558376 | AA26: 0.52188552 | AB26: 0.36827957 | AD26: 0.92982456 | AE26: 0.87704918 | AF26: 0.76649746 | AG26: 0.61616162 | AH26: 0.40322581 | AJ26: 0.92982456 | AK26: 0.87704918 | AL26: 0.76649746 | AM26: 0.69023569 | AN26: 0.50268817 | AP26: 0.92982456 | AQ26: 0.86885246 | AR26: 0.71573604 | AS26: 0.66666667 | AT26: 0.52150538 | AV26: 0.92982456 | AW26: 0.91803279 | AX26: 0.69035533 | AY26: 0.64983165 | AZ26: 0.38709677 | BD26: 5 | BE26: =$AP$111 -> 0.92896302 | BF26: =$AQ$111 -> 0.88027487 | BG26: =$AR$111 -> 0.74968348 | BH26: =$AS$111 -> 0.62716454 | BI26: =$AT$111 -> 0.52741935 | BJ26: =$AU$111 -> #DIV/0!
J27: 22 | K27: =AVERAGE(R27,X27,AD27,AJ27,AP27,AV27) -> 0.88963964 | L27: =AVERAGE(S27,Y27,AE27,AK27,AQ27,AW27) -> 0.67160494 | M27: =AVERAGE(T27,Z27,AF27,AL27,AR27,AX27) -> 0.66346154 | N27: =AVERAGE(U27,AA27,AG27,AM27,AS27,AY27) -> 0.5452381 | O27: =AVERAGE(V27,AB27,AH27,AN27,AT27,AZ27) -> 0.57123656 | P27: =AVERAGE(W27,AC27,AI27,AO27,AU27,BA27) -> #DIV/0! | R27: 0.83783784 | S27: 0.62962963 | T27: 0.63942308 | U27: 0.51428571 | V27: 0.5483871 | X27: 0.93243243 | Y27: 0.62962963 | Z27: 0.69230769 | AA27: 0.525 | AB27: 0.51344086 | AD27: 0.89189189 | AE27: 0.65925926 | AF27: 0.64423077 | AG27: 0.56071429 | AH27: 0.61021505 | AJ27: 0.87837838 | AK27: 0.66666667 | AL27: 0.66826923 | AM27: 0.59642857 | AN27: 0.65322581 | AP27: 0.89189189 | AQ27: 0.76296296 | AR27: 0.71634615 | AS27: 0.60357143 | AT27: 0.55645161 | AV27: 0.90540541 | AW27: 0.68148148 | AX27: 0.62019231 | AY27: 0.47142857 | AZ27: 0.54569892 | BD27: 6 | BE27: =$AV$111 -> 0.93407047 | BF27: =$AW$111 -> 0.88306504 | BG27: =$AX$111 -> 0.76659671 | BH27: =$AY$111 -> 0.63151007 | BI27: =$AZ$111 -> 0.53530466 | BJ27: =$BA$111 -> #DIV/0!
J28: 23 | K28: =AVERAGE(R28,X28,AD28,AJ28,AP28,AV28) -> 0.86261261 | L28: =AVERAGE(S28,Y28,AE28,AK28,AQ28,AW28) -> 0.76915709 | M28: =AVERAGE(T28,Z28,AF28,AL28,AR28,AX28) -> 0.62624113 | N28: =AVERAGE(U28,AA28,AG28,AM28,AS28,AY28) -> 0.53278689 | O28: =AVERAGE(V28,AB28,AH28,AN28,AT28,AZ28) -> 0.37948029 | P28: =AVERAGE(W28,AC28,AI28,AO28,AU28,BA28) -> #DIV/0! | R28: 0.89189189 | S28: 0.83908046 | T28: 0.65531915 | U28: 0.6 | V28: 0.40322581 | X28: 0.85135135 | Y28: 0.82183908 | Z28: 0.6212766 | AA28: 0.46229508 | AB28: 0.3655914 | AD28: 0.86486486 | AE28: 0.75287356 | AF28: 0.59148936 | AG28: 0.46557377 | AH28: 0.35215054 | AJ28: 0.85135135 | AK28: 0.74712644 | AL28: 0.64680851 | AM28: 0.58360656 | AN28: 0.35752688 | AP28: 0.85135135 | AQ28: 0.74137931 | AR28: 0.63404255 | AS28: 0.4852459 | AT28: 0.35752688 | AV28: 0.86486486 | AW28: 0.71264368 | AX28: 0.60851064 | AY28: 0.6 | AZ28: 0.44086022
