Workbook

Sheet Person_0
K3: k=0.25
S4: 1 | Y4: 2 | AE4: 3 | AK4: 4 | AQ4: 5 | AW4: 6
A5: k | B5: Task 1 | C5: Task 2 | D5: Task 3 | E5: Task 4 | F5: Task 5 | G5: Task 6 | J5: ID | K5: Task 1 | L5: Task 2 | M5: Task 3 | N5: Task 4 | O5: Task 5 | P5: Task 6 | R5: Task 1 | S5: Task 2 | T5: Task 3 | U5: Task 4 | V5: Task 5 | W5: Task 6 | X5: Task 1 | Y5: Task 2 | Z5: Task 3 | AA5: Task 4 | AB5: Task 5 | AC5: Task 6 | AD5: Task 1 | AE5: Task 2 | AF5: Task 3 | AG5: Task 4 | AH5: Task 5 | AI5: Task 6 | AJ5: Task 1 | AK5: Task 2 | AL5: Task 3 | AM5: Task 4 | AN5: Task 5 | AO5: Task 6 | AP5: Task 1 | AQ5: Task 2 | AR5: Task 3 | AS5: Task 4 | AT5: Task 5 | AU5: Task 6 | AV5: Task 1 | AW5: Task 2 | AX5: Task 3 | AY5: Task 4 | AZ5: Task 5 | BA5: Task 6 | BD5: =A6 -> 0.25 | BE5: Task 1 | BF5: Task 2 | BG5: Task 3 | BH5: Task 4 | BI5: Task 5 | BJ5: Task 6
A6: 0.25 | B6: =AVERAGE(K6:K35) -> 0.96013147 | C6: =AVERAGE(L6:L35) -> 0.90837553 | D6: =AVERAGE(M6:M35) -> 0.77159923 | E6: =AVERAGE(N6:N35) -> 0.5841391 | F6: =AVERAGE(O6:O35) -> #DIV/0! | G6: =AVERAGE(P6:P35) -> #DIV/0! | J6: 1 | K6: =AVERAGE(R6,X6,AD6,AJ6,AP6,AV6) -> 0.9109589 | L6: =AVERAGE(S6,Y6,AE6,AK6,AQ6,AW6) -> 0.90406504 | M6: =AVERAGE(T6,Z6,AF6,AL6,AR6,AX6) -> 0.72676056 | N6: =AVERAGE(U6,AA6,AG6,AM6,AS6,AY6) -> 0.56658185 | O6: =AVERAGE(V6,AB6,AH6,AN6,AT6,AZ6) -> #DIV/0! | P6: =AVERAGE(W6,AC6,AI6,AO6,AU6,BA6) -> #DIV/0! | R6: 0.90410959 | S6: 0.90243902 | T6: 0.71549296 | U6: 0.54961832 | X6: 0.89041096 | Y6: 0.91219512 | Z6: 0.70422535 | AA6: 0.57506361 | AD6: 0.90410959 | AE6: 0.89268293 | AF6: 0.73802817 | AG6: 0.61323155 | AJ6: 0.93150685 | AK6: 0.86341463 | AL6: 0.67042254 | AM6: 0.5648855 | AP6: 0.91780822 | AQ6: 0.93170732 | AR6: 0.75774648 | AS6: 0.54198473 | AV6: 0.91780822 | AW6: 0.92195122 | AX6: 0.77464789 | AY6: 0.55470738 | BD6: 1 | BE6: =$R$37 -> 0.95618924 | BF6: =$S$37 -> 0.91811358 | BG6: =$T$37 -> 0.77050422 | BH6: =$U$37 -> 0.58312129 | BI6: =$V$37 -> #DIV/0! | BJ6: =$W$37 -> #DIV/0!
A7: 0.5 | B7: =AVERAGE(K43:K72) -> 0.95679081 | C7: =AVERAGE(L43:L72) -> 0.90697748 | D7: =AVERAGE(M43:M72) -> 0.78543633 | E7: =AVERAGE(N43:N72) -> 0.59601357 | F7: =AVERAGE(O43:O72) -> #DIV/0! | G7: =AVERAGE(P43:P72) -> #DIV/0! | J7: 2 | K7: =AVERAGE(R7,X7,AD7,AJ7,AP7,AV7) -> 0.84099617 | L7: =AVERAGE(S7,Y7,AE7,AK7,AQ7,AW7) -> 0.85643564 | M7: =AVERAGE(T7,Z7,AF7,AL7,AR7,AX7) -> 0.83615023 | N7: =AVERAGE(U7,AA7,AG7,AM7,AS7,AY7) -> 0.65903308 | O7: =AVERAGE(V7,AB7,AH7,AN7,AT7,AZ7) -> #DIV/0! | P7: =AVERAGE(W7,AC7,AI7,AO7,AU7,BA7) -> #DIV/0! | R7: 0.85057471 | S7: 0.85643564 | T7: 0.82535211 | U7: 0.65903308 | X7: 0.81609195 | Y7: 0.7970297 | Z7: 0.81690141 | AA7: 0.54961832 | AD7: 0.85057471 | AE7: 0.85643564 | AF7: 0.83098592 | AG7: 0.60050891 | AJ7: 0.83908046 | AK7: 0.9009901 | AL7: 0.85915493 | AM7: 0.76335878 | AP7: 0.85057471 | AQ7: 0.85643564 | AR7: 0.86478873 | AS7: 0.69974555 | AV7: 0.83908046 | AW7: 0.87128713 | AX7: 0.81971831 | AY7: 0.68193384 | BD7: 2 | BE7: =$X$37 -> 0.95855383 | BF7: =$Y$37 -> 0.90340455 | BG7: =$Z$37 -> 0.76019136 | BH7: =$AA$37 -> 0.59414758 | BI7: =$AB$37 -> #DIV/0! | BJ7: =$AC$37 -> #DIV/0!
A8: 1 | B8: =AVERAGE(K80:K109) -> 0.95746304 | C8: =AVERAGE(L80:L109) -> 0.90798493 | D8: =AVERAGE(M80:M109) -> 0.78884562 | E8: =AVERAGE(N80:N109) -> 0.59971727 | F8: =AVERAGE(O80:O109) -> #DIV/0! | G8: =AVERAGE(P80:P109) -> #DIV/0! | J8: 3 | K8: =AVERAGE(R8,X8,AD8,AJ8,AP8,AV8) -> 0.9875 | L8: =AVERAGE(S8,Y8,AE8,AK8,AQ8,AW8) -> 0.97752809 | M8: =AVERAGE(T8,Z8,AF8,AL8,AR8,AX8) -> 0.79530516 | N8: =AVERAGE(U8,AA8,AG8,AM8,AS8,AY8) -> 0.49151824 | O8: =AVERAGE(V8,AB8,AH8,AN8,AT8,AZ8) -> #DIV/0! | P8: =AVERAGE(W8,AC8,AI8,AO8,AU8,BA8) -> #DIV/0! | R8: 0.9875 | S8: 0.98314607 | T8: 0.81971831 | U8: 0.45292621 | X8: 0.9875 | Y8: 0.97752809 | Z8: 0.72394366 | AA8: 0.55470738 | AD8: 0.9875 | AE8: 0.96067416 | AF8: 0.74647887 | AG8: 0.55979644 | AJ8: 0.9875 | AK8: 0.98314607 | AL8: 0.85352113 | AM8: 0.47328244 | AP8: 0.9875 | AQ8: 0.97752809 | AR8: 0.8084507 | AS8: 0.44020356 | AV8: 0.9875 | AW8: 0.98314607 | AX8: 0.81971831 | AY8: 0.46819338 | BD8: 3 | BE8: =$AD$37 -> 0.96404637 | BF8: =$AE$37 -> 0.90574875 | BG8: =$AF$37 -> 0.77416861 | BH8: =$AG$37 -> 0.58176421 | BI8: =$AH$37 -> #DIV/0! | BJ8: =$AI$37 -> #DIV/0!
A9: 2 | B9: =AVERAGE(K117:K146) -> 0.9590878 | C9: =AVERAGE(L117:L146) -> 0.91231169 | D9: =AVERAGE(M117:M146) -> 0.78278547 | E9: =AVERAGE(N117:N146) -> 0.59074074 | F9: =AVERAGE(O117:O146) -> #DIV/0! | G9: =AVERAGE(P117:P146) -> #DIV/0! | J9: 4 | K9: =AVERAGE(R9,X9,AD9,AJ9,AP9,AV9) -> 0.98684211 | L9: =AVERAGE(S9,Y9,AE9,AK9,AQ9,AW9) -> 0.87398374 | M9: =AVERAGE(T9,Z9,AF9,AL9,AR9,AX9) -> 0.70657277 | N9: =AVERAGE(U9,AA9,AG9,AM9,AS9,AY9) -> 0.52841391 | O9: =AVERAGE(V9,AB9,AH9,AN9,AT9,AZ9) -> #DIV/0! | P9: =AVERAGE(W9,AC9,AI9,AO9,AU9,BA9) -> #DIV/0! | R9: 0.98684211 | S9: 0.86829268 | T9: 0.72394366 | U9: 0.59796438 | X9: 0.98684211 | Y9: 0.89268293 | Z9: 0.61408451 | AA9: 0.52926209 | AD9: 0.98684211 | AE9: 0.88292683 | AF9: 0.78028169 | AG9: 0.55216285 | AJ9: 0.98684211 | AK9: 0.89756098 | AL9: 0.73521127 | AM9: 0.4605598 | AP9: 0.98684211 | AQ9: 0.85853659 | AR9: 0.69859155 | AS9: 0.48600509 | AV9: 0.98684211 | AW9: 0.84390244 | AX9: 0.68732394 | AY9: 0.54452926 | BD9: 4 | BE9: =$AJ$37 -> 0.96191532 | BF9: =$AK$37 -> 0.907289 | BG9: =$AL$37 -> 0.77893435 | BH9: =$AM$37 -> 0.58575064 | BI9: =$AN$37 -> #DIV/0! | BJ9: =$AO$37 -> #DIV/0!
A10: 3 | B10: =AVERAGE(K154:K183) -> 0.95777156 | C10: =AVERAGE(L154:L183) -> 0.91028447 | D10: =AVERAGE(M154:M183) -> 0.77239124 | E10: =AVERAGE(N154:N183) -> 0.57684478 | F10: =AVERAGE(O154:O183) -> #DIV/0! | G10: =AVERAGE(P154:P183) -> #DIV/0! | J10: 5 | K10: =AVERAGE(R10,X10,AD10,AJ10,AP10,AV10) -> 0.97537879 | L10: =AVERAGE(S10,Y10,AE10,AK10,AQ10,AW10) -> 0.87558685 | M10: =AVERAGE(T10,Z10,AF10,AL10,AR10,AX10) -> 0.7527027 | N10: =AVERAGE(U10,AA10,AG10,AM10,AS10,AY10) -> 0.58142494 | O10: =AVERAGE(V10,AB10,AH10,AN10,AT10,AZ10) -> #DIV/0! | P10: =AVERAGE(W10,AC10,AI10,AO10,AU10,BA10) -> #DIV/0! | R10: 0.96590909 | S10: 0.90610329 | T10: 0.69459459 | U10: 0.58524173 | X10: 0.97727273 | Y10: 0.84507042 | Z10: 0.72702703 | AA10: 0.56743003 | AD10: 0.97727273 | AE10: 0.88262911 | AF10: 0.77027027 | AG10: 0.58015267 | AJ10: 0.97727273 | AK10: 0.90610329 | AL10: 0.76486486 | AM10: 0.6437659 | AP10: 0.97727273 | AQ10: 0.88732394 | AR10: 0.77837838 | AS10: 0.54707379 | AV10: 0.97727273 | AW10: 0.82629108 | AX10: 0.78108108 | AY10: 0.5648855 | BD10: 5 | BE10: =$AP$37 -> 0.95928353 | BF10: =$AQ$37 -> 0.91100814 | BG10: =$AR$37 -> 0.77420577 | BH10: =$AS$37 -> 0.58023749 | BI10: =$AT$37 -> #DIV/0! | BJ10: =$AU$37 -> #DIV/0!
J11: 6 | K11: =AVERAGE(R11,X11,AD11,AJ11,AP11,AV11) -> 0.96296296 | L11: =AVERAGE(S11,Y11,AE11,AK11,AQ11,AW11) -> 0.91935484 | M11: =AVERAGE(T11,Z11,AF11,AL11,AR11,AX11) -> 0.8202138 | N11: =AVERAGE(U11,AA11,AG11,AM11,AS11,AY11) -> 0.66157761 | O11: =AVERAGE(V11,AB11,AH11,AN11,AT11,AZ11) -> #DIV/0! | P11: =AVERAGE(W11,AC11,AI11,AO11,AU11,BA11) -> #DIV/0! | R11: 0.95555556 | S11: 0.90322581 | T11: 0.82215743 | U11: 0.60050891 | X11: 0.97777778 | Y11: 0.89247312 | Z11: 0.82215743 | AA11: 0.62849873 | AD11: 0.95555556 | AE11: 0.92473118 | AF11: 0.86005831 | AG11: 0.7302799 | AJ11: 0.96666667 | AK11: 0.94086022 | AL11: 0.89212828 | AM11: 0.6870229 | AP11: 0.95555556 | AQ11: 0.94623656 | AR11: 0.85422741 | AS11: 0.70229008 | AV11: 0.96666667 | AW11: 0.90860215 | AX11: 0.67055394 | AY11: 0.62086514 | BD11: 6 | BE11: =$AV$37 -> 0.96080056 | BF11: =$AW$37 -> 0.90468914 | BG11: =$AX$37 -> 0.77159108 | BH11: =$AY$37 -> 0.5798134 | BI11: =$AZ$37 -> #DIV/0! | BJ11: =$BA$37 -> #DIV/0!
J12: 7 | K12: =AVERAGE(R12,X12,AD12,AJ12,AP12,AV12) -> 0.95208333 | L12: =AVERAGE(S12,Y12,AE12,AK12,AQ12,AW12) -> 0.94351852 | M12: =AVERAGE(T12,Z12,AF12,AL12,AR12,AX12) -> 0.76686217 | N12: =AVERAGE(U12,AA12,AG12,AM12,AS12,AY12) -> 0.59838846 | O12: =AVERAGE(V12,AB12,AH12,AN12,AT12,AZ12) -> #DIV/0! | P12: =AVERAGE(W12,AC12,AI12,AO12,AU12,BA12) -> #DIV/0! | R12: 0.95 | S12: 0.96111111 | T12: 0.68621701 | U12: 0.61323155 | X12: 0.9375 | Y12: 0.92777778 | Z12: 0.78005865 | AA12: 0.66157761 | AD12: 0.9625 | AE12: 0.96111111 | AF12: 0.79765396 | AG12: 0.58015267 | AJ12: 0.95 | AK12: 0.95 | AL12: 0.79472141 | AM12: 0.57506361 | AP12: 0.9375 | AQ12: 0.95 | AR12: 0.76539589 | AS12: 0.55216285 | AV12: 0.975 | AW12: 0.91111111 | AX12: 0.7771261 | AY12: 0.60814249
J13: 8 | K13: =AVERAGE(R13,X13,AD13,AJ13,AP13,AV13) -> 0.9495614 | L13: =AVERAGE(S13,Y13,AE13,AK13,AQ13,AW13) -> 0.84122807 | M13: =AVERAGE(T13,Z13,AF13,AL13,AR13,AX13) -> 0.74366197 | N13: =AVERAGE(U13,AA13,AG13,AM13,AS13,AY13) -> 0.38167939 | O13: =AVERAGE(V13,AB13,AH13,AN13,AT13,AZ13) -> #DIV/0! | P13: =AVERAGE(W13,AC13,AI13,AO13,AU13,BA13) -> #DIV/0! | R13: 0.94736842 | S13: 0.88421053 | T13: 0.74366197 | U13: 0.3740458 | X13: 0.96052632 | Y13: 0.87368421 | Z13: 0.75211268 | AA13: 0.30279898 | AD13: 0.94736842 | AE13: 0.84736842 | AF13: 0.78873239 | AG13: 0.47328244 | AJ13: 0.93421053 | AK13: 0.80526316 | AL13: 0.69014085 | AM13: 0.37659033 | AP13: 0.96052632 | AQ13: 0.81052632 | AR13: 0.72112676 | AS13: 0.33587786 | AV13: 0.94736842 | AW13: 0.82631579 | AX13: 0.76619718 | AY13: 0.42748092 | BD13: =A7 -> 0.5 | BE13: Task 1 | BF13: Task 2 | BG13: Task 3 | BH13: Task 4 | BI13: Task 5 | BJ13: Task 6
J14: 9 | K14: =AVERAGE(R14,X14,AD14,AJ14,AP14,AV14) -> 0.98717949 | L14: =AVERAGE(S14,Y14,AE14,AK14,AQ14,AW14) -> 0.84240924 | M14: =AVERAGE(T14,Z14,AF14,AL14,AR14,AX14) -> 0.6686103 | N14: =AVERAGE(U14,AA14,AG14,AM14,AS14,AY14) -> 0.53689567 | O14: =AVERAGE(V14,AB14,AH14,AN14,AT14,AZ14) -> #DIV/0! | P14: =AVERAGE(W14,AC14,AI14,AO14,AU14,BA14) -> #DIV/0! | R14: 0.98717949 | S14: 0.86633663 | T14: 0.62682216 | U14: 0.54452926 | X14: 0.98717949 | Y14: 0.81683168 | Z14: 0.6180758 | AA14: 0.48091603 | AD14: 0.98717949 | AE14: 0.83663366 | AF14: 0.6851312 | AG14: 0.49872774 | AJ14: 0.98717949 | AK14: 0.87128713 | AL14: 0.75218659 | AM14: 0.55470738 | AP14: 0.98717949 | AQ14: 0.84158416 | AR14: 0.60932945 | AS14: 0.50890585 | AV14: 0.98717949 | AW14: 0.82178218 | AX14: 0.72011662 | AY14: 0.63358779 | BD14: 1 | BE14: =$R$74 -> 0.95395729 | BF14: =$S$74 -> 0.90786413 | BG14: =$T$74 -> 0.78707186 | BH14: =$U$74 -> 0.58498728 | BI14: =$V$74 -> #DIV/0! | BJ14: =$W$74 -> #DIV/0!
J15: 10 | K15: =AVERAGE(R15,X15,AD15,AJ15,AP15,AV15) -> 0.98684211 | L15: =AVERAGE(S15,Y15,AE15,AK15,AQ15,AW15) -> 0.94602273 | M15: =AVERAGE(T15,Z15,AF15,AL15,AR15,AX15) -> 0.79342723 | N15: =AVERAGE(U15,AA15,AG15,AM15,AS15,AY15) -> 0.55810008 | O15: =AVERAGE(V15,AB15,AH15,AN15,AT15,AZ15) -> #DIV/0! | P15: =AVERAGE(W15,AC15,AI15,AO15,AU15,BA15) -> #DIV/0! | R15: 0.98684211 | S15: 0.96022727 | T15: 0.81690141 | U15: 0.57760814 | X15: 0.98684211 | Y15: 0.89772727 | Z15: 0.78028169 | AA15: 0.48600509 | AD15: 0.98684211 | AE15: 0.96022727 | AF15: 0.78028169 | AG15: 0.52926209 | AJ15: 0.98684211 | AK15: 0.94318182 | AL15: 0.78873239 | AM15: 0.54198473 | AP15: 0.98684211 | AQ15: 0.95454545 | AR15: 0.78309859 | AS15: 0.64122137 | AV15: 0.98684211 | AW15: 0.96022727 | AX15: 0.81126761 | AY15: 0.57251908 | BD15: 2 | BE15: =$X$74 -> 0.96050802 | BF15: =$Y$74 -> 0.91099111 | BG15: =$Z$74 -> 0.7883972 | BH15: =$AA$74 -> 0.60500424 | BI15: =$AB$74 -> #DIV/0! | BJ15: =$AC$74 -> #DIV/0!
J16: 11 | K16: =AVERAGE(R16,X16,AD16,AJ16,AP16,AV16) -> 0.90182648 | L16: =AVERAGE(S16,Y16,AE16,AK16,AQ16,AW16) -> 0.91542289 | M16: =AVERAGE(T16,Z16,AF16,AL16,AR16,AX16) -> 0.75024438 | N16: =AVERAGE(U16,AA16,AG16,AM16,AS16,AY16) -> 0.65691264 | O16: =AVERAGE(V16,AB16,AH16,AN16,AT16,AZ16) -> #DIV/0! | P16: =AVERAGE(W16,AC16,AI16,AO16,AU16,BA16) -> #DIV/0! | R16: 0.87671233 | S16: 0.93034826 | T16: 0.71554252 | U16: 0.66666667 | X16: 0.89041096 | Y16: 0.93532338 | Z16: 0.73020528 | AA16: 0.6259542 | AD16: 0.93150685 | AE16: 0.93532338 | AF16: 0.73900293 | AG16: 0.66157761 | AJ16: 0.90410959 | AK16: 0.92039801 | AL16: 0.72727273 | AM16: 0.6437659 | AP16: 0.89041096 | AQ16: 0.84079602 | AR16: 0.80938416 | AS16: 0.71246819 | AV16: 0.91780822 | AW16: 0.93034826 | AX16: 0.78005865 | AY16: 0.63104326 | BD16: 3 | BE16: =$AD$74 -> 0.95775986 | BF16: =$AE$74 -> 0.90780538 | BG16: =$AF$74 -> 0.78783583 | BH16: =$AG$74 -> 0.60152672 | BI16: =$AH$74 -> #DIV/0! | BJ16: =$AI$74 -> #DIV/0!
J17: 12 | K17: =AVERAGE(R17,X17,AD17,AJ17,AP17,AV17) -> 0.98360656 | L17: =AVERAGE(S17,Y17,AE17,AK17,AQ17,AW17) -> 0.90038314 | M17: =AVERAGE(T17,Z17,AF17,AL17,AR17,AX17) -> 0.86314761 | N17: =AVERAGE(U17,AA17,AG17,AM17,AS17,AY17) -> 0.71458863 | O17: =AVERAGE(V17,AB17,AH17,AN17,AT17,AZ17) -> #DIV/0! | P17: =AVERAGE(W17,AC17,AI17,AO17,AU17,BA17) -> #DIV/0! | R17: 0.98360656 | S17: 0.94827586 | T17: 0.89442815 | U17: 0.6870229 | X17: 0.98360656 | Y17: 0.87931034 | Z17: 0.82404692 | AA17: 0.72519084 | AD17: 0.98360656 | AE17: 0.89655172 | AF17: 0.85630499 | AG17: 0.6870229 | AJ17: 0.98360656 | AK17: 0.84482759 | AL17: 0.88856305 | AM17: 0.61832061 | AP17: 0.98360656 | AQ17: 0.9137931 | AR17: 0.85630499 | AS17: 0.80152672 | AV17: 0.98360656 | AW17: 0.91954023 | AX17: 0.85923754 | AY17: 0.76844784 | BD17: 4 | BE17: =$AJ$74 -> 0.95310587 | BF17: =$AK$74 -> 0.90479445 | BG17: =$AL$74 -> 0.7831837 | BH17: =$AM$74 -> 0.59236641 | BI17: =$AN$74 -> #DIV/0! | BJ17: =$AO$74 -> #DIV/0!
J18: 13 | K18: =AVERAGE(R18,X18,AD18,AJ18,AP18,AV18) -> 0.94078947 | L18: =AVERAGE(S18,Y18,AE18,AK18,AQ18,AW18) -> 0.87452107 | M18: =AVERAGE(T18,Z18,AF18,AL18,AR18,AX18) -> 0.75826251 | N18: =AVERAGE(U18,AA18,AG18,AM18,AS18,AY18) -> 0.55089059 | O18: =AVERAGE(V18,AB18,AH18,AN18,AT18,AZ18) -> #DIV/0! | P18: =AVERAGE(W18,AC18,AI18,AO18,AU18,BA18) -> #DIV/0! | R18: 0.90789474 | S18: 0.90229885 | T18: 0.74787535 | U18: 0.59033079 | X18: 0.94736842 | Y18: 0.87931034 | Z18: 0.77903683 | AA18: 0.58015267 | AD18: 0.97368421 | AE18: 0.86781609 | AF18: 0.76487252 | AG18: 0.57506361 | AJ18: 0.93421053 | AK18: 0.7816092 | AL18: 0.71388102 | AM18: 0.51653944 | AP18: 0.94736842 | AQ18: 0.93103448 | AR18: 0.7733711 | AS18: 0.54961832 | AV18: 0.93421053 | AW18: 0.88505747 | AX18: 0.77053824 | AY18: 0.49363868 | BD18: 5 | BE18: =$AP$74 -> 0.95443317 | BF18: =$AQ$74 -> 0.90670513 | BG18: =$AR$74 -> 0.78672168 | BH18: =$AS$74 -> 0.59219678 | BI18: =$AT$74 -> #DIV/0! | BJ18: =$AU$74 -> #DIV/0!
J19: 14 | K19: =AVERAGE(R19,X19,AD19,AJ19,AP19,AV19) -> 0.98674242 | L19: =AVERAGE(S19,Y19,AE19,AK19,AQ19,AW19) -> 0.95673077 | M19: =AVERAGE(T19,Z19,AF19,AL19,AR19,AX19) -> 0.7877095 | N19: =AVERAGE(U19,AA19,AG19,AM19,AS19,AY19) -> 0.59584394 | O19: =AVERAGE(V19,AB19,AH19,AN19,AT19,AZ19) -> #DIV/0! | P19: =AVERAGE(W19,AC19,AI19,AO19,AU19,BA19) -> #DIV/0! | R19: 0.98863636 | S19: 0.97596154 | T19: 0.71787709 | U19: 0.47328244 | X19: 0.97727273 | Y19: 0.96634615 | Z19: 0.7877095 | AA19: 0.7302799 | AD19: 1 | AE19: 0.92788462 | AF19: 0.8575419 | AG19: 0.70737913 | AJ19: 0.97727273 | AK19: 0.95192308 | AL19: 0.77094972 | AM19: 0.51908397 | AP19: 0.98863636 | AQ19: 0.95673077 | AR19: 0.83240223 | AS19: 0.59796438 | AV19: 0.98863636 | AW19: 0.96153846 | AX19: 0.75977654 | AY19: 0.54707379 | BD19: 6 | BE19: =$AV$74 -> 0.96098067 | BF19: =$AW$74 -> 0.90370467 | BG19: =$AX$74 -> 0.77940772 | BH19: =$AY$74 -> 0.6 | BI19: =$AZ$74 -> #DIV/0! | BJ19: =$BA$74 -> #DIV/0!
J20: 15 | K20: =AVERAGE(R20,X20,AD20,AJ20,AP20,AV20) -> 0.98039216 | L20: =AVERAGE(S20,Y20,AE20,AK20,AQ20,AW20) -> 0.90620155 | M20: =AVERAGE(T20,Z20,AF20,AL20,AR20,AX20) -> 0.81079812 | N20: =AVERAGE(U20,AA20,AG20,AM20,AS20,AY20) -> 0.557676 | O20: =AVERAGE(V20,AB20,AH20,AN20,AT20,AZ20) -> #DIV/0! | P20: =AVERAGE(W20,AC20,AI20,AO20,AU20,BA20) -> #DIV/0! | R20: 0.98039216 | S20: 0.94883721 | T20: 0.84225352 | U20: 0.58778626 | X20: 0.98039216 | Y20: 0.86046512 | Z20: 0.70140845 | AA20: 0.52926209 | AD20: 0.98039216 | AE20: 0.83255814 | AF20: 0.85070423 | AG20: 0.5648855 | AJ20: 0.98039216 | AK20: 0.9627907 | AL20: 0.83943662 | AM20: 0.54707379 | AP20: 0.98039216 | AQ20: 0.91162791 | AR20: 0.81690141 | AS20: 0.62086514 | AV20: 0.98039216 | AW20: 0.92093023 | AX20: 0.81408451 | AY20: 0.49618321
J21: 16 | K21: =AVERAGE(R21,X21,AD21,AJ21,AP21,AV21) -> 0.98666667 | L21: =AVERAGE(S21,Y21,AE21,AK21,AQ21,AW21) -> 0.9745614 | M21: =AVERAGE(T21,Z21,AF21,AL21,AR21,AX21) -> 0.81877934 | N21: =AVERAGE(U21,AA21,AG21,AM21,AS21,AY21) -> 0.60602205 | O21: =AVERAGE(V21,AB21,AH21,AN21,AT21,AZ21) -> #DIV/0! | P21: =AVERAGE(W21,AC21,AI21,AO21,AU21,BA21) -> #DIV/0! | R21: 0.98666667 | S21: 0.97368421 | T21: 0.81971831 | U21: 0.57506361 | X21: 0.98666667 | Y21: 0.97894737 | Z21: 0.7971831 | AA21: 0.59796438 | AD21: 0.98666667 | AE21: 0.97894737 | AF21: 0.83943662 | AG21: 0.64122137 | AJ21: 0.98666667 | AK21: 0.96315789 | AL21: 0.85915493 | AM21: 0.57506361 | AP21: 0.98666667 | AQ21: 0.97894737 | AR21: 0.74366197 | AS21: 0.60814249 | AV21: 0.98666667 | AW21: 0.97368421 | AX21: 0.85352113 | AY21: 0.63867684 | BD21: =A8 -> 1 | BE21: Task 1 | BF21: Task 2 | BG21: Task 3 | BH21: Task 4 | BI21: Task 5 | BJ21: Task 6
J22: 17 | K22: =AVERAGE(R22,X22,AD22,AJ22,AP22,AV22) -> 0.98666667 | L22: =AVERAGE(S22,Y22,AE22,AK22,AQ22,AW22) -> 0.96146435 | M22: =AVERAGE(T22,Z22,AF22,AL22,AR22,AX22) -> 0.88025415 | N22: =AVERAGE(U22,AA22,AG22,AM22,AS22,AY22) -> 0.72900763 | O22: =AVERAGE(V22,AB22,AH22,AN22,AT22,AZ22) -> #DIV/0! | P22: =AVERAGE(W22,AC22,AI22,AO22,AU22,BA22) -> #DIV/0! | R22: 0.98666667 | S22: 0.94219653 | T22: 0.86510264 | U22: 0.70483461 | X22: 0.98666667 | Y22: 0.96531792 | Z22: 0.91202346 | AA22: 0.8346056 | AD22: 0.98666667 | AE22: 0.96531792 | AF22: 0.85630499 | AG22: 0.73536896 | AJ22: 0.98666667 | AK22: 0.98265896 | AL22: 0.88856305 | AM22: 0.75572519 | AP22: 0.98666667 | AQ22: 0.94219653 | AR22: 0.8856305 | AS22: 0.68193384 | AV22: 0.98666667 | AW22: 0.97109827 | AX22: 0.87390029 | AY22: 0.66157761 | BD22: 1 | BE22: =$R$111 -> 0.95630987 | BF22: =$S$111 -> 0.90963579 | BG22: =$T$111 -> 0.80080467 | BH22: =$U$111 -> 0.60229008 | BI22: =$V$111 -> #DIV/0! | BJ22: =$W$111 -> #DIV/0!
J23: 18 | K23: =AVERAGE(R23,X23,AD23,AJ23,AP23,AV23) -> 0.98275862 | L23: =AVERAGE(S23,Y23,AE23,AK23,AQ23,AW23) -> 0.95833333 | M23: =AVERAGE(T23,Z23,AF23,AL23,AR23,AX23) -> 0.81861349 | N23: =AVERAGE(U23,AA23,AG23,AM23,AS23,AY23) -> 0.63273961 | O23: =AVERAGE(V23,AB23,AH23,AN23,AT23,AZ23) -> #DIV/0! | P23: =AVERAGE(W23,AC23,AI23,AO23,AU23,BA23) -> #DIV/0! | R23: 0.98275862 | S23: 0.93478261 | T23: 0.83760684 | U23: 0.54707379 | X23: 0.98275862 | Y23: 0.97282609 | Z23: 0.81481481 | AA23: 0.70483461 | AD23: 0.98275862 | AE23: 0.98369565 | AF23: 0.83760684 | AG23: 0.72010178 | AJ23: 0.98275862 | AK23: 0.96195652 | AL23: 0.83190883 | AM23: 0.71501272 | AP23: 0.98275862 | AQ23: 0.97282609 | AR23: 0.81481481 | AS23: 0.63358779 | AV23: 0.98275862 | AW23: 0.92391304 | AX23: 0.77492877 | AY23: 0.47582697 | BD23: 2 | BE23: =$X$111 -> 0.95882844 | BF23: =$Y$111 -> 0.90740115 | BG23: =$Z$111 -> 0.77634917 | BH23: =$AA$111 -> 0.59160305 | BI23: =$AB$111 -> #DIV/0! | BJ23: =$AC$111 -> #DIV/0!
J24: 19 | K24: =AVERAGE(R24,X24,AD24,AJ24,AP24,AV24) -> 0.98666667 | L24: =AVERAGE(S24,Y24,AE24,AK24,AQ24,AW24) -> 0.82612613 | M24: =AVERAGE(T24,Z24,AF24,AL24,AR24,AX24) -> 0.8202138 | N24: =AVERAGE(U24,AA24,AG24,AM24,AS24,AY24) -> 0.6475827 | O24: =AVERAGE(V24,AB24,AH24,AN24,AT24,AZ24) -> #DIV/0! | P24: =AVERAGE(W24,AC24,AI24,AO24,AU24,BA24) -> #DIV/0! | R24: 0.98666667 | S24: 0.88648649 | T24: 0.88338192 | U24: 0.74300254 | X24: 0.98666667 | Y24: 0.82162162 | Z24: 0.81924198 | AA24: 0.69974555 | AD24: 0.98666667 | AE24: 0.79459459 | AF24: 0.83381924 | AG24: 0.62086514 | AJ24: 0.98666667 | AK24: 0.79459459 | AL24: 0.77842566 | AM24: 0.62086514 | AP24: 0.98666667 | AQ24: 0.88108108 | AR24: 0.8425656 | AS24: 0.69720102 | AV24: 0.98666667 | AW24: 0.77837838 | AX24: 0.7638484 | AY24: 0.50381679 | BD24: 3 | BE24: =$AD$111 -> 0.95846937 | BF24: =$AE$111 -> 0.90838559 | BG24: =$AF$111 -> 0.79061017 | BH24: =$AG$111 -> 0.60602205 | BI24: =$AH$111 -> #DIV/0! | BJ24: =$AI$111 -> #DIV/0!
J25: 20 | K25: =AVERAGE(R25,X25,AD25,AJ25,AP25,AV25) -> 0.98461538 | L25: =AVERAGE(S25,Y25,AE25,AK25,AQ25,AW25) -> 0.86923077 | M25: =AVERAGE(T25,Z25,AF25,AL25,AR25,AX25) -> 0.76056338 | N25: =AVERAGE(U25,AA25,AG25,AM25,AS25,AY25) -> 0.64291773 | O25: =AVERAGE(V25,AB25,AH25,AN25,AT25,AZ25) -> #DIV/0! | P25: =AVERAGE(W25,AC25,AI25,AO25,AU25,BA25) -> #DIV/0! | R25: 0.98461538 | S25: 0.86666667 | T25: 0.76619718 | U25: 0.63358779 | X25: 0.98461538 | Y25: 0.88717949 | Z25: 0.70140845 | AA25: 0.61577608 | AD25: 0.98461538 | AE25: 0.85641026 | AF25: 0.8 | AG25: 0.60050891 | AJ25: 0.98461538 | AK25: 0.87692308 | AL25: 0.76056338 | AM25: 0.67684478 | AP25: 0.98461538 | AQ25: 0.86153846 | AR25: 0.76619718 | AS25: 0.61068702 | AV25: 0.98461538 | AW25: 0.86666667 | AX25: 0.76901408 | AY25: 0.72010178 | BD25: 4 | BE25: =$AJ$111 -> 0.95776976 | BF25: =$AK$111 -> 0.91299102 | BG25: =$AL$111 -> 0.78517951 | BH25: =$AM$111 -> 0.60992366 | BI25: =$AN$111 -> #DIV/0! | BJ25: =$AO$111 -> #DIV/0!
J26: 21 | K26: =AVERAGE(R26,X26,AD26,AJ26,AP26,AV26) -> 0.97179487 | L26: =AVERAGE(S26,Y26,AE26,AK26,AQ26,AW26) -> 0.92883895 | M26: =AVERAGE(T26,Z26,AF26,AL26,AR26,AX26) -> 0.73517979 | N26: =AVERAGE(U26,AA26,AG26,AM26,AS26,AY26) -> 0.54452926 | O26: =AVERAGE(V26,AB26,AH26,AN26,AT26,AZ26) -> #DIV/0! | P26: =AVERAGE(W26,AC26,AI26,AO26,AU26,BA26) -> #DIV/0! | R26: 0.95384615 | S26: 0.92134831 | T26: 0.82798834 | U26: 0.65903308 | X26: 0.98461538 | Y26: 0.92134831 | Z26: 0.70262391 | AA26: 0.55470738 | AD26: 0.98461538 | AE26: 0.93820225 | AF26: 0.69387755 | AG26: 0.41221374 | AJ26: 0.98461538 | AK26: 0.93820225 | AL26: 0.6909621 | AM26: 0.55470738 | AP26: 0.98461538 | AQ26: 0.94382022 | AR26: 0.76093294 | AS26: 0.48854962 | AV26: 0.93846154 | AW26: 0.91011236 | AX26: 0.73469388 | AY26: 0.59796438 | BD26: 5 | BE26: =$AP$111 -> 0.95645444 | BF26: =$AQ$111 -> 0.89931211 | BG26: =$AR$111 -> 0.78651165 | BH26: =$AS$111 -> 0.59067006 | BI26: =$AT$111 -> #DIV/0! | BJ26: =$AU$111 -> #DIV/0!
J27: 22 | K27: =AVERAGE(R27,X27,AD27,AJ27,AP27,AV27) -> 0.93073593 | L27: =AVERAGE(S27,Y27,AE27,AK27,AQ27,AW27) -> 0.91843972 | M27: =AVERAGE(T27,Z27,AF27,AL27,AR27,AX27) -> 0.76099707 | N27: =AVERAGE(U27,AA27,AG27,AM27,AS27,AY27) -> 0.54622561 | O27: =AVERAGE(V27,AB27,AH27,AN27,AT27,AZ27) -> #DIV/0! | P27: =AVERAGE(W27,AC27,AI27,AO27,AU27,BA27) -> #DIV/0! | R27: 0.90909091 | S27: 0.93085106 | T27: 0.64809384 | U27: 0.53435115 | X27: 0.94805195 | Y27: 0.93085106 | Z27: 0.86510264 | AA27: 0.56743003 | AD27: 0.93506494 | AE27: 0.93085106 | AF27: 0.74193548 | AG27: 0.56743003 | AJ27: 0.93506494 | AK27: 0.95744681 | AL27: 0.73020528 | AM27: 0.52671756 | AP27: 0.92207792 | AQ27: 0.89361702 | AR27: 0.81818182 | AS27: 0.57251908 | AV27: 0.93506494 | AW27: 0.86702128 | AX27: 0.76246334 | AY27: 0.50890585 | BD27: 6 | BE27: =$AV$111 -> 0.95694636 | BF27: =$AW$111 -> 0.91018393 | BG27: =$AX$111 -> 0.79361854 | BH27: =$AY$111 -> 0.59779474 | BI27: =$AZ$111 -> #DIV/0! | BJ27: =$BA$111 -> #DIV/0!
J28: 23 | K28: =AVERAGE(R28,X28,AD28,AJ28,AP28,AV28) -> 0.93073593 | L28: =AVERAGE(S28,Y28,AE28,AK28,AQ28,AW28) -> 0.91704718 | M28: =AVERAGE(T28,Z28,AF28,AL28,AR28,AX28) -> 0.6657277 | N28: =AVERAGE(U28,AA28,AG28,AM28,AS28,AY28) -> 0.54368109 | O28: =AVERAGE(V28,AB28,AH28,AN28,AT28,AZ28) -> #DIV/0! | P28: =AVERAGE(W28,AC28,AI28,AO28,AU28,BA28) -> #DIV/0! | R28: 0.93506494 | S28: 0.92694064 | T28: 0.66478873 | U28: 0.46564885 | X28: 0.93506494 | Y28: 0.92694064 | Z28: 0.63380282 | AA28: 0.52671756 | AD28: 0.92207792 | AE28: 0.88584475 | AF28: 0.71267606 | AG28: 0.57760814 | AJ28: 0.94805195 | AK28: 0.93607306 | AL28: 0.65352113 | AM28: 0.53689567 | AP28: 0.92207792 | AQ28: 0.94063927 | AR28: 0.66197183 | AS28: 0.48854962 | AV28: 0.92207792 | AW28: 0.88584475 | AX28: 0.66760563 | AY28: 0.66666667
J29: 24 | K29: =AVERAGE(R29,X29,AD29,AJ29,AP29,AV29) -> 0.94517544 | L29: =AVERAGE(S29,Y29,AE29,AK29,AQ29,AW29) -> 0.82752902 | M29: =AVERAGE(T29,Z29,AF29,AL29,AR29,AX29) -> 0.68318756 | N29: =AVERAGE(U29,AA29,AG29,AM29,AS29,AY29) -> 0.60729432 | O29: =AVERAGE(V29,AB29,AH29,AN29,AT29,AZ29) -> #DIV/0! | P29: =AVERAGE(W29,AC29,AI29,AO29,AU29,BA29) -> #DIV/0! | R29: 0.94736842 | S29: 0.84079602 | T29: 0.74927114 | U29: 0.65648855 | X29: 0.93421053 | Y29: 0.78109453 | Z29: 0.66472303 | AA29: 0.60050891 | AD29: 0.96052632 | AE29: 0.80597015 | AF29: 0.63556851 | AG29: 0.56743003 | AJ29: 0.94736842 | AK29: 0.8159204 | AL29: 0.64431487 | AM29: 0.51653944 | AP29: 0.92105263 | AQ29: 0.85572139 | AR29: 0.69387755 | AS29: 0.65648855 | AV29: 0.96052632 | AW29: 0.86567164 | AX29: 0.71137026 | AY29: 0.64631043 | BD29: =A9 -> 2 | BE29: Task 1 | BF29: Task 2 | BG29: Task 3 | BH29: Task 4 | BI29: Task 5 | BJ29: Task 6
J30: 25 | K30: =AVERAGE(R30,X30,AD30,AJ30,AP30,AV30) -> 0.98888889 | L30: =AVERAGE(S30,Y30,AE30,AK30,AQ30,AW30) -> 0.95943563 | M30: =AVERAGE(T30,Z30,AF30,AL30,AR30,AX30) -> 0.77048417 | N30: =AVERAGE(U30,AA30,AG30,AM30,AS30,AY30) -> 0.64673452 | O30: =AVERAGE(V30,AB30,AH30,AN30,AT30,AZ30) -> #DIV/0! | P30: =AVERAGE(W30,AC30,AI30,AO30,AU30,BA30) -> #DIV/0! | R30: 0.98888889 | S30: 0.96296296 | T30: 0.77653631 | U30: 0.65903308 | X30: 0.98888889 | Y30: 0.96296296 | Z30: 0.75977654 | AA30: 0.65394402 | AD30: 0.98888889 | AE30: 0.94708995 | AF30: 0.76536313 | AG30: 0.59033079 | AJ30: 0.98888889 | AK30: 0.96296296 | AL30: 0.82402235 | AM30: 0.70483461 | AP30: 0.98888889 | AQ30: 0.96296296 | AR30: 0.74581006 | AS30: 0.5648855 | AV30: 0.98888889 | AW30: 0.95767196 | AX30: 0.75139665 | AY30: 0.70737913 | BD30: 1 | BE30: =$R$148 -> 0.95684818 | BF30: =$S$148 -> 0.91693878 | BG30: =$T$148 -> 0.7913047 | BH30: =$U$148 -> 0.58651399 | BI30: =$V$148 -> #DIV/0! | BJ30: =$W$148 -> #DIV/0!
J31: 26 | K31: =AVERAGE(R31,X31,AD31,AJ31,AP31,AV31) -> 0.98958333 | L31: =AVERAGE(S31,Y31,AE31,AK31,AQ31,AW31) -> 0.93577236 | M31: =AVERAGE(T31,Z31,AF31,AL31,AR31,AX31) -> 0.74225352 | N31: =AVERAGE(U31,AA31,AG31,AM31,AS31,AY31) -> 0.44783715 | O31: =AVERAGE(V31,AB31,AH31,AN31,AT31,AZ31) -> #DIV/0! | P31: =AVERAGE(W31,AC31,AI31,AO31,AU31,BA31) -> #DIV/0! | R31: 1 | S31: 0.91219512 | T31: 0.8056338 | U31: 0.5826972 | X31: 0.975 | Y31: 0.95609756 | Z31: 0.82253521 | AA31: 0.44783715 | AD31: 1 | AE31: 0.93170732 | AF31: 0.70140845 | AG31: 0.34605598 | AJ31: 1 | AK31: 0.96097561 | AL31: 0.73521127 | AM31: 0.52417303 | AP31: 0.975 | AQ31: 0.90731707 | AR31: 0.70704225 | AS31: 0.32061069 | AV31: 0.9875 | AW31: 0.94634146 | AX31: 0.68169014 | AY31: 0.46564885 | BD31: 2 | BE31: =$X$148 -> 0.95897402 | BF31: =$Y$148 -> 0.91544605 | BG31: =$Z$148 -> 0.78364866 | BH31: =$AA$148 -> 0.57871077 | BI31: =$AB$148 -> #DIV/0! | BJ31: =$AC$148 -> #DIV/0!
J32: 27 | K32: =AVERAGE(R32,X32,AD32,AJ32,AP32,AV32) -> 0.98684211 | L32: =AVERAGE(S32,Y32,AE32,AK32,AQ32,AW32) -> 0.88978495 | M32: =AVERAGE(T32,Z32,AF32,AL32,AR32,AX32) -> 0.73333333 | N32: =AVERAGE(U32,AA32,AG32,AM32,AS32,AY32) -> 0.60729432 | O32: =AVERAGE(V32,AB32,AH32,AN32,AT32,AZ32) -> #DIV/0! | P32: =AVERAGE(W32,AC32,AI32,AO32,AU32,BA32) -> #DIV/0! | R32: 0.98684211 | S32: 0.88709677 | T32: 0.69295775 | U32: 0.55216285 | X32: 0.98684211 | Y32: 0.89784946 | Z32: 0.76619718 | AA32: 0.64885496 | AD32: 0.98684211 | AE32: 0.90860215 | AF32: 0.67605634 | AG32: 0.60050891 | AJ32: 0.98684211 | AK32: 0.85483871 | AL32: 0.74929577 | AM32: 0.63358779 | AP32: 0.98684211 | AQ32: 0.87634409 | AR32: 0.74647887 | AS32: 0.63867684 | AV32: 0.98684211 | AW32: 0.91397849 | AX32: 0.76901408 | AY32: 0.56997455 | BD32: 3 | BE32: =$AD$148 -> 0.96014491 | BF32: =$AE$148 -> 0.90912682 | BG32: =$AF$148 -> 0.77070713 | BH32: =$AG$148 -> 0.58651399 | BI32: =$AH$148 -> #DIV/0! | BJ32: =$AI$148 -> #DIV/0!
J33: 28 | K33: =AVERAGE(R33,X33,AD33,AJ33,AP33,AV33) -> 0.98630137 | L33: =AVERAGE(S33,Y33,AE33,AK33,AQ33,AW33) -> 0.94390244 | M33: =AVERAGE(T33,Z33,AF33,AL33,AR33,AX33) -> 0.83624879 | N33: =AVERAGE(U33,AA33,AG33,AM33,AS33,AY33) -> 0.57675997 | O33: =AVERAGE(V33,AB33,AH33,AN33,AT33,AZ33) -> #DIV/0! | P33: =AVERAGE(W33,AC33,AI33,AO33,AU33,BA33) -> #DIV/0! | R33: 0.98630137 | S33: 0.94146341 | T33: 0.88921283 | U33: 0.59033079 | X33: 0.98630137 | Y33: 0.93170732 | Z33: 0.80174927 | AA33: 0.61577608 | AD33: 0.98630137 | AE33: 0.94634146 | AF33: 0.76093294 | AG33: 0.51399491 | AJ33: 0.98630137 | AK33: 0.95121951 | AL33: 0.89504373 | AM33: 0.59541985 | AP33: 0.98630137 | AQ33: 0.94634146 | AR33: 0.82798834 | AS33: 0.55216285 | AV33: 0.98630137 | AW33: 0.94634146 | AX33: 0.8425656 | AY33: 0.59287532 | BD33: 4 | BE33: =$AJ$148 -> 0.95675018 | BF33: =$AK$148 -> 0.91278194 | BG33: =$AL$148 -> 0.7826588 | BH33: =$AM$148 -> 0.60347752 | BI33: =$AN$148 -> #DIV/0! | BJ33: =$AO$148 -> #DIV/0!
J34: 29 | K34: =AVERAGE(R34,X34,AD34,AJ34,AP34,AV34) -> 0.8256705 | L34: =AVERAGE(S34,Y34,AE34,AK34,AQ34,AW34) -> 0.85185185 | M34: =AVERAGE(T34,Z34,AF34,AL34,AR34,AX34) -> 0.74358974 | N34: =AVERAGE(U34,AA34,AG34,AM34,AS34,AY34) -> 0.64291773 | O34: =AVERAGE(V34,AB34,AH34,AN34,AT34,AZ34) -> #DIV/0! | P34: =AVERAGE(W34,AC34,AI34,AO34,AU34,BA34) -> #DIV/0! | R34: 0.8045977 | S34: 0.86868687 | T34: 0.75213675 | U34: 0.66412214 | X34: 0.81609195 | Y34: 0.86363636 | Z34: 0.76638177 | AA34: 0.73282443 | AD34: 0.82758621 | AE34: 0.88888889 | AF34: 0.73219373 | AG34: 0.54961832 | AJ34: 0.83908046 | AK34: 0.78282828 | AL34: 0.72649573 | AM34: 0.61323155 | AP34: 0.83908046 | AQ34: 0.84848485 | AR34: 0.73504274 | AS34: 0.66157761 | AV34: 0.82758621 | AW34: 0.85858586 | AX34: 0.74928775 | AY34: 0.63613232 | BD34: 5 | BE34: =$AP$148 -> 0.9595214 | BF34: =$AQ$148 -> 0.91171375 | BG34: =$AR$148 -> 0.79200504 | BH34: =$AS$148 -> 0.59957591 | BI34: =$AT$148 -> #DIV/0! | BJ34: =$AU$148 -> #DIV/0!
J35: 30 | K35: =AVERAGE(R35,X35,AD35,AJ35,AP35,AV35) -> 0.98717949 | L35: =AVERAGE(S35,Y35,AE35,AK35,AQ35,AW35) -> 0.95555556 | M35: =AVERAGE(T35,Z35,AF35,AL35,AR35,AX35) -> 0.79812207 | N35: =AVERAGE(U35,AA35,AG35,AM35,AS35,AY35) -> 0.46310433 | O35: =AVERAGE(V35,AB35,AH35,AN35,AT35,AZ35) -> #DIV/0! | P35: =AVERAGE(W35,AC35,AI35,AO35,AU35,BA35) -> #DIV/0! | R35: 0.98717949 | S35: 0.95 | T35: 0.74366197 | U35: 0.36641221 | X35: 0.98717949 | Y35: 0.95 | Z35: 0.81690141 | AA35: 0.49618321 | AD35: 0.98717949 | AE35: 0.94444444 | AF35: 0.7915493 | AG35: 0.49618321 | AJ35: 0.98717949 | AK35: 0.95555556 | AL35: 0.85915493 | AM35: 0.53689567 | AP35: 0.98717949 | AQ35: 0.95 | AR35: 0.74647887 | AS35: 0.49363868 | AV35: 0.98717949 | AW35: 0.98333333 | AX35: 0.83098592 | AY35: 0.38931298 | BD35: 6 | BE35: =$AV$148 -> 0.9622881 | BF35: =$AW$148 -> 0.90786282 | BG35: =$AX$148 -> 0.77638848 | BH35: =$AY$148 -> 0.58965225 | BI35: =$AZ$148 -> #DIV/0! | BJ35: =$BA$148 -> #DIV/0!
K37: =AVERAGE(K6:K35) -> 0.96013147 | L37: =AVERAGE(L6:L35) -> 0.90837553 | M37: =AVERAGE(M6:M35) -> 0.77159923 | N37: =AVERAGE(N6:N35) -> 0.5841391 | O37: =AVERAGE(O6:O35) -> #DIV/0! | P37: =AVERAGE(P6:P35) -> #DIV/0! | R37: =AVERAGE(R6:R35) -> 0.95618924 | S37: =AVERAGE(S6:S35) -> 0.91811358 | T37: =AVERAGE(T6:T35) -> 0.77050422 | U37: =AVERAGE(U6:U35) -> 0.58312129 | V37: =AVERAGE(V6:V35) -> #DIV/0! | W37: =AVERAGE(W6:W35) -> #DIV/0! | X37: =AVERAGE(X6:X35) -> 0.95855383 | Y37: =AVERAGE(Y6:Y35) -> 0.90340455 | ... BA37: =AVERAGE(BA6:BA35) -> #DIV/0! | BD37: =A10 -> 3 | BE37: Task 1 | BF37: Task 2 | BG37: Task 3 | BH37: Task 4 | BI37: Task 5 | BJ37: Task 6
BD38: 1 | BE38: =$R$185 -> 0.95628071 | BF38: =$S$185 -> 0.90964839 | BG38: =$T$185 -> 0.77795966 | BH38: =$U$185 -> 0.57684478 | BI38: =$V$185 -> #DIV/0! | BJ38: =$W$185 -> #DIV/0!
BD39: 2 | BE39: =$X$185 -> 0.96246577 | BF39: =$Y$185 -> 0.91732327 | BG39: =$Z$185 -> 0.76896957 | BH39: =$AA$185 -> 0.58575064 | BI39: =$AB$185 -> #DIV/0! | BJ39: =$AC$185 -> #DIV/0!
K40: k=0.5 | BD40: 3 | BE40: =$AD$185 -> 0.95227389 | BF40: =$AE$185 -> 0.90791342 | BG40: =$AF$185 -> 0.75428385 | BH40: =$AG$185 -> 0.58286684 | BI40: =$AH$185 -> #DIV/0! | BJ40: =$AI$185 -> #DIV/0!
S41: 1 | Y41: 2 | AE41: 3 | AK41: 4 | AQ41: 5 | AW41: 6 | BD41: 4 | BE41: =$AJ$185 -> 0.95547964 | BF41: =$AK$185 -> 0.90611578 | BG41: =$AL$185 -> 0.77748234 | BH41: =$AM$185 -> 0.5942324 | BI41: =$AN$185 -> #DIV/0! | BJ41: =$AO$185 -> #DIV/0!
J42: ID | K42: Task 1 | L42: Task 2 | M42: Task 3 | N42: Task 4 | O42: Task 5 | P42: Task 6 | R42: Task 1 | S42: Task 2 | T42: Task 3 | U42: Task 4 | V42: Task 5 | W42: Task 6 | X42: Task 1 | Y42: Task 2 | Z42: Task 3 | AA42: Task 4 | AB42: Task 5 | AC42: Task 6 | AD42: Task 1 | AE42: Task 2 | AF42: Task 3 | AG42: Task 4 | AH42: Task 5 | AI42: Task 6 | AJ42: Task 1 | AK42: Task 2 | AL42: Task 3 | AM42: Task 4 | AN42: Task 5 | AO42: Task 6 | AP42: Task 1 | AQ42: Task 2 | AR42: Task 3 | AS42: Task 4 | AT42: Task 5 | AU42: Task 6 | AV42: Task 1 | AW42: Task 2 | AX42: Task 3 | AY42: Task 4 | AZ42: Task 5 | BA42: Task 6 | BD42: 5 | BE42: =$AP$185 -> 0.96289961 | BF42: =$AQ$185 -> 0.91047495 | BG42: =$AR$185 -> 0.77165072 | BH42: =$AS$185 -> 0.56573367 | BI42: =$AT$185 -> #DIV/0! | BJ42: =$AU$185 -> #DIV/0!
J43: 1 | K43: =AVERAGE(R43,X43,AD43,AJ43,AP43,AV43) -> 0.90410959 | L43: =AVERAGE(S43,Y43,AE43,AK43,AQ43,AW43) -> 0.90406504 | M43: =AVERAGE(T43,Z43,AF43,AL43,AR43,AX43) -> 0.74413146 | N43: =AVERAGE(U43,AA43,AG43,AM43,AS43,AY43) -> 0.57251908 | O43: =AVERAGE(V43,AB43,AH43,AN43,AT43,AZ43) -> #DIV/0! | P43: =AVERAGE(W43,AC43,AI43,AO43,AU43,BA43) -> #DIV/0! | R43: 0.90410959 | S43: 0.90731707 | T43: 0.78309859 | U43: 0.57760814 | X43: 0.87671233 | Y43: 0.90731707 | Z43: 0.69859155 | AA43: 0.52417303 | AD43: 0.91780822 | AE43: 0.92195122 | AF43: 0.77183099 | AG43: 0.60814249 | AJ43: 0.93150685 | AK43: 0.89756098 | AL43: 0.71267606 | AM43: 0.61832061 | AP43: 0.8630137 | AQ43: 0.90243902 | AR43: 0.74647887 | AS43: 0.54961832 | AV43: 0.93150685 | AW43: 0.88780488 | AX43: 0.75211268 | AY43: 0.55725191 | BD43: 6 | BE43: =$AV$185 -> 0.95722974 | BF43: =$AW$185 -> 0.91023099 | BG43: =$AX$185 -> 0.78400131 | BH43: =$AY$185 -> 0.55564037 | BI43: =$AZ$185 -> #DIV/0! | BJ43: =$BA$185 -> #DIV/0!
J44: 2 | K44: =AVERAGE(R44,X44,AD44,AJ44,AP44,AV44) -> 0.81226054 | L44: =AVERAGE(S44,Y44,AE44,AK44,AQ44,AW44) -> 0.84075908 | M44: =AVERAGE(T44,Z44,AF44,AL44,AR44,AX44) -> 0.85023474 | N44: =AVERAGE(U44,AA44,AG44,AM44,AS44,AY44) -> 0.69677693 | O44: =AVERAGE(V44,AB44,AH44,AN44,AT44,AZ44) -> #DIV/0! | P44: =AVERAGE(W44,AC44,AI44,AO44,AU44,BA44) -> #DIV/0! | R44: 0.82758621 | S44: 0.85643564 | T44: 0.85633803 | U44: 0.68193384 | X44: 0.79310345 | Y44: 0.83168317 | Z44: 0.83098592 | AA44: 0.68193384 | AD44: 0.85057471 | AE44: 0.85148515 | AF44: 0.86478873 | AG44: 0.73791349 | AJ44: 0.7816092 | AK44: 0.81683168 | AL44: 0.83380282 | AM44: 0.70992366 | AP44: 0.79310345 | AQ44: 0.85643564 | AR44: 0.89014085 | AS44: 0.69211196 | AV44: 0.82758621 | AW44: 0.83168317 | AX44: 0.82535211 | AY44: 0.67684478
J45: 3 | K45: =AVERAGE(R45,X45,AD45,AJ45,AP45,AV45) -> 0.9875 | L45: =AVERAGE(S45,Y45,AE45,AK45,AQ45,AW45) -> 0.98127341 | M45: =AVERAGE(T45,Z45,AF45,AL45,AR45,AX45) -> 0.83943662 | N45: =AVERAGE(U45,AA45,AG45,AM45,AS45,AY45) -> 0.53477523 | O45: =AVERAGE(V45,AB45,AH45,AN45,AT45,AZ45) -> #DIV/0! | P45: =AVERAGE(W45,AC45,AI45,AO45,AU45,BA45) -> #DIV/0! | R45: 0.9875 | S45: 0.97752809 | T45: 0.78591549 | U45: 0.44274809 | X45: 0.9875 | Y45: 0.97752809 | Z45: 0.87605634 | AA45: 0.48600509 | AD45: 0.9875 | AE45: 0.98876404 | AF45: 0.85633803 | AG45: 0.51908397 | AJ45: 0.9875 | AK45: 0.97191011 | AL45: 0.87042254 | AM45: 0.50636132 | AP45: 0.9875 | AQ45: 0.98314607 | AR45: 0.89577465 | AS45: 0.6692112 | AV45: 0.9875 | AW45: 0.98876404 | AX45: 0.75211268 | AY45: 0.58524173
J46: 4 | K46: =AVERAGE(R46,X46,AD46,AJ46,AP46,AV46) -> 0.98684211 | L46: =AVERAGE(S46,Y46,AE46,AK46,AQ46,AW46) -> 0.87398374 | M46: =AVERAGE(T46,Z46,AF46,AL46,AR46,AX46) -> 0.76103286 | N46: =AVERAGE(U46,AA46,AG46,AM46,AS46,AY46) -> 0.48515691 | O46: =AVERAGE(V46,AB46,AH46,AN46,AT46,AZ46) -> #DIV/0! | P46: =AVERAGE(W46,AC46,AI46,AO46,AU46,BA46) -> #DIV/0! | R46: 0.98684211 | S46: 0.86341463 | T46: 0.76056338 | U46: 0.47582697 | X46: 0.98684211 | Y46: 0.88780488 | Z46: 0.7971831 | AA46: 0.48854962 | AD46: 0.98684211 | AE46: 0.87804878 | AF46: 0.69014085 | AG46: 0.43765903 | AJ46: 0.98684211 | AK46: 0.87317073 | AL46: 0.81126761 | AM46: 0.5394402 | AP46: 0.98684211 | AQ46: 0.84878049 | AR46: 0.78309859 | AS46: 0.44020356 | AV46: 0.98684211 | AW46: 0.89268293 | AX46: 0.72394366 | AY46: 0.52926209
J47: 5 | K47: =AVERAGE(R47,X47,AD47,AJ47,AP47,AV47) -> 0.97727273 | L47: =AVERAGE(S47,Y47,AE47,AK47,AQ47,AW47) -> 0.85758998 | M47: =AVERAGE(T47,Z47,AF47,AL47,AR47,AX47) -> 0.75495495 | N47: =AVERAGE(U47,AA47,AG47,AM47,AS47,AY47) -> 0.63952502 | O47: =AVERAGE(V47,AB47,AH47,AN47,AT47,AZ47) -> #DIV/0! | P47: =AVERAGE(W47,AC47,AI47,AO47,AU47,BA47) -> #DIV/0! | R47: 0.97727273 | S47: 0.8685446 | T47: 0.76216216 | U47: 0.61068702 | X47: 0.97727273 | Y47: 0.88262911 | Z47: 0.77837838 | AA47: 0.60050891 | AD47: 0.97727273 | AE47: 0.88732394 | AF47: 0.76216216 | AG47: 0.69720102 | AJ47: 0.97727273 | AK47: 0.84507042 | AL47: 0.77567568 | AM47: 0.71246819 | AP47: 0.97727273 | AQ47: 0.85446009 | AR47: 0.71891892 | AS47: 0.56997455 | AV47: 0.97727273 | AW47: 0.80751174 | AX47: 0.73243243 | AY47: 0.64631043
J48: 6 | K48: =AVERAGE(R48,X48,AD48,AJ48,AP48,AV48) -> 0.95740741 | L48: =AVERAGE(S48,Y48,AE48,AK48,AQ48,AW48) -> 0.93100358 | M48: =AVERAGE(T48,Z48,AF48,AL48,AR48,AX48) -> 0.82410107 | N48: =AVERAGE(U48,AA48,AG48,AM48,AS48,AY48) -> 0.66454623 | O48: =AVERAGE(V48,AB48,AH48,AN48,AT48,AZ48) -> #DIV/0! | P48: =AVERAGE(W48,AC48,AI48,AO48,AU48,BA48) -> #DIV/0! | R48: 0.95555556 | S48: 0.93010753 | T48: 0.83965015 | U48: 0.72264631 | X48: 0.95555556 | Y48: 0.94086022 | Z48: 0.81632653 | AA48: 0.6692112 | AD48: 0.95555556 | AE48: 0.91397849 | AF48: 0.81341108 | AG48: 0.64885496 | AJ48: 0.95555556 | AK48: 0.93010753 | AL48: 0.83673469 | AM48: 0.7302799 | AP48: 0.95555556 | AQ48: 0.93010753 | AR48: 0.77259475 | AS48: 0.62849873 | AV48: 0.96666667 | AW48: 0.94086022 | AX48: 0.86588921 | AY48: 0.58778626
J49: 7 | K49: =AVERAGE(R49,X49,AD49,AJ49,AP49,AV49) -> 0.93958333 | L49: =AVERAGE(S49,Y49,AE49,AK49,AQ49,AW49) -> 0.95740741 | M49: =AVERAGE(T49,Z49,AF49,AL49,AR49,AX49) -> 0.78445748 | N49: =AVERAGE(U49,AA49,AG49,AM49,AS49,AY49) -> 0.59499576 | O49: =AVERAGE(V49,AB49,AH49,AN49,AT49,AZ49) -> #DIV/0! | P49: =AVERAGE(W49,AC49,AI49,AO49,AU49,BA49) -> #DIV/0! | R49: 0.95 | S49: 0.96111111 | T49: 0.84164223 | U49: 0.6437659 | X49: 0.9375 | Y49: 0.96111111 | Z49: 0.65395894 | AA49: 0.6870229 | AD49: 0.9375 | AE49: 0.94444444 | AF49: 0.74780059 | AG49: 0.63867684 | AJ49: 0.95 | AK49: 0.96111111 | AL49: 0.7771261 | AM49: 0.49618321 | AP49: 0.9125 | AQ49: 0.95555556 | AR49: 0.90322581 | AS49: 0.50890585 | AV49: 0.95 | AW49: 0.96111111 | AX49: 0.7829912 | AY49: 0.59541985
J50: 8 | K50: =AVERAGE(R50,X50,AD50,AJ50,AP50,AV50) -> 0.94078947 | L50: =AVERAGE(S50,Y50,AE50,AK50,AQ50,AW50) -> 0.8377193 | M50: =AVERAGE(T50,Z50,AF50,AL50,AR50,AX50) -> 0.75821596 | N50: =AVERAGE(U50,AA50,AG50,AM50,AS50,AY50) -> 0.38592027 | O50: =AVERAGE(V50,AB50,AH50,AN50,AT50,AZ50) -> #DIV/0! | P50: =AVERAGE(W50,AC50,AI50,AO50,AU50,BA50) -> #DIV/0! | R50: 0.94736842 | S50: 0.84210526 | T50: 0.7943662 | U50: 0.44274809 | X50: 0.93421053 | Y50: 0.88421053 | Z50: 0.71830986 | AA50: 0.37150127 | AD50: 0.94736842 | AE50: 0.84736842 | AF50: 0.69014085 | AG50: 0.34096692 | AJ50: 0.96052632 | AK50: 0.84736842 | AL50: 0.78028169 | AM50: 0.36895674 | AP50: 0.92105263 | AQ50: 0.83684211 | AR50: 0.77746479 | AS50: 0.4351145 | AV50: 0.93421053 | AW50: 0.76842105 | AX50: 0.78873239 | AY50: 0.3562341
J51: 9 | K51: =AVERAGE(R51,X51,AD51,AJ51,AP51,AV51) -> 0.98717949 | L51: =AVERAGE(S51,Y51,AE51,AK51,AQ51,AW51) -> 0.83828383 | M51: =AVERAGE(T51,Z51,AF51,AL51,AR51,AX51) -> 0.72837707 | N51: =AVERAGE(U51,AA51,AG51,AM51,AS51,AY51) -> 0.57591179 | O51: =AVERAGE(V51,AB51,AH51,AN51,AT51,AZ51) -> #DIV/0! | P51: =AVERAGE(W51,AC51,AI51,AO51,AU51,BA51) -> #DIV/0! | R51: 0.98717949 | S51: 0.87128713 | T51: 0.78717201 | U51: 0.61577608 | X51: 0.98717949 | Y51: 0.81188119 | Z51: 0.67930029 | AA51: 0.43002545 | AD51: 0.98717949 | AE51: 0.82673267 | AF51: 0.72886297 | AG51: 0.60050891 | AJ51: 0.98717949 | AK51: 0.81188119 | AL51: 0.63848397 | AM51: 0.58015267 | AP51: 0.98717949 | AQ51: 0.85148515 | AR51: 0.76676385 | AS51: 0.60050891 | AV51: 0.98717949 | AW51: 0.85643564 | AX51: 0.7696793 | AY51: 0.62849873
J52: 10 | K52: =AVERAGE(R52,X52,AD52,AJ52,AP52,AV52) -> 0.98684211 | L52: =AVERAGE(S52,Y52,AE52,AK52,AQ52,AW52) -> 0.93844697 | M52: =AVERAGE(T52,Z52,AF52,AL52,AR52,AX52) -> 0.79483568 | N52: =AVERAGE(U52,AA52,AG52,AM52,AS52,AY52) -> 0.53307888 | O52: =AVERAGE(V52,AB52,AH52,AN52,AT52,AZ52) -> #DIV/0! | P52: =AVERAGE(W52,AC52,AI52,AO52,AU52,BA52) -> #DIV/0! | R52: 0.98684211 | S52: 0.94886364 | T52: 0.75774648 | U52: 0.47328244 | X52: 0.98684211 | Y52: 0.96022727 | Z52: 0.82535211 | AA52: 0.63613232 | AD52: 0.98684211 | AE52: 0.91477273 | AF52: 0.81126761 | AG52: 0.50636132 | AJ52: 0.98684211 | AK52: 0.92613636 | AL52: 0.76338028 | AM52: 0.46819338 | AP52: 0.98684211 | AQ52: 0.9375 | AR52: 0.7915493 | AS52: 0.53435115 | AV52: 0.98684211 | AW52: 0.94318182 | AX52: 0.81971831 | AY52: 0.58015267
J53: 11 | K53: =AVERAGE(R53,X53,AD53,AJ53,AP53,AV53) -> 0.88812785 | L53: =AVERAGE(S53,Y53,AE53,AK53,AQ53,AW53) -> 0.88888889 | M53: =AVERAGE(T53,Z53,AF53,AL53,AR53,AX53) -> 0.73851417 | N53: =AVERAGE(U53,AA53,AG53,AM53,AS53,AY53) -> 0.6331637 | O53: =AVERAGE(V53,AB53,AH53,AN53,AT53,AZ53) -> #DIV/0! | P53: =AVERAGE(W53,AC53,AI53,AO53,AU53,BA53) -> #DIV/0! | R53: 0.89041096 | S53: 0.85074627 | T53: 0.69208211 | U53: 0.58778626 | X53: 0.90410959 | Y53: 0.89054726 | Z53: 0.76832845 | AA53: 0.60814249 | AD53: 0.89041096 | AE53: 0.91542289 | AF53: 0.72727273 | AG53: 0.67938931 | AJ53: 0.8630137 | AK53: 0.84577114 | AL53: 0.73313783 | AM53: 0.63867684 | AP53: 0.89041096 | AQ53: 0.92039801 | AR53: 0.75366569 | AS53: 0.6437659 | AV53: 0.89041096 | AW53: 0.91044776 | AX53: 0.75659824 | AY53: 0.64122137
J54: 12 | K54: =AVERAGE(R54,X54,AD54,AJ54,AP54,AV54) -> 0.97814208 | L54: =AVERAGE(S54,Y54,AE54,AK54,AQ54,AW54) -> 0.88122605 | M54: =AVERAGE(T54,Z54,AF54,AL54,AR54,AX54) -> 0.82258065 | N54: =AVERAGE(U54,AA54,AG54,AM54,AS54,AY54) -> 0.70441052 | O54: =AVERAGE(V54,AB54,AH54,AN54,AT54,AZ54) -> #DIV/0! | P54: =AVERAGE(W54,AC54,AI54,AO54,AU54,BA54) -> #DIV/0! | R54: 0.98360656 | S54: 0.83333333 | T54: 0.75953079 | U54: 0.57251908 | X54: 0.98360656 | Y54: 0.87356322 | Z54: 0.88269795 | AA54: 0.76081425 | AD54: 0.96721311 | AE54: 0.93103448 | AF54: 0.83870968 | AG54: 0.70992366 | AJ54: 0.98360656 | AK54: 0.86781609 | AL54: 0.8856305 | AM54: 0.82697201 | AP54: 0.96721311 | AQ54: 0.9137931 | AR54: 0.79178886 | AS54: 0.68956743 | AV54: 0.98360656 | AW54: 0.86781609 | AX54: 0.7771261 | AY54: 0.66666667
J55: 13 | K55: =AVERAGE(R55,X55,AD55,AJ55,AP55,AV55) -> 0.93640351 | L55: =AVERAGE(S55,Y55,AE55,AK55,AQ55,AW55) -> 0.88888889 | M55: =AVERAGE(T55,Z55,AF55,AL55,AR55,AX55) -> 0.7733711 | N55: =AVERAGE(U55,AA55,AG55,AM55,AS55,AY55) -> 0.61238338 | O55: =AVERAGE(V55,AB55,AH55,AN55,AT55,AZ55) -> #DIV/0! | P55: =AVERAGE(W55,AC55,AI55,AO55,AU55,BA55) -> #DIV/0! | R55: 0.93421053 | S55: 0.85057471 | T55: 0.77053824 | U55: 0.63358779 | X55: 0.96052632 | Y55: 0.90229885 | Z55: 0.7592068 | AA55: 0.59287532 | AD55: 0.90789474 | AE55: 0.86781609 | AF55: 0.76487252 | AG55: 0.63867684 | AJ55: 0.90789474 | AK55: 0.91954023 | AL55: 0.75354108 | AM55: 0.6259542 | AP55: 0.96052632 | AQ55: 0.87931034 | AR55: 0.80453258 | AS55: 0.64885496 | AV55: 0.94736842 | AW55: 0.9137931 | AX55: 0.78753541 | AY55: 0.53435115
... J72: 30 | K72: =AVERAGE(R72,X72,AD72,AJ72,AP72,AV72) -> 0.98717949 | L72: =AVERAGE(S72,Y72,AE72,AK72,AQ72,AW72) -> 0.92962963 | M72: =AVERAGE(T72,Z72,AF72,AL72,AR72,AX72) -> 0.83098592 | N72: =AVERAGE(U72,AA72,AG72,AM72,AS72,AY72) -> 0.57803223 | O72: =AVERAGE(V72,AB72,AH72,AN72,AT72,AZ72) -> #DIV/0! | P72: =AVERAGE(W72,AC72,AI72,AO72,AU72,BA72) -> #DIV/0! | R72: 0.98717949 | S72: 0.95 | T72: 0.90985915 | U72: 0.55470738 | X72: 0.98717949 | Y72: 0.96111111 | Z72: 0.82253521 | AA72: 0.5216285 | AD72: 0.98717949 | AE72: 0.96111111 | AF72: 0.77464789 | AG72: 0.61577608 | AJ72: 0.98717949 | AK72: 0.95555556 | AL72: 0.86478873 | AM72: 0.6692112 | AP72: 0.98717949 | AQ72: 0.86111111 | AR72: 0.8084507 | AS72: 0.54961832 | AV72: 0.98717949 | AW72: 0.88888889 | AX72: 0.8056338 | AY72: 0.55725191
K74: =AVERAGE(K43:K72) -> 0.95679081 | L74: =AVERAGE(L43:L72) -> 0.90697748 | M74: =AVERAGE(M43:M72) -> 0.78543633 | N74: =AVERAGE(N43:N72) -> 0.59601357 | O74: =AVERAGE(O43:O72) -> #DIV/0! | P74: =AVERAGE(P43:P72) -> #DIV/0! | R74: =AVERAGE(R43:R72) -> 0.95395729 | S74: =AVERAGE(S43:S72) -> 0.90786413 | T74: =AVERAGE(T43:T72) -> 0.78707186 | U74: =AVERAGE(U43:U72) -> 0.58498728 | V74: =AVERAGE(V43:V72) -> #DIV/0! | W74: =AVERAGE(W43:W72) -> #DIV/0! | X74: =AVERAGE(X43:X72) -> 0.96050802 | Y74: =AVERAGE(Y43:Y72) -> 0.91099111 | ... BA74: =AVERAGE(BA43:BA72) -> #DIV/0!
K77: k=1
S78: 1 | Y78: 2 | AE78: 3 | AK78: 4 | AQ78: 5 | AW78: 6
J79: ID | K79: Task 1 | L79: Task 2 | M79: Task 3 | N79: Task 4 | O79: Task 5 | P79: Task 6 | R79: Task 1 | S79: Task 2 | T79: Task 3 | U79: Task 4 | V79: Task 5 | W79: Task 6 | X79: Task 1 | Y79: Task 2 | Z79: Task 3 | AA79: Task 4 | AB79: Task 5 | AC79: Task 6 | AD79: Task 1 | AE79: Task 2 | AF79: Task 3 | AG79: Task 4 | AH79: Task 5 | AI79: Task 6 | AJ79: Task 1 | AK79: Task 2 | AL79: Task 3 | AM79: Task 4 | AN79: Task 5 | AO79: Task 6 | AP79: Task 1 | AQ79: Task 2 | AR79: Task 3 | AS79: Task 4 | AT79: Task 5 | AU79: Task 6 | AV79: Task 1 | AW79: Task 2 | AX79: Task 3 | AY79: Task 4 | AZ79: Task 5 | BA79: Task 6
J80: 1 | K80: =AVERAGE(R80,X80,AD80,AJ80,AP80,AV80) -> 0.89954338 | L80: =AVERAGE(S80,Y80,AE80,AK80,AQ80,AW80) -> 0.90081301 | M80: =AVERAGE(T80,Z80,AF80,AL80,AR80,AX80) -> 0.70704225 | N80: =AVERAGE(U80,AA80,AG80,AM80,AS80,AY80) -> 0.57463953 | O80: =AVERAGE(V80,AB80,AH80,AN80,AT80,AZ80) -> #DIV/0! | P80: =AVERAGE(W80,AC80,AI80,AO80,AU80,BA80) -> #DIV/0! | R80: 0.90410959 | S80: 0.87317073 | T80: 0.73239437 | U80: 0.53689567 | X80: 0.90410959 | Y80: 0.92682927 | Z80: 0.62816901 | AA80: 0.55979644 | AD80: 0.8630137 | AE80: 0.90731707 | AF80: 0.70985915 | AG80: 0.51653944 | AJ80: 0.90410959 | AK80: 0.90243902 | AL80: 0.73802817 | AM80: 0.62086514 | AP80: 0.90410959 | AQ80: 0.89268293 | AR80: 0.75774648 | AS80: 0.54961832 | AV80: 0.91780822 | AW80: 0.90243902 | AX80: 0.67605634 | AY80: 0.66412214
J81: 2 | K81: =AVERAGE(R81,X81,AD81,AJ81,AP81,AV81) -> 0.8256705 | L81: =AVERAGE(S81,Y81,AE81,AK81,AQ81,AW81) -> 0.8490099 | M81: =AVERAGE(T81,Z81,AF81,AL81,AR81,AX81) -> 0.83568075 | N81: =AVERAGE(U81,AA81,AG81,AM81,AS81,AY81) -> 0.71967769 | O81: =AVERAGE(V81,AB81,AH81,AN81,AT81,AZ81) -> #DIV/0! | P81: =AVERAGE(W81,AC81,AI81,AO81,AU81,BA81) -> #DIV/0! | R81: 0.7816092 | S81: 0.85643564 | T81: 0.86478873 | U81: 0.7735369 | X81: 0.82758621 | Y81: 0.86138614 | Z81: 0.82816901 | AA81: 0.72010178 | AD81: 0.86206897 | AE81: 0.87623762 | AF81: 0.77183099 | AG81: 0.73536896 | AJ81: 0.85057471 | AK81: 0.86138614 | AL81: 0.89014085 | AM81: 0.75318066 | AP81: 0.81609195 | AQ81: 0.81683168 | AR81: 0.83380282 | AS81: 0.75572519 | AV81: 0.81609195 | AW81: 0.82178218 | AX81: 0.82535211 | AY81: 0.58015267
J82: 3 | K82: =AVERAGE(R82,X82,AD82,AJ82,AP82,AV82) -> 0.9875 | L82: =AVERAGE(S82,Y82,AE82,AK82,AQ82,AW82) -> 0.96629213 | M82: =AVERAGE(T82,Z82,AF82,AL82,AR82,AX82) -> 0.84835681 | N82: =AVERAGE(U82,AA82,AG82,AM82,AS82,AY82) -> 0.49787956 | O82: =AVERAGE(V82,AB82,AH82,AN82,AT82,AZ82) -> #DIV/0! | P82: =AVERAGE(W82,AC82,AI82,AO82,AU82,BA82) -> #DIV/0! | R82: 0.9875 | S82: 0.96067416 | T82: 0.75774648 | U82: 0.36895674 | X82: 0.9875 | Y82: 0.97191011 | Z82: 0.89859155 | AA82: 0.55979644 | AD82: 0.9875 | AE82: 0.96629213 | AF82: 0.87887324 | AG82: 0.48854962 | AJ82: 0.9875 | AK82: 0.97752809 | AL82: 0.83943662 | AM82: 0.54452926 | AP82: 0.9875 | AQ82: 0.97752809 | AR82: 0.85070423 | AS82: 0.56743003 | AV82: 0.9875 | AW82: 0.94382022 | AX82: 0.86478873 | AY82: 0.45801527
J83: 4 | K83: =AVERAGE(R83,X83,AD83,AJ83,AP83,AV83) -> 0.98684211 | L83: =AVERAGE(S83,Y83,AE83,AK83,AQ83,AW83) -> 0.88130081 | M83: =AVERAGE(T83,Z83,AF83,AL83,AR83,AX83) -> 0.78967136 | N83: =AVERAGE(U83,AA83,AG83,AM83,AS83,AY83) -> 0.50296862 | O83: =AVERAGE(V83,AB83,AH83,AN83,AT83,AZ83) -> #DIV/0! | P83: =AVERAGE(W83,AC83,AI83,AO83,AU83,BA83) -> #DIV/0! | R83: 0.98684211 | S83: 0.86829268 | T83: 0.75492958 | U83: 0.44783715 | X83: 0.98684211 | Y83: 0.90731707 | Z83: 0.83380282 | AA83: 0.55470738 | AD83: 0.98684211 | AE83: 0.87804878 | AF83: 0.74929577 | AG83: 0.54452926 | AJ83: 0.98684211 | AK83: 0.86829268 | AL83: 0.8028169 | AM83: 0.50890585 | AP83: 0.98684211 | AQ83: 0.88292683 | AR83: 0.8 | AS83: 0.42493639 | AV83: 0.98684211 | AW83: 0.88292683 | AX83: 0.7971831 | AY83: 0.53689567
J84: 5 | K84: =AVERAGE(R84,X84,AD84,AJ84,AP84,AV84) -> 0.97727273 | L84: =AVERAGE(S84,Y84,AE84,AK84,AQ84,AW84) -> 0.86541471 | M84: =AVERAGE(T84,Z84,AF84,AL84,AR84,AX84) -> 0.74504505 | N84: =AVERAGE(U84,AA84,AG84,AM84,AS84,AY84) -> 0.66793893 | O84: =AVERAGE(V84,AB84,AH84,AN84,AT84,AZ84) -> #DIV/0! | P84: =AVERAGE(W84,AC84,AI84,AO84,AU84,BA84) -> #DIV/0! | R84: 0.97727273 | S84: 0.81220657 | T84: 0.79189189 | U84: 0.69720102 | X84: 0.97727273 | Y84: 0.89201878 | Z84: 0.71351351 | AA84: 0.59033079 | AD84: 0.97727273 | AE84: 0.84507042 | AF84: 0.67027027 | AG84: 0.6437659 | AJ84: 0.97727273 | AK84: 0.85915493 | AL84: 0.82702703 | AM84: 0.73282443 | AP84: 0.97727273 | AQ84: 0.90140845 | AR84: 0.73243243 | AS84: 0.61323155 | AV84: 0.97727273 | AW84: 0.88262911 | AX84: 0.73513514 | AY84: 0.7302799
J85: 6 | K85: =AVERAGE(R85,X85,AD85,AJ85,AP85,AV85) -> 0.96296296 | L85: =AVERAGE(S85,Y85,AE85,AK85,AQ85,AW85) -> 0.91397849 | M85: =AVERAGE(T85,Z85,AF85,AL85,AR85,AX85) -> 0.79931973 | N85: =AVERAGE(U85,AA85,AG85,AM85,AS85,AY85) -> 0.71246819 | O85: =AVERAGE(V85,AB85,AH85,AN85,AT85,AZ85) -> #DIV/0! | P85: =AVERAGE(W85,AC85,AI85,AO85,AU85,BA85) -> #DIV/0! | R85: 0.96666667 | S85: 0.94623656 | T85: 0.84548105 | U85: 0.73791349 | X85: 0.96666667 | Y85: 0.94623656 | Z85: 0.82798834 | AA85: 0.70229008 | AD85: 0.95555556 | AE85: 0.91935484 | AF85: 0.73760933 | AG85: 0.64122137 | AJ85: 0.95555556 | AK85: 0.91397849 | AL85: 0.82507289 | AM85: 0.69465649 | AP85: 0.96666667 | AQ85: 0.82795699 | AR85: 0.73760933 | AS85: 0.74045802 | AV85: 0.96666667 | AW85: 0.93010753 | AX85: 0.82215743 | AY85: 0.75826972
J86: 7 | K86: =AVERAGE(R86,X86,AD86,AJ86,AP86,AV86) -> 0.93958333 | L86: =AVERAGE(S86,Y86,AE86,AK86,AQ86,AW86) -> 0.95648148 | M86: =AVERAGE(T86,Z86,AF86,AL86,AR86,AX86) -> 0.72776149 | N86: =AVERAGE(U86,AA86,AG86,AM86,AS86,AY86) -> 0.5538592 | O86: =AVERAGE(V86,AB86,AH86,AN86,AT86,AZ86) -> #DIV/0! | P86: =AVERAGE(W86,AC86,AI86,AO86,AU86,BA86) -> #DIV/0! | R86: 0.95 | S86: 0.94444444 | T86: 0.79178886 | U86: 0.50381679 | X86: 0.925 | Y86: 0.94444444 | Z86: 0.68914956 | AA86: 0.54198473 | AD86: 0.9625 | AE86: 0.97777778 | AF86: 0.71554252 | AG86: 0.56743003 | AJ86: 0.925 | AK86: 0.96666667 | AL86: 0.68621701 | AM86: 0.59541985 | AP86: 0.95 | AQ86: 0.93888889 | AR86: 0.69208211 | AS86: 0.52417303 | AV86: 0.925 | AW86: 0.96666667 | AX86: 0.79178886 | AY86: 0.59033079
J87: 8 | K87: =AVERAGE(R87,X87,AD87,AJ87,AP87,AV87) -> 0.92982456 | L87: =AVERAGE(S87,Y87,AE87,AK87,AQ87,AW87) -> 0.86140351 | M87: =AVERAGE(T87,Z87,AF87,AL87,AR87,AX87) -> 0.7314554 | N87: =AVERAGE(U87,AA87,AG87,AM87,AS87,AY87) -> 0.38973707 | O87: =AVERAGE(V87,AB87,AH87,AN87,AT87,AZ87) -> #DIV/0! | P87: =AVERAGE(W87,AC87,AI87,AO87,AU87,BA87) -> #DIV/0! | R87: 0.92105263 | S87: 0.86842105 | T87: 0.82535211 | U87: 0.34860051 | X87: 0.94736842 | Y87: 0.85263158 | Z87: 0.73802817 | AA87: 0.4173028 | AD87: 0.93421053 | AE87: 0.86315789 | AF87: 0.72112676 | AG87: 0.35368957 | AJ87: 0.90789474 | AK87: 0.91578947 | AL87: 0.63380282 | AM87: 0.43002545 | AP87: 0.93421053 | AQ87: 0.77368421 | AR87: 0.65070423 | AS87: 0.43256997 | AV87: 0.93421053 | AW87: 0.89473684 | AX87: 0.81971831 | AY87: 0.3562341
J88: 9 | K88: =AVERAGE(R88,X88,AD88,AJ88,AP88,AV88) -> 0.98717949 | L88: =AVERAGE(S88,Y88,AE88,AK88,AQ88,AW88) -> 0.84158416 | M88: =AVERAGE(T88,Z88,AF88,AL88,AR88,AX88) -> 0.74392614 | N88: =AVERAGE(U88,AA88,AG88,AM88,AS88,AY88) -> 0.55470738 | O88: =AVERAGE(V88,AB88,AH88,AN88,AT88,AZ88) -> #DIV/0! | P88: =AVERAGE(W88,AC88,AI88,AO88,AU88,BA88) -> #DIV/0! | R88: 0.98717949 | S88: 0.82178218 | T88: 0.71137026 | U88: 0.4173028 | X88: 0.98717949 | Y88: 0.82673267 | Z88: 0.68804665 | AA88: 0.61068702 | AD88: 0.98717949 | AE88: 0.83663366 | AF88: 0.73760933 | AG88: 0.46819338 | AJ88: 0.98717949 | AK88: 0.85643564 | AL88: 0.77842566 | AM88: 0.59287532 | AP88: 0.98717949 | AQ88: 0.87128713 | AR88: 0.73760933 | AS88: 0.58778626 | AV88: 0.98717949 | AW88: 0.83663366 | AX88: 0.81049563 | AY88: 0.65139949
J89: 10 | K89: =AVERAGE(R89,X89,AD89,AJ89,AP89,AV89) -> 0.98684211 | L89: =AVERAGE(S89,Y89,AE89,AK89,AQ89,AW89) -> 0.93655303 | M89: =AVERAGE(T89,Z89,AF89,AL89,AR89,AX89) -> 0.79014085 | N89: =AVERAGE(U89,AA89,AG89,AM89,AS89,AY89) -> 0.54113656 | O89: =AVERAGE(V89,AB89,AH89,AN89,AT89,AZ89) -> #DIV/0! | P89: =AVERAGE(W89,AC89,AI89,AO89,AU89,BA89) -> #DIV/0! | R89: 0.98684211 | S89: 0.90909091 | T89: 0.75774648 | U89: 0.49363868 | X89: 0.98684211 | Y89: 0.94886364 | Z89: 0.73239437 | AA89: 0.5648855 | AD89: 0.98684211 | AE89: 0.96022727 | AF89: 0.83943662 | AG89: 0.68956743 | AJ89: 0.98684211 | AK89: 0.90909091 | AL89: 0.85915493 | AM89: 0.56234097 | AP89: 0.98684211 | AQ89: 0.94318182 | AR89: 0.73239437 | AS89: 0.45547074 | AV89: 0.98684211 | AW89: 0.94886364 | AX89: 0.81971831 | AY89: 0.48091603
J90: 11 | K90: =AVERAGE(R90,X90,AD90,AJ90,AP90,AV90) -> 0.89726027 | L90: =AVERAGE(S90,Y90,AE90,AK90,AQ90,AW90) -> 0.91542289 | M90: =AVERAGE(T90,Z90,AF90,AL90,AR90,AX90) -> 0.76735093 | N90: =AVERAGE(U90,AA90,AG90,AM90,AS90,AY90) -> 0.61280746 | O90: =AVERAGE(V90,AB90,AH90,AN90,AT90,AZ90) -> #DIV/0! | P90: =AVERAGE(W90,AC90,AI90,AO90,AU90,BA90) -> #DIV/0! | R90: 0.87671233 | S90: 0.92039801 | T90: 0.7888563 | U90: 0.72010178 | X90: 0.90410959 | Y90: 0.90547264 | Z90: 0.72140762 | AA90: 0.58015267 | AD90: 0.87671233 | AE90: 0.91044776 | AF90: 0.79472141 | AG90: 0.54707379 | AJ90: 0.89041096 | AK90: 0.93034826 | AL90: 0.74486804 | AM90: 0.63358779 | AP90: 0.93150685 | AQ90: 0.91044776 | AR90: 0.82991202 | AS90: 0.65139949 | AV90: 0.90410959 | AW90: 0.91542289 | AX90: 0.72434018 | AY90: 0.54452926
J91: 12 | K91: =AVERAGE(R91,X91,AD91,AJ91,AP91,AV91) -> 0.9863388 | L91: =AVERAGE(S91,Y91,AE91,AK91,AQ91,AW91) -> 0.88601533 | M91: =AVERAGE(T91,Z91,AF91,AL91,AR91,AX91) -> 0.87390029 | N91: =AVERAGE(U91,AA91,AG91,AM91,AS91,AY91) -> 0.76887193 | O91: =AVERAGE(V91,AB91,AH91,AN91,AT91,AZ91) -> #DIV/0! | P91: =AVERAGE(W91,AC91,AI91,AO91,AU91,BA91) -> #DIV/0! | R91: 1 | S91: 0.8908046 | T91: 0.88856305 | U91: 0.74045802 | X91: 0.98360656 | Y91: 0.82758621 | Z91: 0.82697947 | AA91: 0.76335878 | AD91: 0.98360656 | AE91: 0.90229885 | AF91: 0.91495601 | AG91: 0.77862595 | AJ91: 0.98360656 | AK91: 0.93678161 | AL91: 0.89442815 | AM91: 0.76081425 | AP91: 0.98360656 | AQ91: 0.87356322 | AR91: 0.90029326 | AS91: 0.80661578 | AV91: 0.98360656 | AW91: 0.88505747 | AX91: 0.81818182 | AY91: 0.76335878
... J109: 30 | K109: =AVERAGE(R109,X109,AD109,AJ109,AP109,AV109) -> 0.98717949 | L109: =AVERAGE(S109,Y109,AE109,AK109,AQ109,AW109) -> 0.93425926 | M109: =AVERAGE(T109,Z109,AF109,AL109,AR109,AX109) -> 0.80610329 | N109: =AVERAGE(U109,AA109,AG109,AM109,AS109,AY109) -> 0.61747243 | O109: =AVERAGE(V109,AB109,AH109,AN109,AT109,AZ109) -> #DIV/0! | P109: =AVERAGE(W109,AC109,AI109,AO109,AU109,BA109) -> #DIV/0! | R109: 0.98717949 | S109: 0.94444444 | T109: 0.83943662 | U109: 0.62340967 | X109: 0.98717949 | Y109: 0.96111111 | Z109: 0.82535211 | AA109: 0.44020356 | AD109: 0.98717949 | AE109: 0.87777778 | AF109: 0.8056338 | AG109: 0.69465649 | AJ109: 0.98717949 | AK109: 0.94444444 | AL109: 0.82253521 | AM109: 0.73536896 | AP109: 0.98717949 | AQ109: 0.92222222 | AR109: 0.77183099 | AS109: 0.67430025 | AV109: 0.98717949 | AW109: 0.95555556 | AX109: 0.77183099 | AY109: 0.53689567
K111: =AVERAGE(K80:K109) -> 0.95746304 | L111: =AVERAGE(L80:L109) -> 0.90798493 | M111: =AVERAGE(M80:M109) -> 0.78884562 | N111: =AVERAGE(N80:N109) -> 0.59971727 | O111: =AVERAGE(O80:O109) -> #DIV/0! | P111: =AVERAGE(P80:P109) -> #DIV/0! | R111: =AVERAGE(R80:R109) -> 0.95630987 | S111: =AVERAGE(S80:S109) -> 0.90963579 | T111: =AVERAGE(T80:T109) -> 0.80080467 | U111: =AVERAGE(U80:U109) -> 0.60229008 | V111: =AVERAGE(V80:V109) -> #DIV/0! | W111: =AVERAGE(W80:W109) -> #DIV/0! | X111: =AVERAGE(X80:X109) -> 0.95882844 | Y111: =AVERAGE(Y80:Y109) -> 0.90740115 | ... BA111: =AVERAGE(BA80:BA109) -> #DIV/0!
K114: k=2
S115: 1 | Y115: 2 | AE115: 3 | AK115: 4 | AQ115: 5 | AW115: 6
J116: ID | K116: Task 1 | L116: Task 2 | M116: Task 3 | N116: Task 4 | O116: Task 5 | P116: Task 6 | R116: Task 1 | S116: Task 2 | T116: Task 3 | U116: Task 4 | V116: Task 5 | W116: Task 6 | X116: Task 1 | Y116: Task 2 | Z116: Task 3 | AA116: Task 4 | AB116: Task 5 | AC116: Task 6 | AD116: Task 1 | AE116: Task 2 | AF116: Task 3 | AG116: Task 4 | AH116: Task 5 | AI116: Task 6 | AJ116: Task 1 | AK116: Task 2 | AL116: Task 3 | AM116: Task 4 | AN116: Task 5 | AO116: Task 6 | AP116: Task 1 | AQ116: Task 2 | AR116: Task 3 | AS116: Task 4 | AT116: Task 5 | AU116: Task 6 | AV116: Task 1 | AW116: Task 2 | AX116: Task 3 | AY116: Task 4 | AZ116: Task 5 | BA116: Task 6
J117: 1 | K117: =AVERAGE(R117,X117,AD117,AJ117,AP117,AV117) -> 0.88356164 | L117: =AVERAGE(S117,Y117,AE117,AK117,AQ117,AW117) -> 0.88292683 | M117: =AVERAGE(T117,Z117,AF117,AL117,AR117,AX117) -> 0.63568075 | N117: =AVERAGE(U117,AA117,AG117,AM117,AS117,AY117) -> 0.55979644 | O117: =AVERAGE(V117,AB117,AH117,AN117,AT117,AZ117) -> #DIV/0! | P117: =AVERAGE(W117,AC117,AI117,AO117,AU117,BA117) -> #DIV/0! | R117: 0.83561644 | S117: 0.89268293 | T117: 0.6056338 | U117: 0.55725191 | X117: 0.91780822 | Y117: 0.84390244 | Z117: 0.65352113 | AA117: 0.54707379 | AD117: 0.90410959 | AE117: 0.89756098 | AF117: 0.65633803 | AG117: 0.51908397 | AJ117: 0.89041096 | AK117: 0.87804878 | AL117: 0.61408451 | AM117: 0.56997455 | AP117: 0.8630137 | AQ117: 0.86341463 | AR117: 0.56619718 | AS117: 0.52671756 | AV117: 0.89041096 | AW117: 0.92195122 | AX117: 0.71830986 | AY117: 0.63867684
J118: 2 | K118: =AVERAGE(R118,X118,AD118,AJ118,AP118,AV118) -> 0.81226054 | L118: =AVERAGE(S118,Y118,AE118,AK118,AQ118,AW118) -> 0.84488449 | M118: =AVERAGE(T118,Z118,AF118,AL118,AR118,AX118) -> 0.81267606 | N118: =AVERAGE(U118,AA118,AG118,AM118,AS118,AY118) -> 0.67005937 | O118: =AVERAGE(V118,AB118,AH118,AN118,AT118,AZ118) -> #DIV/0! | P118: =AVERAGE(W118,AC118,AI118,AO118,AU118,BA118) -> #DIV/0! | R118: 0.79310345 | S118: 0.83168317 | T118: 0.83098592 | U118: 0.70229008 | X118: 0.7816092 | Y118: 0.87128713 | Z118: 0.85633803 | AA118: 0.6259542 | AD118: 0.82758621 | AE118: 0.84653465 | AF118: 0.84788732 | AG118: 0.63867684 | AJ118: 0.8045977 | AK118: 0.81683168 | AL118: 0.83098592 | AM118: 0.68956743 | AP118: 0.87356322 | AQ118: 0.83663366 | AR118: 0.74647887 | AS118: 0.72773537 | AV118: 0.79310345 | AW118: 0.86633663 | AX118: 0.76338028 | AY118: 0.63613232
J119: 3 | K119: =AVERAGE(R119,X119,AD119,AJ119,AP119,AV119) -> 0.9875 | L119: =AVERAGE(S119,Y119,AE119,AK119,AQ119,AW119) -> 0.97097378 | M119: =AVERAGE(T119,Z119,AF119,AL119,AR119,AX119) -> 0.86525822 | N119: =AVERAGE(U119,AA119,AG119,AM119,AS119,AY119) -> 0.53392706 | O119: =AVERAGE(V119,AB119,AH119,AN119,AT119,AZ119) -> #DIV/0! | P119: =AVERAGE(W119,AC119,AI119,AO119,AU119,BA119) -> #DIV/0! | R119: 0.9875 | S119: 0.97191011 | T119: 0.87323944 | U119: 0.50890585 | X119: 0.9875 | Y119: 0.97752809 | Z119: 0.84225352 | AA119: 0.5394402 | AD119: 0.9875 | AE119: 0.97191011 | AF119: 0.85352113 | AG119: 0.55725191 | AJ119: 0.9875 | AK119: 0.97191011 | AL119: 0.88450704 | AM119: 0.47582697 | AP119: 0.9875 | AQ119: 0.97191011 | AR119: 0.86197183 | AS119: 0.58778626 | AV119: 0.9875 | AW119: 0.96067416 | AX119: 0.87605634 | AY119: 0.53435115
J120: 4 | K120: =AVERAGE(R120,X120,AD120,AJ120,AP120,AV120) -> 0.98684211 | L120: =AVERAGE(S120,Y120,AE120,AK120,AQ120,AW120) -> 0.8796748 | M120: =AVERAGE(T120,Z120,AF120,AL120,AR120,AX120) -> 0.79389671 | N120: =AVERAGE(U120,AA120,AG120,AM120,AS120,AY120) -> 0.54071247 | O120: =AVERAGE(V120,AB120,AH120,AN120,AT120,AZ120) -> #DIV/0! | P120: =AVERAGE(W120,AC120,AI120,AO120,AU120,BA120) -> #DIV/0! | R120: 0.98684211 | S120: 0.85365854 | T120: 0.78309859 | U120: 0.55216285 | X120: 0.98684211 | Y120: 0.85853659 | Z120: 0.73239437 | AA120: 0.50890585 | AD120: 0.98684211 | AE120: 0.89756098 | AF120: 0.86760563 | AG120: 0.51653944 | AJ120: 0.98684211 | AK120: 0.87804878 | AL120: 0.74647887 | AM120: 0.55725191 | AP120: 0.98684211 | AQ120: 0.90243902 | AR120: 0.81971831 | AS120: 0.56997455 | AV120: 0.98684211 | AW120: 0.88780488 | AX120: 0.81408451 | AY120: 0.5394402
J121: 5 | K121: =AVERAGE(R121,X121,AD121,AJ121,AP121,AV121) -> 0.97727273 | L121: =AVERAGE(S121,Y121,AE121,AK121,AQ121,AW121) -> 0.87793427 | M121: =AVERAGE(T121,Z121,AF121,AL121,AR121,AX121) -> 0.74189189 | N121: =AVERAGE(U121,AA121,AG121,AM121,AS121,AY121) -> 0.62086514 | O121: =AVERAGE(V121,AB121,AH121,AN121,AT121,AZ121) -> #DIV/0! | P121: =AVERAGE(W121,AC121,AI121,AO121,AU121,BA121) -> #DIV/0! | R121: 0.97727273 | S121: 0.90140845 | T121: 0.71891892 | U121: 0.64885496 | X121: 0.97727273 | Y121: 0.86384977 | Z121: 0.78648649 | AA121: 0.63613232 | AD121: 0.97727273 | AE121: 0.87323944 | AF121: 0.80540541 | AG121: 0.65903308 | AJ121: 0.97727273 | AK121: 0.91549296 | AL121: 0.63513514 | AM121: 0.62086514 | AP121: 0.97727273 | AQ121: 0.87323944 | AR121: 0.75945946 | AS121: 0.61323155 | AV121: 0.97727273 | AW121: 0.84037559 | AX121: 0.74594595 | AY121: 0.54707379
J122: 6 | K122: =AVERAGE(R122,X122,AD122,AJ122,AP122,AV122) -> 0.96481481 | L122: =AVERAGE(S122,Y122,AE122,AK122,AQ122,AW122) -> 0.94623656 | M122: =AVERAGE(T122,Z122,AF122,AL122,AR122,AX122) -> 0.81146744 | N122: =AVERAGE(U122,AA122,AG122,AM122,AS122,AY122) -> 0.67769296 | O122: =AVERAGE(V122,AB122,AH122,AN122,AT122,AZ122) -> #DIV/0! | P122: =AVERAGE(W122,AC122,AI122,AO122,AU122,BA122) -> #DIV/0! | R122: 0.96666667 | S122: 0.9516129 | T122: 0.78717201 | U122: 0.66157761 | X122: 0.96666667 | Y122: 0.96774194 | Z122: 0.83673469 | AA122: 0.60050891 | AD122: 0.96666667 | AE122: 0.96236559 | AF122: 0.80174927 | AG122: 0.71755725 | AJ122: 0.95555556 | AK122: 0.91397849 | AL122: 0.82507289 | AM122: 0.61068702 | AP122: 0.95555556 | AQ122: 0.96236559 | AR122: 0.79591837 | AS122: 0.78371501 | AV122: 0.97777778 | AW122: 0.91935484 | AX122: 0.82215743 | AY122: 0.69211196
J123: 7 | K123: =AVERAGE(R123,X123,AD123,AJ123,AP123,AV123) -> 0.95208333 | L123: =AVERAGE(S123,Y123,AE123,AK123,AQ123,AW123) -> 0.9537037 | M123: =AVERAGE(T123,Z123,AF123,AL123,AR123,AX123) -> 0.74633431 | N123: =AVERAGE(U123,AA123,AG123,AM123,AS123,AY123) -> 0.57675997 | O123: =AVERAGE(V123,AB123,AH123,AN123,AT123,AZ123) -> #DIV/0! | P123: =AVERAGE(W123,AC123,AI123,AO123,AU123,BA123) -> #DIV/0! | R123: 0.9625 | S123: 0.93888889 | T123: 0.70381232 | U123: 0.63613232 | X123: 0.95 | Y123: 0.96111111 | Z123: 0.73313783 | AA123: 0.54707379 | AD123: 0.95 | AE123: 0.95 | AF123: 0.69794721 | AG123: 0.57506361 | AJ123: 0.9625 | AK123: 0.96666667 | AL123: 0.82404692 | AM123: 0.59033079 | AP123: 0.9375 | AQ123: 0.95555556 | AR123: 0.84164223 | AS123: 0.64122137 | AV123: 0.95 | AW123: 0.95 | AX123: 0.67741935 | AY123: 0.47073791
J124: 8 | K124: =AVERAGE(R124,X124,AD124,AJ124,AP124,AV124) -> 0.94736842 | L124: =AVERAGE(S124,Y124,AE124,AK124,AQ124,AW124) -> 0.88684211 | M124: =AVERAGE(T124,Z124,AF124,AL124,AR124,AX124) -> 0.71549296 | N124: =AVERAGE(U124,AA124,AG124,AM124,AS124,AY124) -> 0.40118745 | O124: =AVERAGE(V124,AB124,AH124,AN124,AT124,AZ124) -> #DIV/0! | P124: =AVERAGE(W124,AC124,AI124,AO124,AU124,BA124) -> #DIV/0! | R124: 0.96052632 | S124: 0.9 | T124: 0.76056338 | U124: 0.29516539 | X124: 0.93421053 | Y124: 0.86842105 | Z124: 0.69859155 | AA124: 0.42239186 | AD124: 0.96052632 | AE124: 0.87368421 | AF124: 0.6084507 | AG124: 0.39440204 | AJ124: 0.96052632 | AK124: 0.90526316 | AL124: 0.77464789 | AM124: 0.37913486 | AP124: 0.90789474 | AQ124: 0.88421053 | AR124: 0.77464789 | AS124: 0.49363868 | AV124: 0.96052632 | AW124: 0.88947368 | AX124: 0.67605634 | AY124: 0.42239186
J125: 9 | K125: =AVERAGE(R125,X125,AD125,AJ125,AP125,AV125) -> 0.98717949 | L125: =AVERAGE(S125,Y125,AE125,AK125,AQ125,AW125) -> 0.87623762 | M125: =AVERAGE(T125,Z125,AF125,AL125,AR125,AX125) -> 0.77113703 | N125: =AVERAGE(U125,AA125,AG125,AM125,AS125,AY125) -> 0.56743003 | O125: =AVERAGE(V125,AB125,AH125,AN125,AT125,AZ125) -> #DIV/0! | P125: =AVERAGE(W125,AC125,AI125,AO125,AU125,BA125) -> #DIV/0! | R125: 0.98717949 | S125: 0.88118812 | T125: 0.73760933 | U125: 0.5394402 | X125: 0.98717949 | Y125: 0.88118812 | Z125: 0.78425656 | AA125: 0.51145038 | AD125: 0.98717949 | AE125: 0.86633663 | AF125: 0.77259475 | AG125: 0.61577608 | AJ125: 0.98717949 | AK125: 0.88118812 | AL125: 0.74927114 | AM125: 0.64885496 | AP125: 0.98717949 | AQ125: 0.88118812 | AR125: 0.7638484 | AS125: 0.52926209 | AV125: 0.98717949 | AW125: 0.86633663 | AX125: 0.81924198 | AY125: 0.55979644
J126: 10 | K126: =AVERAGE(R126,X126,AD126,AJ126,AP126,AV126) -> 0.98684211 | L126: =AVERAGE(S126,Y126,AE126,AK126,AQ126,AW126) -> 0.93939394 | M126: =AVERAGE(T126,Z126,AF126,AL126,AR126,AX126) -> 0.81830986 | N126: =AVERAGE(U126,AA126,AG126,AM126,AS126,AY126) -> 0.51865988 | O126: =AVERAGE(V126,AB126,AH126,AN126,AT126,AZ126) -> #DIV/0! | P126: =AVERAGE(W126,AC126,AI126,AO126,AU126,BA126) -> #DIV/0! | R126: 0.98684211 | S126: 0.9375 | T126: 0.8056338 | U126: 0.61068702 | X126: 0.98684211 | Y126: 0.9375 | Z126: 0.85633803 | AA126: 0.56743003 | AD126: 0.98684211 | AE126: 0.94886364 | AF126: 0.8028169 | AG126: 0.44783715 | AJ126: 0.98684211 | AK126: 0.92613636 | AL126: 0.82816901 | AM126: 0.55979644 | AP126: 0.98684211 | AQ126: 0.96022727 | AR126: 0.78873239 | AS126: 0.39440204 | AV126: 0.98684211 | AW126: 0.92613636 | AX126: 0.82816901 | AY126: 0.53180662
J127: 11 | K127: =AVERAGE(R127,X127,AD127,AJ127,AP127,AV127) -> 0.90639269 | L127: =AVERAGE(S127,Y127,AE127,AK127,AQ127,AW127) -> 0.91044776 | M127: =AVERAGE(T127,Z127,AF127,AL127,AR127,AX127) -> 0.771261 | N127: =AVERAGE(U127,AA127,AG127,AM127,AS127,AY127) -> 0.6221374 | O127: =AVERAGE(V127,AB127,AH127,AN127,AT127,AZ127) -> #DIV/0! | P127: =AVERAGE(W127,AC127,AI127,AO127,AU127,BA127) -> #DIV/0! | R127: 0.90410959 | S127: 0.92537313 | T127: 0.80351906 | U127: 0.63358779 | X127: 0.93150685 | Y127: 0.88059701 | Z127: 0.70087977 | AA127: 0.61323155 | AD127: 0.90410959 | AE127: 0.91044776 | AF127: 0.70967742 | AG127: 0.59796438 | AJ127: 0.87671233 | AK127: 0.92537313 | AL127: 0.72140762 | AM127: 0.53180662 | AP127: 0.89041096 | AQ127: 0.92039801 | AR127: 0.82697947 | AS127: 0.66412214 | AV127: 0.93150685 | AW127: 0.90049751 | AX127: 0.86510264 | AY127: 0.69211196
J128: 12 | K128: =AVERAGE(R128,X128,AD128,AJ128,AP128,AV128) -> 0.98360656 | L128: =AVERAGE(S128,Y128,AE128,AK128,AQ128,AW128) -> 0.91091954 | M128: =AVERAGE(T128,Z128,AF128,AL128,AR128,AX128) -> 0.8655914 | N128: =AVERAGE(U128,AA128,AG128,AM128,AS128,AY128) -> 0.68405428 | O128: =AVERAGE(V128,AB128,AH128,AN128,AT128,AZ128) -> #DIV/0! | P128: =AVERAGE(W128,AC128,AI128,AO128,AU128,BA128) -> #DIV/0! | R128: 0.98360656 | S128: 0.91954023 | T128: 0.90029326 | U128: 0.67430025 | X128: 0.98360656 | Y128: 0.88505747 | Z128: 0.87390029 | AA128: 0.64631043 | AD128: 0.96721311 | AE128: 0.93103448 | AF128: 0.91495601 | AG128: 0.66412214 | AJ128: 0.98360656 | AK128: 0.95977011 | AL128: 0.91495601 | AM128: 0.79389313 | AP128: 1 | AQ128: 0.85632184 | AR128: 0.82404692 | AS128: 0.67684478 | AV128: 0.98360656 | AW128: 0.9137931 | AX128: 0.76539589 | AY128: 0.64885496
... J146: 30 | K146: =AVERAGE(R146,X146,AD146,AJ146,AP146,AV146) -> 0.98717949 | L146: =AVERAGE(S146,Y146,AE146,AK146,AQ146,AW146) -> 0.93796296 | M146: =AVERAGE(T146,Z146,AF146,AL146,AR146,AX146) -> 0.78028169 | N146: =AVERAGE(U146,AA146,AG146,AM146,AS146,AY146) -> 0.60899067 | O146: =AVERAGE(V146,AB146,AH146,AN146,AT146,AZ146) -> #DIV/0! | P146: =AVERAGE(W146,AC146,AI146,AO146,AU146,BA146) -> #DIV/0! | R146: 0.98717949 | S146: 0.96111111 | T146: 0.89014085 | U146: 0.67684478 | X146: 0.98717949 | Y146: 0.9 | Z146: 0.84788732 | AA146: 0.5826972 | AD146: 0.98717949 | AE146: 0.97777778 | AF146: 0.76619718 | AG146: 0.60559796 | AJ146: 0.98717949 | AK146: 0.94444444 | AL146: 0.73802817 | AM146: 0.60050891 | AP146: 0.98717949 | AQ146: 0.97222222 | AR146: 0.66478873 | AS146: 0.55470738 | AV146: 0.98717949 | AW146: 0.87222222 | AX146: 0.77464789 | AY146: 0.63358779
K148: =AVERAGE(K117:K146) -> 0.9590878 | L148: =AVERAGE(L117:L146) -> 0.91231169 | M148: =AVERAGE(M117:M146) -> 0.78278547 | N148: =AVERAGE(N117:N146) -> 0.59074074 | O148: =AVERAGE(O117:O146) -> #DIV/0! | P148: =AVERAGE(P117:P146) -> #DIV/0! | R148: =AVERAGE(R117:R146) -> 0.95684818 | S148: =AVERAGE(S117:S146) -> 0.91693878 | T148: =AVERAGE(T117:T146) -> 0.7913047 | U148: =AVERAGE(U117:U146) -> 0.58651399 | V148: =AVERAGE(V117:V146) -> #DIV/0! | W148: =AVERAGE(W117:W146) -> #DIV/0! | X148: =AVERAGE(X117:X146) -> 0.95897402 | Y148: =AVERAGE(Y117:Y146) -> 0.91544605 | ... BA148: =AVERAGE(BA117:BA146) -> #DIV/0!
K151: k=3
S152: 1 | Y152: 2 | AE152: 3 | AK152: 4 | AQ152: 5 | AW152: 6
J153: ID | K153: Task 1 | L153: Task 2 | M153: Task 3 | N153: Task 4 | O153: Task 5 | P153: Task 6 | R153: Task 1 | S153: Task 2 | T153: Task 3 | U153: Task 4 | V153: Task 5 | W153: Task 6 | X153: Task 1 | Y153: Task 2 | Z153: Task 3 | AA153: Task 4 | AB153: Task 5 | AC153: Task 6 | AD153: Task 1 | AE153: Task 2 | AF153: Task 3 | AG153: Task 4 | AH153: Task 5 | AI153: Task 6 | AJ153: Task 1 | AK153: Task 2 | AL153: Task 3 | AM153: Task 4 | AN153: Task 5 | AO153: Task 6 | AP153: Task 1 | AQ153: Task 2 | AR153: Task 3 | AS153: Task 4 | AT153: Task 5 | AU153: Task 6 | AV153: Task 1 | AW153: Task 2 | AX153: Task 3 | AY153: Task 4 | AZ153: Task 5 | BA153: Task 6
J154: 1 | K154: =AVERAGE(R154,X154,AD154,AJ154,AP154,AV154) -> 0.89041096 | L154: =AVERAGE(S154,Y154,AE154,AK154,AQ154,AW154) -> 0.88943089 | M154: =AVERAGE(T154,Z154,AF154,AL154,AR154,AX154) -> 0.63004695 | N154: =AVERAGE(U154,AA154,AG154,AM154,AS154,AY154) -> 0.56870229 | O154: =AVERAGE(V154,AB154,AH154,AN154,AT154,AZ154) -> #DIV/0! | P154: =AVERAGE(W154,AC154,AI154,AO154,AU154,BA154) -> #DIV/0! | R154: 0.89041096 | S154: 0.89268293 | T154: 0.6056338 | U154: 0.49618321 | X154: 0.90410959 | Y154: 0.90243902 | Z154: 0.61126761 | AA154: 0.64122137 | AD154: 0.87671233 | AE154: 0.85365854 | AF154: 0.63380282 | AG154: 0.64122137 | AJ154: 0.89041096 | AK154: 0.92682927 | AL154: 0.67887324 | AM154: 0.63104326 | AP154: 0.89041096 | AQ154: 0.89268293 | AR154: 0.6084507 | AS154: 0.52671756 | AV154: 0.89041096 | AW154: 0.86829268 | AX154: 0.64225352 | AY154: 0.47582697
J155: 2 | K155: =AVERAGE(R155,X155,AD155,AJ155,AP155,AV155) -> 0.85632184 | L155: =AVERAGE(S155,Y155,AE155,AK155,AQ155,AW155) -> 0.85066007 | M155: =AVERAGE(T155,Z155,AF155,AL155,AR155,AX155) -> 0.76948357 | N155: =AVERAGE(U155,AA155,AG155,AM155,AS155,AY155) -> 0.62298558 | O155: =AVERAGE(V155,AB155,AH155,AN155,AT155,AZ155) -> #DIV/0! | P155: =AVERAGE(W155,AC155,AI155,AO155,AU155,BA155) -> #DIV/0! | R155: 0.82758621 | S155: 0.87623762 | T155: 0.77183099 | U155: 0.64885496 | X155: 0.91954023 | Y155: 0.86633663 | Z155: 0.83661972 | AA155: 0.66412214 | AD155: 0.86206897 | AE155: 0.84158416 | AF155: 0.72394366 | AG155: 0.47073791 | AJ155: 0.82758621 | AK155: 0.85643564 | AL155: 0.70704225 | AM155: 0.63358779 | AP155: 0.87356322 | AQ155: 0.83168317 | AR155: 0.83380282 | AS155: 0.60050891 | AV155: 0.82758621 | AW155: 0.83168317 | AX155: 0.74366197 | AY155: 0.72010178
J156: 3 | K156: =AVERAGE(R156,X156,AD156,AJ156,AP156,AV156) -> 0.9875 | L156: =AVERAGE(S156,Y156,AE156,AK156,AQ156,AW156) -> 0.97940075 | M156: =AVERAGE(T156,Z156,AF156,AL156,AR156,AX156) -> 0.85446009 | N156: =AVERAGE(U156,AA156,AG156,AM156,AS156,AY156) -> 0.53011026 | O156: =AVERAGE(V156,AB156,AH156,AN156,AT156,AZ156) -> #DIV/0! | P156: =AVERAGE(W156,AC156,AI156,AO156,AU156,BA156) -> #DIV/0! | R156: 0.9875 | S156: 0.98314607 | T156: 0.85915493 | U156: 0.59541985 | X156: 0.9875 | Y156: 0.97191011 | Z156: 0.77464789 | AA156: 0.55725191 | AD156: 0.9875 | AE156: 0.98314607 | AF156: 0.81971831 | AG156: 0.43765903 | AJ156: 0.9875 | AK156: 0.98876404 | AL156: 0.88169014 | AM156: 0.48854962 | AP156: 0.9875 | AQ156: 0.97191011 | AR156: 0.87042254 | AS156: 0.55470738 | AV156: 0.9875 | AW156: 0.97752809 | AX156: 0.92112676 | AY156: 0.54707379
J157: 4 | K157: =AVERAGE(R157,X157,AD157,AJ157,AP157,AV157) -> 0.98684211 | L157: =AVERAGE(S157,Y157,AE157,AK157,AQ157,AW157) -> 0.87398374 | M157: =AVERAGE(T157,Z157,AF157,AL157,AR157,AX157) -> 0.70375587 | N157: =AVERAGE(U157,AA157,AG157,AM157,AS157,AY157) -> 0.48006785 | O157: =AVERAGE(V157,AB157,AH157,AN157,AT157,AZ157) -> #DIV/0! | P157: =AVERAGE(W157,AC157,AI157,AO157,AU157,BA157) -> #DIV/0! | R157: 0.98684211 | S157: 0.83902439 | T157: 0.70704225 | U157: 0.44274809 | X157: 0.98684211 | Y157: 0.85365854 | Z157: 0.56901408 | AA157: 0.44783715 | AD157: 0.98684211 | AE157: 0.88780488 | AF157: 0.69295775 | AG157: 0.5216285 | AJ157: 0.98684211 | AK157: 0.86341463 | AL157: 0.73239437 | AM157: 0.50381679 | AP157: 0.98684211 | AQ157: 0.89268293 | AR157: 0.78591549 | AS157: 0.49363868 | AV157: 0.98684211 | AW157: 0.90731707 | AX157: 0.73521127 | AY157: 0.47073791
J158: 5 | K158: =AVERAGE(R158,X158,AD158,AJ158,AP158,AV158) -> 0.97727273 | L158: =AVERAGE(S158,Y158,AE158,AK158,AQ158,AW158) -> 0.86463224 | M158: =AVERAGE(T158,Z158,AF158,AL158,AR158,AX158) -> 0.77882883 | N158: =AVERAGE(U158,AA158,AG158,AM158,AS158,AY158) -> 0.65945717 | O158: =AVERAGE(V158,AB158,AH158,AN158,AT158,AZ158) -> #DIV/0! | P158: =AVERAGE(W158,AC158,AI158,AO158,AU158,BA158) -> #DIV/0! | R158: 0.97727273 | S158: 0.83568075 | T158: 0.78378378 | U158: 0.71246819 | X158: 0.97727273 | Y158: 0.88732394 | Z158: 0.75945946 | AA158: 0.64122137 | AD158: 0.97727273 | AE158: 0.86384977 | AF158: 0.70810811 | AG158: 0.65394402 | AJ158: 0.97727273 | AK158: 0.89201878 | AL158: 0.82162162 | AM158: 0.71755725 | AP158: 0.97727273 | AQ158: 0.89201878 | AR158: 0.79459459 | AS158: 0.71246819 | AV158: 0.97727273 | AW158: 0.81690141 | AX158: 0.80540541 | AY158: 0.51908397
J159: 6 | K159: =AVERAGE(R159,X159,AD159,AJ159,AP159,AV159) -> 0.96481481 | L159: =AVERAGE(S159,Y159,AE159,AK159,AQ159,AW159) -> 0.94444444 | M159: =AVERAGE(T159,Z159,AF159,AL159,AR159,AX159) -> 0.76287658 | N159: =AVERAGE(U159,AA159,AG159,AM159,AS159,AY159) -> 0.59160305 | O159: =AVERAGE(V159,AB159,AH159,AN159,AT159,AZ159) -> #DIV/0! | P159: =AVERAGE(W159,AC159,AI159,AO159,AU159,BA159) -> #DIV/0! | R159: 0.95555556 | S159: 0.93010753 | T159: 0.72011662 | U159: 0.54198473 | X159: 0.96666667 | Y159: 0.96774194 | Z159: 0.75801749 | AA159: 0.67938931 | AD159: 0.96666667 | AE159: 0.93548387 | AF159: 0.79300292 | AG159: 0.64631043 | AJ159: 0.95555556 | AK159: 0.93548387 | AL159: 0.77259475 | AM159: 0.55216285 | AP159: 0.97777778 | AQ159: 0.96236559 | AR159: 0.73760933 | AS159: 0.56743003 | AV159: 0.96666667 | AW159: 0.93548387 | AX159: 0.79591837 | AY159: 0.56234097
J160: 7 | K160: =AVERAGE(R160,X160,AD160,AJ160,AP160,AV160) -> 0.94791667 | L160: =AVERAGE(S160,Y160,AE160,AK160,AQ160,AW160) -> 0.96388889 | M160: =AVERAGE(T160,Z160,AF160,AL160,AR160,AX160) -> 0.72043011 | N160: =AVERAGE(U160,AA160,AG160,AM160,AS160,AY160) -> 0.52926209 | O160: =AVERAGE(V160,AB160,AH160,AN160,AT160,AZ160) -> #DIV/0! | P160: =AVERAGE(W160,AC160,AI160,AO160,AU160,BA160) -> #DIV/0! | R160: 0.9875 | S160: 0.95 | T160: 0.72140762 | U160: 0.55216285 | X160: 0.95 | Y160: 0.96666667 | Z160: 0.75366569 | AA160: 0.60050891 | AD160: 0.9125 | AE160: 0.96111111 | AF160: 0.60703812 | AG160: 0.47328244 | AJ160: 0.95 | AK160: 0.97777778 | AL160: 0.71260997 | AM160: 0.51653944 | AP160: 0.95 | AQ160: 0.96111111 | AR160: 0.80938416 | AS160: 0.52671756 | AV160: 0.9375 | AW160: 0.96666667 | AX160: 0.71847507 | AY160: 0.50636132
J161: 8 | K161: =AVERAGE(R161,X161,AD161,AJ161,AP161,AV161) -> 0.93640351 | L161: =AVERAGE(S161,Y161,AE161,AK161,AQ161,AW161) -> 0.87280702 | M161: =AVERAGE(T161,Z161,AF161,AL161,AR161,AX161) -> 0.69812207 | N161: =AVERAGE(U161,AA161,AG161,AM161,AS161,AY161) -> 0.43299406 | O161: =AVERAGE(V161,AB161,AH161,AN161,AT161,AZ161) -> #DIV/0! | P161: =AVERAGE(W161,AC161,AI161,AO161,AU161,BA161) -> #DIV/0! | R161: 0.92105263 | S161: 0.88421053 | T161: 0.75492958 | U161: 0.47328244 | X161: 0.94736842 | Y161: 0.92105263 | Z161: 0.66760563 | AA161: 0.39440204 | AD161: 0.92105263 | AE161: 0.82105263 | AF161: 0.72112676 | AG161: 0.38167939 | AJ161: 0.93421053 | AK161: 0.84210526 | AL161: 0.61690141 | AM161: 0.52671756 | AP161: 0.93421053 | AQ161: 0.88421053 | AR161: 0.62535211 | AS161: 0.40712468 | AV161: 0.96052632 | AW161: 0.88421053 | AX161: 0.8028169 | AY161: 0.41475827
J162: 9 | K162: =AVERAGE(R162,X162,AD162,AJ162,AP162,AV162) -> 0.98717949 | L162: =AVERAGE(S162,Y162,AE162,AK162,AQ162,AW162) -> 0.83993399 | M162: =AVERAGE(T162,Z162,AF162,AL162,AR162,AX162) -> 0.77356657 | N162: =AVERAGE(U162,AA162,AG162,AM162,AS162,AY162) -> 0.56955047 | O162: =AVERAGE(V162,AB162,AH162,AN162,AT162,AZ162) -> #DIV/0! | P162: =AVERAGE(W162,AC162,AI162,AO162,AU162,BA162) -> #DIV/0! | R162: 0.98717949 | S162: 0.86633663 | T162: 0.74052478 | U162: 0.60559796 | X162: 0.98717949 | Y162: 0.84653465 | Z162: 0.82507289 | AA162: 0.58524173 | AD162: 0.98717949 | AE162: 0.80693069 | AF162: 0.68804665 | AG162: 0.5648855 | AJ162: 0.98717949 | AK162: 0.83168317 | AL162: 0.78134111 | AM162: 0.64631043 | AP162: 0.98717949 | AQ162: 0.84158416 | AR162: 0.78717201 | AS162: 0.45292621 | AV162: 0.98717949 | AW162: 0.84653465 | AX162: 0.81924198 | AY162: 0.56234097
...

Sheet Person_1
K3: k=0.25
S4: 1 | Y4: 2 | AE4: 3 | AK4: 4 | AQ4: 5 | AW4: 6
A5: k | B5: Task 1 | C5: Task 2 | D5: Task 3 | E5: Task 4 | F5: Task 5 | G5: Task 6 | J5: ID | K5: Task 1 | L5: Task 2 | M5: Task 3 | N5: Task 4 | O5: Task 5 | P5: Task 6 | R5: Task 1 | S5: Task 2 | T5: Task 3 | U5: Task 4 | V5: Task 5 | W5: Task 6 | X5: Task 1 | Y5: Task 2 | Z5: Task 3 | AA5: Task 4 | AB5: Task 5 | AC5: Task 6 | AD5: Task 1 | AE5: Task 2 | AF5: Task 3 | AG5: Task 4 | AH5: Task 5 | AI5: Task 6 | AJ5: Task 1 | AK5: Task 2 | AL5: Task 3 | AM5: Task 4 | AN5: Task 5 | AO5: Task 6 | AP5: Task 1 | AQ5: Task 2 | AR5: Task 3 | AS5: Task 4 | AT5: Task 5 | AU5: Task 6 | AV5: Task 1 | AW5: Task 2 | AX5: Task 3 | AY5: Task 4 | AZ5: Task 5 | BA5: Task 6 | BD5: =A6 -> 0.25 | BE5: Task 1 | BF5: Task 2 | BG5: Task 3 | BH5: Task 4 | BI5: Task 5 | BJ5: Task 6
A6: 0.25 | B6: =AVERAGE(K6:K35) -> 0.92971863 | C6: =AVERAGE(L6:L35) -> 0.88805193 | D6: =AVERAGE(M6:M35) -> 0.74197054 | E6: =AVERAGE(N6:N35) -> 0.51333333 | F6: =AVERAGE(O6:O35) -> #DIV/0! | G6: =AVERAGE(P6:P35) -> #DIV/0! | J6: 1 | K6: =AVERAGE(R6,X6,AD6,AJ6,AP6,AV6) -> 0.86147186 | L6: =AVERAGE(S6,Y6,AE6,AK6,AQ6,AW6) -> 0.86754386 | M6: =AVERAGE(T6,Z6,AF6,AL6,AR6,AX6) -> 0.6995098 | N6: =AVERAGE(U6,AA6,AG6,AM6,AS6,AY6) -> 0.4872807 | O6: =AVERAGE(V6,AB6,AH6,AN6,AT6,AZ6) -> #DIV/0! | P6: =AVERAGE(W6,AC6,AI6,AO6,AU6,BA6) -> #DIV/0! | R6: 0.85714286 | S6: 0.88421053 | T6: 0.69117647 | U6: 0.51842105 | X6: 0.84415584 | Y6: 0.87368421 | Z6: 0.70588235 | AA6: 0.52368421 | AD6: 0.85714286 | AE6: 0.84210526 | AF6: 0.72352941 | AG6: 0.47894737 | AJ6: 0.85714286 | AK6: 0.87368421 | AL6: 0.73529412 | AM6: 0.53947368 | AP6: 0.87012987 | AQ6: 0.85789474 | AR6: 0.66764706 | AS6: 0.4 | AV6: 0.88311688 | AW6: 0.87368421 | AX6: 0.67352941 | AY6: 0.46315789 | BD6: 1 | BE6: =$R$37 -> 0.92454943 | BF6: =$S$37 -> 0.88894681 | BG6: =$T$37 -> 0.74978147 | BH6: =$U$37 -> 0.54350877 | BI6: =$V$37 -> #DIV/0! | BJ6: =$W$37 -> #DIV/0!
A7: 0.5 | B7: =AVERAGE(K43:K72) -> 0.92907023 | C7: =AVERAGE(L43:L72) -> 0.89442432 | D7: =AVERAGE(M43:M72) -> 0.7569665 | E7: =AVERAGE(N43:N72) -> 0.53188596 | F7: =AVERAGE(O43:O72) -> #DIV/0! | G7: =AVERAGE(P43:P72) -> #DIV/0! | J7: 2 | K7: =AVERAGE(R7,X7,AD7,AJ7,AP7,AV7) -> 0.92407407 | L7: =AVERAGE(S7,Y7,AE7,AK7,AQ7,AW7) -> 0.87037037 | M7: =AVERAGE(T7,Z7,AF7,AL7,AR7,AX7) -> 0.80294118 | N7: =AVERAGE(U7,AA7,AG7,AM7,AS7,AY7) -> 0.50175439 | O7: =AVERAGE(V7,AB7,AH7,AN7,AT7,AZ7) -> #DIV/0! | P7: =AVERAGE(W7,AC7,AI7,AO7,AU7,BA7) -> #DIV/0! | R7: 0.92222222 | S7: 0.88383838 | T7: 0.84117647 | U7: 0.55789474 | X7: 0.91111111 | Y7: 0.86868687 | Z7: 0.79411765 | AA7: 0.56052632 | AD7: 0.95555556 | AE7: 0.88383838 | AF7: 0.78823529 | AG7: 0.34736842 | AJ7: 0.88888889 | AK7: 0.79292929 | AL7: 0.82941176 | AM7: 0.53684211 | AP7: 0.91111111 | AQ7: 0.88383838 | AR7: 0.76470588 | AS7: 0.58684211 | AV7: 0.95555556 | AW7: 0.90909091 | AX7: 0.8 | AY7: 0.42105263 | BD7: 2 | BE7: =$X$37 -> 0.93086948 | BF7: =$Y$37 -> 0.88320975 | BG7: =$Z$37 -> 0.71676989 | BH7: =$AA$37 -> 0.46482456 | BI7: =$AB$37 -> #DIV/0! | BJ7: =$AC$37 -> #DIV/0!
A8: 1 | B8: =AVERAGE(K80:K109) -> 0.93035864 | C8: =AVERAGE(L80:L109) -> 0.9019494 | D8: =AVERAGE(M80:M109) -> 0.777685 | E8: =AVERAGE(N80:N109) -> 0.57226608 | F8: =AVERAGE(O80:O109) -> #DIV/0! | G8: =AVERAGE(P80:P109) -> #DIV/0! | J8: 3 | K8: =AVERAGE(R8,X8,AD8,AJ8,AP8,AV8) -> 0.94354839 | L8: =AVERAGE(S8,Y8,AE8,AK8,AQ8,AW8) -> 0.90506329 | M8: =AVERAGE(T8,Z8,AF8,AL8,AR8,AX8) -> 0.83333333 | N8: =AVERAGE(U8,AA8,AG8,AM8,AS8,AY8) -> 0.55701754 | O8: =AVERAGE(V8,AB8,AH8,AN8,AT8,AZ8) -> #DIV/0! | P8: =AVERAGE(W8,AC8,AI8,AO8,AU8,BA8) -> #DIV/0! | R8: 0.98387097 | S8: 0.92405063 | T8: 0.88888889 | U8: 0.61315789 | X8: 0.93548387 | Y8: 0.80379747 | Z8: 0.80994152 | AA8: 0.52368421 | AD8: 0.93548387 | AE8: 0.91772152 | AF8: 0.86842105 | AG8: 0.51315789 | AJ8: 0.93548387 | AK8: 0.91772152 | AL8: 0.83333333 | AM8: 0.58421053 | AP8: 0.93548387 | AQ8: 0.93037975 | AR8: 0.82163743 | AS8: 0.55263158 | AV8: 0.93548387 | AW8: 0.93670886 | AX8: 0.77777778 | AY8: 0.55526316 | BD8: 3 | BE8: =$AD$37 -> 0.9318536 | BF8: =$AE$37 -> 0.89007615 | BG8: =$AF$37 -> 0.73380829 | BH8: =$AG$37 -> 0.4927193 | BI8: =$AH$37 -> #DIV/0! | BJ8: =$AI$37 -> #DIV/0!
A9: 2 | B9: =AVERAGE(K117:K146) -> 0.93095062 | C9: =AVERAGE(L117:L146) -> 0.89785644 | D9: =AVERAGE(M117:M146) -> 0.76191738 | E9: =AVERAGE(N117:N146) -> 0.54251462 | F9: =AVERAGE(O117:O146) -> #DIV/0! | G9: =AVERAGE(P117:P146) -> #DIV/0! | J9: 4 | K9: =AVERAGE(R9,X9,AD9,AJ9,AP9,AV9) -> 0.92929293 | L9: =AVERAGE(S9,Y9,AE9,AK9,AQ9,AW9) -> 0.90104167 | M9: =AVERAGE(T9,Z9,AF9,AL9,AR9,AX9) -> 0.71345029 | N9: =AVERAGE(U9,AA9,AG9,AM9,AS9,AY9) -> 0.51754386 | O9: =AVERAGE(V9,AB9,AH9,AN9,AT9,AZ9) -> #DIV/0! | P9: =AVERAGE(W9,AC9,AI9,AO9,AU9,BA9) -> #DIV/0! | R9: 0.90909091 | S9: 0.91666667 | T9: 0.84502924 | U9: 0.51842105 | X9: 0.90909091 | Y9: 0.921875 | Z9: 0.64327485 | AA9: 0.49210526 | AD9: 0.93939394 | AE9: 0.90625 | AF9: 0.68421053 | AG9: 0.55263158 | AJ9: 0.95454545 | AK9: 0.921875 | AL9: 0.71345029 | AM9: 0.52368421 | AP9: 0.93939394 | AQ9: 0.85416667 | AR9: 0.69005848 | AS9: 0.51052632 | AV9: 0.92424242 | AW9: 0.88541667 | AX9: 0.70467836 | AY9: 0.50789474 | BD9: 4 | BE9: =$AJ$37 -> 0.926222 | BF9: =$AK$37 -> 0.89009025 | BG9: =$AL$37 -> 0.75404325 | BH9: =$AM$37 -> 0.5345614 | BI9: =$AN$37 -> #DIV/0! | BJ9: =$AO$37 -> #DIV/0!
A10: 3 | B10: =AVERAGE(K154:K183) -> 0.92966111 | C10: =AVERAGE(L154:L183) -> 0.89994732 | D10: =AVERAGE(M154:M183) -> 0.74593109 | E10: =AVERAGE(N154:N183) -> 0.53216374 | F10: =AVERAGE(O154:O183) -> #DIV/0! | G10: =AVERAGE(P154:P183) -> #DIV/0! | J10: 5 | K10: =AVERAGE(R10,X10,AD10,AJ10,AP10,AV10) -> 0.98467433 | L10: =AVERAGE(S10,Y10,AE10,AK10,AQ10,AW10) -> 0.91789819 | M10: =AVERAGE(T10,Z10,AF10,AL10,AR10,AX10) -> 0.69344414 | N10: =AVERAGE(U10,AA10,AG10,AM10,AS10,AY10) -> 0.48596491 | O10: =AVERAGE(V10,AB10,AH10,AN10,AT10,AZ10) -> #DIV/0! | P10: =AVERAGE(W10,AC10,AI10,AO10,AU10,BA10) -> #DIV/0! | R10: 1 | S10: 0.90640394 | T10: 0.68421053 | U10: 0.59473684 | X10: 0.97701149 | Y10: 0.92118227 | Z10: 0.5734072 | AA10: 0.47368421 | AD10: 0.97701149 | AE10: 0.93596059 | AF10: 0.71745152 | AG10: 0.38684211 | AJ10: 0.97701149 | AK10: 0.90147783 | AL10: 0.76177285 | AM10: 0.57631579 | AP10: 1 | AQ10: 0.93103448 | AR10: 0.68975069 | AS10: 0.46842105 | AV10: 0.97701149 | AW10: 0.91133005 | AX10: 0.73407202 | AY10: 0.41578947 | BD10: 5 | BE10: =$AP$37 -> 0.93233932 | BF10: =$AQ$37 -> 0.89544869 | BG10: =$AR$37 -> 0.74877429 | BH10: =$AS$37 -> 0.5172807 | BI10: =$AT$37 -> #DIV/0! | BJ10: =$AU$37 -> #DIV/0!
J11: 6 | K11: =AVERAGE(R11,X11,AD11,AJ11,AP11,AV11) -> 0.91575092 | L11: =AVERAGE(S11,Y11,AE11,AK11,AQ11,AW11) -> 0.80571429 | M11: =AVERAGE(T11,Z11,AF11,AL11,AR11,AX11) -> 0.71097684 | N11: =AVERAGE(U11,AA11,AG11,AM11,AS11,AY11) -> 0.50394737 | O11: =AVERAGE(V11,AB11,AH11,AN11,AT11,AZ11) -> #DIV/0! | P11: =AVERAGE(W11,AC11,AI11,AO11,AU11,BA11) -> #DIV/0! | R11: 0.91208791 | S11: 0.85142857 | T11: 0.82477341 | U11: 0.62105263 | X11: 0.91208791 | Y11: 0.85142857 | Z11: 0.6918429 | AA11: 0.26315789 | AD11: 0.91208791 | AE11: 0.84571429 | AF11: 0.77945619 | AG11: 0.54473684 | AJ11: 0.92307692 | AK11: 0.82857143 | AL11: 0.71299094 | AM11: 0.51578947 | AP11: 0.91208791 | AQ11: 0.84571429 | AR11: 0.63746224 | AS11: 0.58684211 | AV11: 0.92307692 | AW11: 0.61142857 | AX11: 0.61933535 | AY11: 0.49210526 | BD11: 6 | BE11: =$AV$37 -> 0.93247796 | BF11: =$AW$37 -> 0.88053995 | BG11: =$AX$37 -> 0.74864607 | BH11: =$AY$37 -> 0.52710526 | BI11: =$AZ$37 -> #DIV/0! | BJ11: =$BA$37 -> #DIV/0!
J12: 7 | K12: =AVERAGE(R12,X12,AD12,AJ12,AP12,AV12) -> 0.94144144 | L12: =AVERAGE(S12,Y12,AE12,AK12,AQ12,AW12) -> 0.90285714 | M12: =AVERAGE(T12,Z12,AF12,AL12,AR12,AX12) -> 0.77152989 | N12: =AVERAGE(U12,AA12,AG12,AM12,AS12,AY12) -> 0.55438596 | O12: =AVERAGE(V12,AB12,AH12,AN12,AT12,AZ12) -> #DIV/0! | P12: =AVERAGE(W12,AC12,AI12,AO12,AU12,BA12) -> #DIV/0! | R12: 0.91891892 | S12: 0.86857143 | T12: 0.77203647 | U12: 0.54473684 | X12: 0.94594595 | Y12: 0.89714286 | Z12: 0.72036474 | AA12: 0.49736842 | AD12: 0.95945946 | AE12: 0.91428571 | AF12: 0.79331307 | AG12: 0.56842105 | AJ12: 0.90540541 | AK12: 0.93714286 | AL12: 0.72948328 | AM12: 0.51315789 | AP12: 0.95945946 | AQ12: 0.93714286 | AR12: 0.80547112 | AS12: 0.60263158 | AV12: 0.95945946 | AW12: 0.86285714 | AX12: 0.80851064 | AY12: 0.6
J13: 8 | K13: =AVERAGE(R13,X13,AD13,AJ13,AP13,AV13) -> 0.85042735 | L13: =AVERAGE(S13,Y13,AE13,AK13,AQ13,AW13) -> 0.81578947 | M13: =AVERAGE(T13,Z13,AF13,AL13,AR13,AX13) -> 0.75423729 | N13: =AVERAGE(U13,AA13,AG13,AM13,AS13,AY13) -> 0.42412281 | O13: =AVERAGE(V13,AB13,AH13,AN13,AT13,AZ13) -> #DIV/0! | P13: =AVERAGE(W13,AC13,AI13,AO13,AU13,BA13) -> #DIV/0! | R13: 0.80769231 | S13: 0.80526316 | T13: 0.74576271 | U13: 0.42631579 | X13: 0.85897436 | Y13: 0.81052632 | Z13: 0.72881356 | AA13: 0.58684211 | AD13: 0.85897436 | AE13: 0.81052632 | AF13: 0.71468927 | AG13: 0.28684211 | AJ13: 0.85897436 | AK13: 0.85263158 | AL13: 0.75706215 | AM13: 0.47105263 | AP13: 0.84615385 | AQ13: 0.8 | AR13: 0.78813559 | AS13: 0.40789474 | AV13: 0.87179487 | AW13: 0.81578947 | AX13: 0.79096045 | AY13: 0.36578947 | BD13: =A7 -> 0.5 | BE13: Task 1 | BF13: Task 2 | BG13: Task 3 | BH13: Task 4 | BI13: Task 5 | BJ13: Task 6
J14: 9 | K14: =AVERAGE(R14,X14,AD14,AJ14,AP14,AV14) -> 0.97590361 | L14: =AVERAGE(S14,Y14,AE14,AK14,AQ14,AW14) -> 0.89603175 | M14: =AVERAGE(T14,Z14,AF14,AL14,AR14,AX14) -> 0.6510574 | N14: =AVERAGE(U14,AA14,AG14,AM14,AS14,AY14) -> 0.45087719 | O14: =AVERAGE(V14,AB14,AH14,AN14,AT14,AZ14) -> #DIV/0! | P14: =AVERAGE(W14,AC14,AI14,AO14,AU14,BA14) -> #DIV/0! | R14: 0.97590361 | S14: 0.85238095 | T14: 0.54682779 | U14: 0.42631579 | X14: 0.97590361 | Y14: 0.88571429 | Z14: 0.69486405 | AA14: 0.41052632 | AD14: 0.97590361 | AE14: 0.90952381 | AF14: 0.60120846 | AG14: 0.45 | AJ14: 0.97590361 | AK14: 0.93333333 | AL14: 0.73716012 | AM14: 0.44736842 | AP14: 0.97590361 | AQ14: 0.93809524 | AR14: 0.6978852 | AS14: 0.48421053 | AV14: 0.97590361 | AW14: 0.85714286 | AX14: 0.62839879 | AY14: 0.48684211 | BD14: 1 | BE14: =$R$74 -> 0.93690667 | BF14: =$S$74 -> 0.89818781 | BG14: =$T$74 -> 0.78054411 | BH14: =$U$74 -> 0.56692982 | BI14: =$V$74 -> #DIV/0! | BJ14: =$W$74 -> #DIV/0!
J15: 10 | K15: =AVERAGE(R15,X15,AD15,AJ15,AP15,AV15) -> 0.92708333 | L15: =AVERAGE(S15,Y15,AE15,AK15,AQ15,AW15) -> 0.87447257 | M15: =AVERAGE(T15,Z15,AF15,AL15,AR15,AX15) -> 0.81421569 | N15: =AVERAGE(U15,AA15,AG15,AM15,AS15,AY15) -> 0.48596491 | O15: =AVERAGE(V15,AB15,AH15,AN15,AT15,AZ15) -> #DIV/0! | P15: =AVERAGE(W15,AC15,AI15,AO15,AU15,BA15) -> #DIV/0! | R15: 0.921875 | S15: 0.91139241 | T15: 0.83529412 | U15: 0.45789474 | X15: 0.9375 | Y15: 0.82278481 | Z15: 0.72941176 | AA15: 0.46578947 | AD15: 0.921875 | AE15: 0.88607595 | AF15: 0.83235294 | AG15: 0.56315789 | AJ15: 0.921875 | AK15: 0.86075949 | AL15: 0.81176471 | AM15: 0.52894737 | AP15: 0.921875 | AQ15: 0.89240506 | AR15: 0.83235294 | AS15: 0.45789474 | AV15: 0.9375 | AW15: 0.87341772 | AX15: 0.84411765 | AY15: 0.44210526 | BD15: 2 | BE15: =$X$74 -> 0.92831892 | BF15: =$Y$74 -> 0.8945126 | BG15: =$Z$74 -> 0.74050371 | BH15: =$AA$74 -> 0.48982456 | BI15: =$AB$74 -> #DIV/0! | BJ15: =$AC$74 -> #DIV/0!
J16: 11 | K16: =AVERAGE(R16,X16,AD16,AJ16,AP16,AV16) -> 0.86363636 | L16: =AVERAGE(S16,Y16,AE16,AK16,AQ16,AW16) -> 0.87914692 | M16: =AVERAGE(T16,Z16,AF16,AL16,AR16,AX16) -> 0.71023303 | N16: =AVERAGE(U16,AA16,AG16,AM16,AS16,AY16) -> 0.575 | O16: =AVERAGE(V16,AB16,AH16,AN16,AT16,AZ16) -> #DIV/0! | P16: =AVERAGE(W16,AC16,AI16,AO16,AU16,BA16) -> #DIV/0! | R16: 0.87012987 | S16: 0.84834123 | T16: 0.72036474 | U16: 0.62894737 | X16: 0.88311688 | Y16: 0.90521327 | Z16: 0.75683891 | AA16: 0.55 | AD16: 0.85714286 | AE16: 0.86729858 | AF16: 0.7112462 | AG16: 0.55263158 | AJ16: 0.85714286 | AK16: 0.87677725 | AL16: 0.70516717 | AM16: 0.62894737 | AP16: 0.87012987 | AQ16: 0.89099526 | AR16: 0.67781155 | AS16: 0.52631579 | AV16: 0.84415584 | AW16: 0.88625592 | AX16: 0.6899696 | AY16: 0.56315789 | BD16: 3 | BE16: =$AD$74 -> 0.92955781 | BF16: =$AE$74 -> 0.88877981 | BG16: =$AF$74 -> 0.73521342 | BH16: =$AG$74 -> 0.50368421 | BI16: =$AH$74 -> #DIV/0! | BJ16: =$AI$74 -> #DIV/0!
J17: 12 | K17: =AVERAGE(R17,X17,AD17,AJ17,AP17,AV17) -> 0.90935673 | L17: =AVERAGE(S17,Y17,AE17,AK17,AQ17,AW17) -> 0.84730539 | M17: =AVERAGE(T17,Z17,AF17,AL17,AR17,AX17) -> 0.80192503 | N17: =AVERAGE(U17,AA17,AG17,AM17,AS17,AY17) -> 0.64035088 | O17: =AVERAGE(V17,AB17,AH17,AN17,AT17,AZ17) -> #DIV/0! | P17: =AVERAGE(W17,AC17,AI17,AO17,AU17,BA17) -> #DIV/0! | R17: 0.9122807 | S17: 0.88622754 | T17: 0.88145897 | U17: 0.77894737 | X17: 0.89473684 | Y17: 0.77245509 | Z17: 0.78723404 | AA17: 0.37368421 | AD17: 0.89473684 | AE17: 0.86227545 | AF17: 0.78723404 | AG17: 0.57894737 | AJ17: 0.92982456 | AK17: 0.84431138 | AL17: 0.73556231 | AM17: 0.65789474 | AP17: 0.92982456 | AQ17: 0.83832335 | AR17: 0.79027356 | AS17: 0.68157895 | AV17: 0.89473684 | AW17: 0.88023952 | AX17: 0.82978723 | AY17: 0.77105263 | BD17: 4 | BE17: =$AJ$74 -> 0.92660883 | BF17: =$AK$74 -> 0.89711341 | BG17: =$AL$74 -> 0.75339504 | BH17: =$AM$74 -> 0.53578947 | BI17: =$AN$74 -> #DIV/0! | BJ17: =$AO$74 -> #DIV/0!
J18: 13 | K18: =AVERAGE(R18,X18,AD18,AJ18,AP18,AV18) -> 0.82905983 | L18: =AVERAGE(S18,Y18,AE18,AK18,AQ18,AW18) -> 0.77916667 | M18: =AVERAGE(T18,Z18,AF18,AL18,AR18,AX18) -> 0.75771144 | N18: =AVERAGE(U18,AA18,AG18,AM18,AS18,AY18) -> 0.49868421 | O18: =AVERAGE(V18,AB18,AH18,AN18,AT18,AZ18) -> #DIV/0! | P18: =AVERAGE(W18,AC18,AI18,AO18,AU18,BA18) -> #DIV/0! | R18: 0.82051282 | S18: 0.74375 | T18: 0.69850746 | U18: 0.47368421 | X18: 0.83333333 | Y18: 0.825 | Z18: 0.73134328 | AA18: 0.47105263 | AD18: 0.83333333 | AE18: 0.80625 | AF18: 0.71044776 | AG18: 0.27105263 | AJ18: 0.82051282 | AK18: 0.78125 | AL18: 0.8 | AM18: 0.62894737 | AP18: 0.82051282 | AQ18: 0.83125 | AR18: 0.7761194 | AS18: 0.52894737 | AV18: 0.84615385 | AW18: 0.6875 | AX18: 0.82985075 | AY18: 0.61842105 | BD18: 5 | BE18: =$AP$74 -> 0.92962833 | BF18: =$AQ$74 -> 0.89577257 | BG18: =$AR$74 -> 0.78803164 | BH18: =$AS$74 -> 0.55824561 | BI18: =$AT$74 -> #DIV/0! | BJ18: =$AU$74 -> #DIV/0!
J19: 14 | K19: =AVERAGE(R19,X19,AD19,AJ19,AP19,AV19) -> 0.95692884 | L19: =AVERAGE(S19,Y19,AE19,AK19,AQ19,AW19) -> 0.95153061 | M19: =AVERAGE(T19,Z19,AF19,AL19,AR19,AX19) -> 0.72776149 | N19: =AVERAGE(U19,AA19,AG19,AM19,AS19,AY19) -> 0.45526316 | O19: =AVERAGE(V19,AB19,AH19,AN19,AT19,AZ19) -> #DIV/0! | P19: =AVERAGE(W19,AC19,AI19,AO19,AU19,BA19) -> #DIV/0! | R19: 0.93258427 | S19: 0.95918367 | T19: 0.6686217 | U19: 0.40526316 | X19: 0.95505618 | Y19: 0.94897959 | Z19: 0.68621701 | AA19: 0.35263158 | AD19: 0.97752809 | AE19: 0.94897959 | AF19: 0.73607038 | AG19: 0.38157895 | AJ19: 0.94382022 | AK19: 0.96938776 | AL19: 0.70967742 | AM19: 0.47368421 | AP19: 0.97752809 | AQ19: 0.96428571 | AR19: 0.80351906 | AS19: 0.51842105 | AV19: 0.95505618 | AW19: 0.91836735 | AX19: 0.76246334 | AY19: 0.6 | BD19: 6 | BE19: =$AV$74 -> 0.92340082 | BF19: =$AW$74 -> 0.89217973 | BG19: =$AX$74 -> 0.74411106 | BH19: =$AY$74 -> 0.53684211 | BI19: =$AZ$74 -> #DIV/0! | BJ19: =$BA$74 -> #DIV/0!
J20: 15 | K20: =AVERAGE(R20,X20,AD20,AJ20,AP20,AV20) -> 0.99833333 | L20: =AVERAGE(S20,Y20,AE20,AK20,AQ20,AW20) -> 0.95484401 | M20: =AVERAGE(T20,Z20,AF20,AL20,AR20,AX20) -> 0.73196881 | N20: =AVERAGE(U20,AA20,AG20,AM20,AS20,AY20) -> 0.53684211 | O20: =AVERAGE(V20,AB20,AH20,AN20,AT20,AZ20) -> #DIV/0! | P20: =AVERAGE(W20,AC20,AI20,AO20,AU20,BA20) -> #DIV/0! | R20: 1 | S20: 0.97044335 | T20: 0.78362573 | U20: 0.56578947 | X20: 1 | Y20: 0.96059113 | Z20: 0.67836257 | AA20: 0.45789474 | AD20: 1 | AE20: 0.94581281 | AF20: 0.6754386 | AG20: 0.55526316 | AJ20: 0.99 | AK20: 0.9408867 | AL20: 0.66374269 | AM20: 0.57105263 | AP20: 1 | AQ20: 0.94581281 | AR20: 0.80409357 | AS20: 0.57105263 | AV20: 1 | AW20: 0.96551724 | AX20: 0.78654971 | AY20: 0.5
J21: 16 | K21: =AVERAGE(R21,X21,AD21,AJ21,AP21,AV21) -> 0.9781746 | L21: =AVERAGE(S21,Y21,AE21,AK21,AQ21,AW21) -> 0.95301418 | M21: =AVERAGE(T21,Z21,AF21,AL21,AR21,AX21) -> 0.69980507 | N21: =AVERAGE(U21,AA21,AG21,AM21,AS21,AY21) -> 0.57324561 | O21: =AVERAGE(V21,AB21,AH21,AN21,AT21,AZ21) -> #DIV/0! | P21: =AVERAGE(W21,AC21,AI21,AO21,AU21,BA21) -> #DIV/0! | R21: 0.97619048 | S21: 0.96276596 | T21: 0.71637427 | U21: 0.59473684 | X21: 0.98809524 | Y21: 0.95212766 | Z21: 0.67251462 | AA21: 0.46052632 | AD21: 0.98809524 | AE21: 0.96276596 | AF21: 0.67836257 | AG21: 0.63421053 | AJ21: 0.98809524 | AK21: 0.94680851 | AL21: 0.6871345 | AM21: 0.58421053 | AP21: 0.95238095 | AQ21: 0.93617021 | AR21: 0.70760234 | AS21: 0.54210526 | AV21: 0.97619048 | AW21: 0.95744681 | AX21: 0.73684211 | AY21: 0.62368421 | BD21: =A8 -> 1 | BE21: Task 1 | BF21: Task 2 | BG21: Task 3 | BH21: Task 4 | BI21: Task 5 | BJ21: Task 6
J22: 17 | K22: =AVERAGE(R22,X22,AD22,AJ22,AP22,AV22) -> 0.97420635 | L22: =AVERAGE(S22,Y22,AE22,AK22,AQ22,AW22) -> 0.93726592 | M22: =AVERAGE(T22,Z22,AF22,AL22,AR22,AX22) -> 0.81661601 | N22: =AVERAGE(U22,AA22,AG22,AM22,AS22,AY22) -> 0.52719298 | O22: =AVERAGE(V22,AB22,AH22,AN22,AT22,AZ22) -> #DIV/0! | P22: =AVERAGE(W22,AC22,AI22,AO22,AU22,BA22) -> #DIV/0! | R22: 0.96428571 | S22: 0.92696629 | T22: 0.79635258 | U22: 0.58421053 | X22: 0.97619048 | Y22: 0.92696629 | Z22: 0.75075988 | AA22: 0.48157895 | AD22: 0.98809524 | AE22: 0.94382022 | AF22: 0.86930091 | AG22: 0.56315789 | AJ22: 0.96428571 | AK22: 0.93258427 | AL22: 0.83586626 | AM22: 0.59736842 | AP22: 0.98809524 | AQ22: 0.95505618 | AR22: 0.86322188 | AS22: 0.47631579 | AV22: 0.96428571 | AW22: 0.93820225 | AX22: 0.78419453 | AY22: 0.46052632 | BD22: 1 | BE22: =$R$111 -> 0.92762104 | BF22: =$S$111 -> 0.90417098 | BG22: =$T$111 -> 0.78335655 | BH22: =$U$111 -> 0.56587719 | BI22: =$V$111 -> #DIV/0! | BJ22: =$W$111 -> #DIV/0!
J23: 18 | K23: =AVERAGE(R23,X23,AD23,AJ23,AP23,AV23) -> 0.90804598 | L23: =AVERAGE(S23,Y23,AE23,AK23,AQ23,AW23) -> 0.88535645 | M23: =AVERAGE(T23,Z23,AF23,AL23,AR23,AX23) -> 0.75920543 | N23: =AVERAGE(U23,AA23,AG23,AM23,AS23,AY23) -> 0.49868421 | O23: =AVERAGE(V23,AB23,AH23,AN23,AT23,AZ23) -> #DIV/0! | P23: =AVERAGE(W23,AC23,AI23,AO23,AU23,BA23) -> #DIV/0! | R23: 0.86206897 | S23: 0.89017341 | T23: 0.76744186 | U23: 0.51052632 | X23: 0.89655172 | Y23: 0.9132948 | Z23: 0.78488372 | AA23: 0.47368421 | AD23: 0.9137931 | AE23: 0.80924855 | AF23: 0.76162791 | AG23: 0.45526316 | AJ23: 0.94827586 | AK23: 0.89017341 | AL23: 0.75581395 | AM23: 0.46315789 | AP23: 0.93103448 | AQ23: 0.9132948 | AR23: 0.69476744 | AS23: 0.53421053 | AV23: 0.89655172 | AW23: 0.89595376 | AX23: 0.79069767 | AY23: 0.55526316 | BD23: 2 | BE23: =$X$111 -> 0.92647515 | BF23: =$Y$111 -> 0.89986882 | BG23: =$Z$111 -> 0.77953843 | BH23: =$AA$111 -> 0.56798246 | BI23: =$AB$111 -> #DIV/0! | BJ23: =$AC$111 -> #DIV/0!
J24: 19 | K24: =AVERAGE(R24,X24,AD24,AJ24,AP24,AV24) -> 0.9547619 | L24: =AVERAGE(S24,Y24,AE24,AK24,AQ24,AW24) -> 0.88953488 | M24: =AVERAGE(T24,Z24,AF24,AL24,AR24,AX24) -> 0.75276939 | N24: =AVERAGE(U24,AA24,AG24,AM24,AS24,AY24) -> 0.5122807 | O24: =AVERAGE(V24,AB24,AH24,AN24,AT24,AZ24) -> #DIV/0! | P24: =AVERAGE(W24,AC24,AI24,AO24,AU24,BA24) -> #DIV/0! | R24: 0.95714286 | S24: 0.90116279 | T24: 0.70392749 | U24: 0.63684211 | X24: 0.95714286 | Y24: 0.89534884 | Z24: 0.7734139 | AA24: 0.16052632 | AD24: 0.95714286 | AE24: 0.89534884 | AF24: 0.74018127 | AG24: 0.51578947 | AJ24: 0.94285714 | AK24: 0.88372093 | AL24: 0.67371601 | AM24: 0.61842105 | AP24: 0.95714286 | AQ24: 0.84883721 | AR24: 0.80664653 | AS24: 0.56842105 | AV24: 0.95714286 | AW24: 0.9127907 | AX24: 0.81873112 | AY24: 0.57368421 | BD24: 3 | BE24: =$AD$111 -> 0.93410574 | BF24: =$AE$111 -> 0.90121052 | BG24: =$AF$111 -> 0.78034651 | BH24: =$AG$111 -> 0.59052632 | BI24: =$AH$111 -> #DIV/0! | BJ24: =$AI$111 -> #DIV/0!
J25: 20 | K25: =AVERAGE(R25,X25,AD25,AJ25,AP25,AV25) -> 0.94545455 | L25: =AVERAGE(S25,Y25,AE25,AK25,AQ25,AW25) -> 0.90123457 | M25: =AVERAGE(T25,Z25,AF25,AL25,AR25,AX25) -> 0.7372549 | N25: =AVERAGE(U25,AA25,AG25,AM25,AS25,AY25) -> 0.55263158 | O25: =AVERAGE(V25,AB25,AH25,AN25,AT25,AZ25) -> #DIV/0! | P25: =AVERAGE(W25,AC25,AI25,AO25,AU25,BA25) -> #DIV/0! | R25: 0.94545455 | S25: 0.91005291 | T25: 0.73235294 | U25: 0.48421053 | X25: 0.94545455 | Y25: 0.92063492 | Z25: 0.67647059 | AA25: 0.50526316 | AD25: 0.94545455 | AE25: 0.88888889 | AF25: 0.68823529 | AG25: 0.48421053 | AJ25: 0.92727273 | AK25: 0.87301587 | AL25: 0.81176471 | AM25: 0.63947368 | AP25: 0.96363636 | AQ25: 0.93650794 | AR25: 0.72352941 | AS25: 0.66842105 | AV25: 0.94545455 | AW25: 0.87830688 | AX25: 0.79117647 | AY25: 0.53421053 | BD25: 4 | BE25: =$AJ$111 -> 0.93285618 | BF25: =$AK$111 -> 0.90524195 | BG25: =$AL$111 -> 0.79171687 | BH25: =$AM$111 -> 0.57912281 | BI25: =$AN$111 -> #DIV/0! | BJ25: =$AO$111 -> #DIV/0!
J26: 21 | K26: =AVERAGE(R26,X26,AD26,AJ26,AP26,AV26) -> 0.93939394 | L26: =AVERAGE(S26,Y26,AE26,AK26,AQ26,AW26) -> 0.88039216 | M26: =AVERAGE(T26,Z26,AF26,AL26,AR26,AX26) -> 0.83685801 | N26: =AVERAGE(U26,AA26,AG26,AM26,AS26,AY26) -> 0.55263158 | O26: =AVERAGE(V26,AB26,AH26,AN26,AT26,AZ26) -> #DIV/0! | P26: =AVERAGE(W26,AC26,AI26,AO26,AU26,BA26) -> #DIV/0! | R26: 0.92727273 | S26: 0.86470588 | T26: 0.82477341 | U26: 0.65263158 | X26: 0.94545455 | Y26: 0.88235294 | Z26: 0.86404834 | AA26: 0.47631579 | AD26: 0.92727273 | AE26: 0.88823529 | AF26: 0.83987915 | AG26: 0.68157895 | AJ26: 0.94545455 | AK26: 0.87647059 | AL26: 0.83081571 | AM26: 0.48157895 | AP26: 0.94545455 | AQ26: 0.86470588 | AR26: 0.81570997 | AS26: 0.50526316 | AV26: 0.94545455 | AW26: 0.90588235 | AX26: 0.84592145 | AY26: 0.51842105 | BD26: 5 | BE26: =$AP$111 -> 0.93142051 | BF26: =$AQ$111 -> 0.89748278 | BG26: =$AR$111 -> 0.78334466 | BH26: =$AS$111 -> 0.58280702 | BI26: =$AT$111 -> #DIV/0! | BJ26: =$AU$111 -> #DIV/0!
J27: 22 | K27: =AVERAGE(R27,X27,AD27,AJ27,AP27,AV27) -> 0.94444444 | L27: =AVERAGE(S27,Y27,AE27,AK27,AQ27,AW27) -> 0.9007286 | M27: =AVERAGE(T27,Z27,AF27,AL27,AR27,AX27) -> 0.71580547 | N27: =AVERAGE(U27,AA27,AG27,AM27,AS27,AY27) -> 0.54473684 | O27: =AVERAGE(V27,AB27,AH27,AN27,AT27,AZ27) -> #DIV/0! | P27: =AVERAGE(W27,AC27,AI27,AO27,AU27,BA27) -> #DIV/0! | R27: 0.92 | S27: 0.93442623 | T27: 0.68085106 | U27: 0.51315789 | X27: 0.93333333 | Y27: 0.89617486 | Z27: 0.68693009 | AA27: 0.55526316 | AD27: 0.97333333 | AE27: 0.86338798 | AF27: 0.69908815 | AG27: 0.52894737 | AJ27: 0.93333333 | AK27: 0.87978142 | AL27: 0.8449848 | AM27: 0.54210526 | AP27: 0.96 | AQ27: 0.92349727 | AR27: 0.62917933 | AS27: 0.51315789 | AV27: 0.94666667 | AW27: 0.90710383 | AX27: 0.75379939 | AY27: 0.61578947 | BD27: 6 | BE27: =$AV$111 -> 0.92967325 | BF27: =$AW$111 -> 0.90372136 | BG27: =$AX$111 -> 0.74780696 | BH27: =$AY$111 -> 0.5472807 | BI27: =$AZ$111 -> #DIV/0! | BJ27: =$BA$111 -> #DIV/0!
J28: 23 | K28: =AVERAGE(R28,X28,AD28,AJ28,AP28,AV28) -> 0.93111111 | L28: =AVERAGE(S28,Y28,AE28,AK28,AQ28,AW28) -> 0.93257576 | M28: =AVERAGE(T28,Z28,AF28,AL28,AR28,AX28) -> 0.675 | N28: =AVERAGE(U28,AA28,AG28,AM28,AS28,AY28) -> 0.4254386 | O28: =AVERAGE(V28,AB28,AH28,AN28,AT28,AZ28) -> #DIV/0! | P28: =AVERAGE(W28,AC28,AI28,AO28,AU28,BA28) -> #DIV/0! | R28: 0.92 | S28: 0.95 | T28: 0.67941176 | U28: 0.46578947 | X28: 0.93333333 | Y28: 0.9 | Z28: 0.76470588 | AA28: 0.54736842 | AD28: 0.93333333 | AE28: 0.94545455 | AF28: 0.64117647 | AG28: 0.42105263 | AJ28: 0.92 | AK28: 0.94090909 | AL28: 0.7 | AM28: 0.39736842 | AP28: 0.93333333 | AQ28: 0.92727273 | AR28: 0.61470588 | AS28: 0.3 | AV28: 0.94666667 | AW28: 0.93181818 | AX28: 0.65 | AY28: 0.42105263
J29: 24 | K29: =AVERAGE(R29,X29,AD29,AJ29,AP29,AV29) -> 0.84401709 | L29: =AVERAGE(S29,Y29,AE29,AK29,AQ29,AW29) -> 0.84450172 | M29: =AVERAGE(T29,Z29,AF29,AL29,AR29,AX29) -> 0.67321249 | N29: =AVERAGE(U29,AA29,AG29,AM29,AS29,AY29) -> 0.50175439 | O29: =AVERAGE(V29,AB29,AH29,AN29,AT29,AZ29) -> #DIV/0! | P29: =AVERAGE(W29,AC29,AI29,AO29,AU29,BA29) -> #DIV/0! | R29: 0.84615385 | S29: 0.83505155 | T29: 0.64652568 | U29: 0.49736842 | X29: 0.85897436 | Y29: 0.80412371 | Z29: 0.61329305 | AA29: 0.46842105 | AD29: 0.82051282 | AE29: 0.86082474 | AF29: 0.67673716 | AG29: 0.51052632 | AJ29: 0.85897436 | AK29: 0.86082474 | AL29: 0.71601208 | AM29: 0.47894737 | AP29: 0.83333333 | AQ29: 0.87628866 | AR29: 0.6978852 | AS29: 0.53421053 | AV29: 0.84615385 | AW29: 0.82989691 | AX29: 0.68882175 | AY29: 0.52105263 | BD29: =A9 -> 2 | BE29: Task 1 | BF29: Task 2 | BG29: Task 3 | BH29: Task 4 | BI29: Task 5 | BJ29: Task 6
J30: 25 | K30: =AVERAGE(R30,X30,AD30,AJ30,AP30,AV30) -> 0.94805195 | L30: =AVERAGE(S30,Y30,AE30,AK30,AQ30,AW30) -> 0.86302682 | M30: =AVERAGE(T30,Z30,AF30,AL30,AR30,AX30) -> 0.71603128 | N30: =AVERAGE(U30,AA30,AG30,AM30,AS30,AY30) -> 0.57149123 | O30: =AVERAGE(V30,AB30,AH30,AN30,AT30,AZ30) -> #DIV/0! | P30: =AVERAGE(W30,AC30,AI30,AO30,AU30,BA30) -> #DIV/0! | R30: 0.94805195 | S30: 0.85057471 | T30: 0.78005865 | U30: 0.63421053 | X30: 0.94805195 | Y30: 0.87356322 | Z30: 0.60703812 | AA30: 0.54210526 | AD30: 0.94805195 | AE30: 0.87356322 | AF30: 0.64809384 | AG30: 0.58947368 | AJ30: 0.94805195 | AK30: 0.84482759 | AL30: 0.71260997 | AM30: 0.60526316 | AP30: 0.94805195 | AQ30: 0.87931034 | AR30: 0.82111437 | AS30: 0.56578947 | AV30: 0.94805195 | AW30: 0.85632184 | AX30: 0.72727273 | AY30: 0.49210526 | BD30: 1 | BE30: =$R$148 -> 0.92743931 | BF30: =$S$148 -> 0.90194633 | BG30: =$T$148 -> 0.7816681 | BH30: =$U$148 -> 0.57184211 | BI30: =$V$148 -> #DIV/0! | BJ30: =$W$148 -> #DIV/0!
J31: 26 | K31: =AVERAGE(R31,X31,AD31,AJ31,AP31,AV31) -> 0.95175439 | L31: =AVERAGE(S31,Y31,AE31,AK31,AQ31,AW31) -> 0.93333333 | M31: =AVERAGE(T31,Z31,AF31,AL31,AR31,AX31) -> 0.75376648 | N31: =AVERAGE(U31,AA31,AG31,AM31,AS31,AY31) -> 0.48464912 | O31: =AVERAGE(V31,AB31,AH31,AN31,AT31,AZ31) -> #DIV/0! | P31: =AVERAGE(W31,AC31,AI31,AO31,AU31,BA31) -> #DIV/0! | R31: 0.97368421 | S31: 0.915 | T31: 0.77966102 | U31: 0.50526316 | X31: 0.97368421 | Y31: 0.94 | Z31: 0.77118644 | AA31: 0.32368421 | AD31: 0.94736842 | AE31: 0.93 | AF31: 0.79096045 | AG31: 0.52631579 | AJ31: 0.93421053 | AK31: 0.945 | AL31: 0.78813559 | AM31: 0.47894737 | AP31: 0.94736842 | AQ31: 0.94 | AR31: 0.69491525 | AS31: 0.47368421 | AV31: 0.93421053 | AW31: 0.93 | AX31: 0.69774011 | AY31: 0.6 | BD31: 2 | BE31: =$X$148 -> 0.93513971 | BF31: =$Y$148 -> 0.89994451 | BG31: =$Z$148 -> 0.74890986 | BH31: =$AA$148 -> 0.47149123 | BI31: =$AB$148 -> #DIV/0! | BJ31: =$AC$148 -> #DIV/0!
J32: 27 | K32: =AVERAGE(R32,X32,AD32,AJ32,AP32,AV32) -> 0.93229167 | L32: =AVERAGE(S32,Y32,AE32,AK32,AQ32,AW32) -> 0.87572254 | M32: =AVERAGE(T32,Z32,AF32,AL32,AR32,AX32) -> 0.73333333 | N32: =AVERAGE(U32,AA32,AG32,AM32,AS32,AY32) -> 0.47763158 | O32: =AVERAGE(V32,AB32,AH32,AN32,AT32,AZ32) -> #DIV/0! | P32: =AVERAGE(W32,AC32,AI32,AO32,AU32,BA32) -> #DIV/0! | R32: 0.9375 | S32: 0.84393064 | T32: 0.72941176 | U32: 0.41315789 | X32: 0.9375 | Y32: 0.89017341 | Z32: 0.68529412 | AA32: 0.52368421 | AD32: 0.921875 | AE32: 0.87861272 | AF32: 0.75294118 | AG32: 0.45526316 | AJ32: 0.921875 | AK32: 0.88439306 | AL32: 0.75 | AM32: 0.47368421 | AP32: 0.9375 | AQ32: 0.87861272 | AR32: 0.78529412 | AS32: 0.50263158 | AV32: 0.9375 | AW32: 0.87861272 | AX32: 0.69705882 | AY32: 0.49736842 | BD32: 3 | BE32: =$AD$148 -> 0.93226147 | BF32: =$AE$148 -> 0.89777173 | BG32: =$AF$148 -> 0.76195503 | BH32: =$AG$148 -> 0.56412281 | BI32: =$AH$148 -> #DIV/0! | BJ32: =$AI$148 -> #DIV/0!
J33: 28 | K33: =AVERAGE(R33,X33,AD33,AJ33,AP33,AV33) -> 0.93846154 | L33: =AVERAGE(S33,Y33,AE33,AK33,AQ33,AW33) -> 0.90364583 | M33: =AVERAGE(T33,Z33,AF33,AL33,AR33,AX33) -> 0.78298087 | N33: =AVERAGE(U33,AA33,AG33,AM33,AS33,AY33) -> 0.52719298 | O33: =AVERAGE(V33,AB33,AH33,AN33,AT33,AZ33) -> #DIV/0! | P33: =AVERAGE(W33,AC33,AI33,AO33,AU33,BA33) -> #DIV/0! | R33: 0.93846154 | S33: 0.890625 | T33: 0.82779456 | U33: 0.49210526 | X33: 0.93846154 | Y33: 0.90104167 | Z33: 0.73716012 | AA33: 0.52631579 | AD33: 0.93846154 | AE33: 0.90625 | AF33: 0.68277946 | AG33: 0.52894737 | AJ33: 0.93846154 | AK33: 0.91145833 | AL33: 0.8429003 | AM33: 0.59736842 | AP33: 0.93846154 | AQ33: 0.89583333 | AR33: 0.8489426 | AS33: 0.53421053 | AV33: 0.93846154 | AW33: 0.91666667 | AX33: 0.75830816 | AY33: 0.48421053 | BD33: 4 | BE33: =$AJ$148 -> 0.93155811 | BF33: =$AK$148 -> 0.88742356 | BG33: =$AL$148 -> 0.75412245 | BH33: =$AM$148 -> 0.51429825 | BI33: =$AN$148 -> #DIV/0! | BJ33: =$AO$148 -> #DIV/0!
J34: 29 | K34: =AVERAGE(R34,X34,AD34,AJ34,AP34,AV34) -> 0.91851852 | L34: =AVERAGE(S34,Y34,AE34,AK34,AQ34,AW34) -> 0.84863946 | M34: =AVERAGE(T34,Z34,AF34,AL34,AR34,AX34) -> 0.68120155 | N34: =AVERAGE(U34,AA34,AG34,AM34,AS34,AY34) -> 0.45570175 | O34: =AVERAGE(V34,AB34,AH34,AN34,AT34,AZ34) -> #DIV/0! | P34: =AVERAGE(W34,AC34,AI34,AO34,AU34,BA34) -> #DIV/0! | R34: 0.9 | S34: 0.82653061 | T34: 0.68604651 | U34: 0.58421053 | X34: 0.94444444 | Y34: 0.85714286 | Z34: 0.65406977 | AA34: 0.36315789 | AD34: 0.93333333 | AE34: 0.84183673 | AF34: 0.66569767 | AG34: 0.28157895 | AJ34: 0.9 | AK34: 0.85714286 | AL34: 0.71802326 | AM34: 0.45526316 | AP34: 0.88888889 | AQ34: 0.87244898 | AR34: 0.6627907 | AS34: 0.47368421 | AV34: 0.94444444 | AW34: 0.83673469 | AX34: 0.7005814 | AY34: 0.57631579 | BD34: 5 | BE34: =$AP$148 -> 0.92947027 | BF34: =$AQ$148 -> 0.89725915 | BG34: =$AR$148 -> 0.77259112 | BH34: =$AS$148 -> 0.57710526 | BI34: =$AT$148 -> #DIV/0! | BJ34: =$AU$148 -> #DIV/0!
J35: 30 | K35: =AVERAGE(R35,X35,AD35,AJ35,AP35,AV35) -> 0.97188755 | L35: =AVERAGE(S35,Y35,AE35,AK35,AQ35,AW35) -> 0.92380952 | M35: =AVERAGE(T35,Z35,AF35,AL35,AR35,AX35) -> 0.75098039 | N35: =AVERAGE(U35,AA35,AG35,AM35,AS35,AY35) -> 0.51973684 | O35: =AVERAGE(V35,AB35,AH35,AN35,AT35,AZ35) -> #DIV/0! | P35: =AVERAGE(W35,AC35,AI35,AO35,AU35,BA35) -> #DIV/0! | R35: 0.97590361 | S35: 0.95428571 | T35: 0.71470588 | U35: 0.60526316 | X35: 0.97590361 | Y35: 0.87428571 | Z35: 0.72941176 | AA35: 0.53421053 | AD35: 0.96385542 | AE35: 0.93142857 | AF35: 0.75588235 | AG35: 0.57368421 | AJ35: 0.97590361 | AK35: 0.94285714 | AL35: 0.71764706 | AM35: 0.42631579 | AP35: 0.97590361 | AQ35: 0.87428571 | AR35: 0.85 | AS35: 0.44210526 | AV35: 0.96385542 | AW35: 0.96571429 | AX35: 0.73823529 | AY35: 0.53684211 | BD35: 6 | BE35: =$AV$148 -> 0.92983487 | BF35: =$AW$148 -> 0.90279334 | BG35: =$AX$148 -> 0.75225773 | BH35: =$AY$148 -> 0.55622807 | BI35: =$AZ$148 -> #DIV/0! | BJ35: =$BA$148 -> #DIV/0!
K37: =AVERAGE(K6:K35) -> 0.92971863 | L37: =AVERAGE(L6:L35) -> 0.88805193 | M37: =AVERAGE(M6:M35) -> 0.74197054 | N37: =AVERAGE(N6:N35) -> 0.51333333 | O37: =AVERAGE(O6:O35) -> #DIV/0! | P37: =AVERAGE(P6:P35) -> #DIV/0! | R37: =AVERAGE(R6:R35) -> 0.92454943 | S37: =AVERAGE(S6:S35) -> 0.88894681 | T37: =AVERAGE(T6:T35) -> 0.74978147 | U37: =AVERAGE(U6:U35) -> 0.54350877 | V37: =AVERAGE(V6:V35) -> #DIV/0! | W37: =AVERAGE(W6:W35) -> #DIV/0! | X37: =AVERAGE(X6:X35) -> 0.93086948 | Y37: =AVERAGE(Y6:Y35) -> 0.88320975 | ... BA37: =AVERAGE(BA6:BA35) -> #DIV/0! | BD37: =A10 -> 3 | BE37: Task 1 | BF37: Task 2 | BG37: Task 3 | BH37: Task 4 | BI37: Task 5 | BJ37: Task 6
BD38: 1 | BE38: =$R$185 -> 0.93093848 | BF38: =$S$185 -> 0.89797943 | BG38: =$T$185 -> 0.77132459 | BH38: =$U$185 -> 0.57052632 | BI38: =$V$185 -> #DIV/0! | BJ38: =$W$185 -> #DIV/0!
BD39: 2 | BE39: =$X$185 -> 0.93072441 | BF39: =$Y$185 -> 0.90282819 | BG39: =$Z$185 -> 0.69555404 | BH39: =$AA$185 -> 0.45657895 | BI39: =$AB$185 -> #DIV/0! | BJ39: =$AC$185 -> #DIV/0!
K40: k=0.5 | BD40: 3 | BE40: =$AD$185 -> 0.93239948 | BF40: =$AE$185 -> 0.90371685 | BG40: =$AF$185 -> 0.7617772 | BH40: =$AG$185 -> 0.57008772 | BI40: =$AH$185 -> #DIV/0! | BJ40: =$AI$185 -> #DIV/0!
S41: 1 | Y41: 2 | AE41: 3 | AK41: 4 | AQ41: 5 | AW41: 6 | BD41: 4 | BE41: =$AJ$185 -> 0.92280435 | BF41: =$AK$185 -> 0.89863423 | BG41: =$AL$185 -> 0.74778645 | BH41: =$AM$185 -> 0.52052632 | BI41: =$AN$185 -> #DIV/0! | BJ41: =$AO$185 -> #DIV/0!
J42: ID | K42: Task 1 | L42: Task 2 | M42: Task 3 | N42: Task 4 | O42: Task 5 | P42: Task 6 | R42: Task 1 | S42: Task 2 | T42: Task 3 | U42: Task 4 | V42: Task 5 | W42: Task 6 | X42: Task 1 | Y42: Task 2 | Z42: Task 3 | AA42: Task 4 | AB42: Task 5 | AC42: Task 6 | AD42: Task 1 | AE42: Task 2 | AF42: Task 3 | AG42: Task 4 | AH42: Task 5 | AI42: Task 6 | AJ42: Task 1 | AK42: Task 2 | AL42: Task 3 | AM42: Task 4 | AN42: Task 5 | AO42: Task 6 | AP42: Task 1 | AQ42: Task 2 | AR42: Task 3 | AS42: Task 4 | AT42: Task 5 | AU42: Task 6 | AV42: Task 1 | AW42: Task 2 | AX42: Task 3 | AY42: Task 4 | AZ42: Task 5 | BA42: Task 6 | BD42: 5 | BE42: =$AP$185 -> 0.93188122 | BF42: =$AQ$185 -> 0.90299943 | BG42: =$AR$185 -> 0.76184994 | BH42: =$AS$185 -> 0.56596491 | BI42: =$AT$185 -> #DIV/0! | BJ42: =$AU$185 -> #DIV/0!
J43: 1 | K43: =AVERAGE(R43,X43,AD43,AJ43,AP43,AV43) -> 0.87229437 | L43: =AVERAGE(S43,Y43,AE43,AK43,AQ43,AW43) -> 0.88508772 | M43: =AVERAGE(T43,Z43,AF43,AL43,AR43,AX43) -> 0.68431373 | N43: =AVERAGE(U43,AA43,AG43,AM43,AS43,AY43) -> 0.46710526 | O43: =AVERAGE(V43,AB43,AH43,AN43,AT43,AZ43) -> #DIV/0! | P43: =AVERAGE(W43,AC43,AI43,AO43,AU43,BA43) -> #DIV/0! | R43: 0.88311688 | S43: 0.9 | T43: 0.59117647 | U43: 0.49210526 | X43: 0.85714286 | Y43: 0.88947368 | Z43: 0.65588235 | AA43: 0.55789474 | AD43: 0.85714286 | AE43: 0.88947368 | AF43: 0.68529412 | AG43: 0.28947368 | AJ43: 0.88311688 | AK43: 0.86315789 | AL43: 0.72058824 | AM43: 0.54736842 | AP43: 0.88311688 | AQ43: 0.88947368 | AR43: 0.74117647 | AS43: 0.47368421 | AV43: 0.87012987 | AW43: 0.87894737 | AX43: 0.71176471 | AY43: 0.44210526 | BD43: 6 | BE43: =$AV$185 -> 0.92921868 | BF43: =$AW$185 -> 0.89352581 | BG43: =$AX$185 -> 0.73729434 | BH43: =$AY$185 -> 0.50929825 | BI43: =$AZ$185 -> #DIV/0! | BJ43: =$BA$185 -> #DIV/0!
J44: 2 | K44: =AVERAGE(R44,X44,AD44,AJ44,AP44,AV44) -> 0.93703704 | L44: =AVERAGE(S44,Y44,AE44,AK44,AQ44,AW44) -> 0.90319865 | M44: =AVERAGE(T44,Z44,AF44,AL44,AR44,AX44) -> 0.76176471 | N44: =AVERAGE(U44,AA44,AG44,AM44,AS44,AY44) -> 0.45263158 | O44: =AVERAGE(V44,AB44,AH44,AN44,AT44,AZ44) -> #DIV/0! | P44: =AVERAGE(W44,AC44,AI44,AO44,AU44,BA44) -> #DIV/0! | R44: 0.95555556 | S44: 0.88888889 | T44: 0.71176471 | U44: 0.48157895 | X44: 0.92222222 | Y44: 0.87878788 | Z44: 0.81176471 | AA44: 0.41315789 | AD44: 0.96666667 | AE44: 0.90909091 | AF44: 0.73823529 | AG44: 0.39210526 | AJ44: 0.94444444 | AK44: 0.92929293 | AL44: 0.75588235 | AM44: 0.50263158 | AP44: 0.9 | AQ44: 0.90909091 | AR44: 0.81176471 | AS44: 0.53421053 | AV44: 0.93333333 | AW44: 0.9040404 | AX44: 0.74117647 | AY44: 0.39210526
J45: 3 | K45: =AVERAGE(R45,X45,AD45,AJ45,AP45,AV45) -> 0.94086022 | L45: =AVERAGE(S45,Y45,AE45,AK45,AQ45,AW45) -> 0.92194093 | M45: =AVERAGE(T45,Z45,AF45,AL45,AR45,AX45) -> 0.86500975 | N45: =AVERAGE(U45,AA45,AG45,AM45,AS45,AY45) -> 0.5872807 | O45: =AVERAGE(V45,AB45,AH45,AN45,AT45,AZ45) -> #DIV/0! | P45: =AVERAGE(W45,AC45,AI45,AO45,AU45,BA45) -> #DIV/0! | R45: 0.96774194 | S45: 0.91772152 | T45: 0.82163743 | U45: 0.63421053 | X45: 0.93548387 | Y45: 0.93670886 | Z45: 0.89473684 | AA45: 0.48157895 | AD45: 0.93548387 | AE45: 0.90506329 | AF45: 0.79532164 | AG45: 0.59210526 | AJ45: 0.93548387 | AK45: 0.91772152 | AL45: 0.90350877 | AM45: 0.55263158 | AP45: 0.93548387 | AQ45: 0.93037975 | AR45: 0.9122807 | AS45: 0.59473684 | AV45: 0.93548387 | AW45: 0.92405063 | AX45: 0.8625731 | AY45: 0.66842105
J46: 4 | K46: =AVERAGE(R46,X46,AD46,AJ46,AP46,AV46) -> 0.92171717 | L46: =AVERAGE(S46,Y46,AE46,AK46,AQ46,AW46) -> 0.89236111 | M46: =AVERAGE(T46,Z46,AF46,AL46,AR46,AX46) -> 0.78898635 | N46: =AVERAGE(U46,AA46,AG46,AM46,AS46,AY46) -> 0.54078947 | O46: =AVERAGE(V46,AB46,AH46,AN46,AT46,AZ46) -> #DIV/0! | P46: =AVERAGE(W46,AC46,AI46,AO46,AU46,BA46) -> #DIV/0! | R46: 0.92424242 | S46: 0.88541667 | T46: 0.7748538 | U46: 0.55789474 | X46: 0.90909091 | Y46: 0.88541667 | Z46: 0.78362573 | AA46: 0.48684211 | AD46: 0.90909091 | AE46: 0.88541667 | AF46: 0.81871345 | AG46: 0.57894737 | AJ46: 0.92424242 | AK46: 0.921875 | AL46: 0.75438596 | AM46: 0.49473684 | AP46: 0.95454545 | AQ46: 0.88541667 | AR46: 0.84795322 | AS46: 0.58157895 | AV46: 0.90909091 | AW46: 0.890625 | AX46: 0.75438596 | AY46: 0.54473684
J47: 5 | K47: =AVERAGE(R47,X47,AD47,AJ47,AP47,AV47) -> 0.98275862 | L47: =AVERAGE(S47,Y47,AE47,AK47,AQ47,AW47) -> 0.92939245 | M47: =AVERAGE(T47,Z47,AF47,AL47,AR47,AX47) -> 0.76823638 | N47: =AVERAGE(U47,AA47,AG47,AM47,AS47,AY47) -> 0.52192982 | O47: =AVERAGE(V47,AB47,AH47,AN47,AT47,AZ47) -> #DIV/0! | P47: =AVERAGE(W47,AC47,AI47,AO47,AU47,BA47) -> #DIV/0! | R47: 0.98850575 | S47: 0.92610837 | T47: 0.86703601 | U47: 0.48421053 | X47: 0.98850575 | Y47: 0.91625616 | Z47: 0.6232687 | AA47: 0.52631579 | AD47: 0.97701149 | AE47: 0.95073892 | AF47: 0.8033241 | AG47: 0.52631579 | AJ47: 0.98850575 | AK47: 0.92118227 | AL47: 0.79778393 | AM47: 0.57894737 | AP47: 0.97701149 | AQ47: 0.9408867 | AR47: 0.76731302 | AS47: 0.53947368 | AV47: 0.97701149 | AW47: 0.92118227 | AX47: 0.75069252 | AY47: 0.47631579
J48: 6 | K48: =AVERAGE(R48,X48,AD48,AJ48,AP48,AV48) -> 0.91758242 | L48: =AVERAGE(S48,Y48,AE48,AK48,AQ48,AW48) -> 0.86857143 | M48: =AVERAGE(T48,Z48,AF48,AL48,AR48,AX48) -> 0.75125881 | N48: =AVERAGE(U48,AA48,AG48,AM48,AS48,AY48) -> 0.61140351 | O48: =AVERAGE(V48,AB48,AH48,AN48,AT48,AZ48) -> #DIV/0! | P48: =AVERAGE(W48,AC48,AI48,AO48,AU48,BA48) -> #DIV/0! | R48: 0.92307692 | S48: 0.88 | T48: 0.81570997 | U48: 0.65 | X48: 0.93406593 | Y48: 0.85714286 | Z48: 0.81570997 | AA48: 0.58421053 | AD48: 0.92307692 | AE48: 0.85714286 | AF48: 0.6858006 | AG48: 0.53157895 | AJ48: 0.91208791 | AK48: 0.88 | AL48: 0.65861027 | AM48: 0.57368421 | AP48: 0.91208791 | AQ48: 0.87428571 | AR48: 0.74320242 | AS48: 0.56578947 | AV48: 0.9010989 | AW48: 0.86285714 | AX48: 0.78851964 | AY48: 0.76315789
J49: 7 | K49: =AVERAGE(R49,X49,AD49,AJ49,AP49,AV49) -> 0.92792793 | L49: =AVERAGE(S49,Y49,AE49,AK49,AQ49,AW49) -> 0.9152381 | M49: =AVERAGE(T49,Z49,AF49,AL49,AR49,AX49) -> 0.82269504 | N49: =AVERAGE(U49,AA49,AG49,AM49,AS49,AY49) -> 0.61798246 | O49: =AVERAGE(V49,AB49,AH49,AN49,AT49,AZ49) -> #DIV/0! | P49: =AVERAGE(W49,AC49,AI49,AO49,AU49,BA49) -> #DIV/0! | R49: 0.93243243 | S49: 0.91428571 | T49: 0.87841945 | U49: 0.68157895 | X49: 0.97297297 | Y49: 0.91428571 | Z49: 0.75075988 | AA49: 0.58421053 | AD49: 0.91891892 | AE49: 0.91428571 | AF49: 0.87537994 | AG49: 0.61578947 | AJ49: 0.91891892 | AK49: 0.90857143 | AL49: 0.76899696 | AM49: 0.60263158 | AP49: 0.93243243 | AQ49: 0.92 | AR49: 0.87234043 | AS49: 0.68947368 | AV49: 0.89189189 | AW49: 0.92 | AX49: 0.79027356 | AY49: 0.53421053
J50: 8 | K50: =AVERAGE(R50,X50,AD50,AJ50,AP50,AV50) -> 0.83547009 | L50: =AVERAGE(S50,Y50,AE50,AK50,AQ50,AW50) -> 0.8245614 | M50: =AVERAGE(T50,Z50,AF50,AL50,AR50,AX50) -> 0.7933145 | N50: =AVERAGE(U50,AA50,AG50,AM50,AS50,AY50) -> 0.41096491 | O50: =AVERAGE(V50,AB50,AH50,AN50,AT50,AZ50) -> #DIV/0! | P50: =AVERAGE(W50,AC50,AI50,AO50,AU50,BA50) -> #DIV/0! | R50: 0.85897436 | S50: 0.83684211 | T50: 0.76553672 | U50: 0.40526316 | X50: 0.84615385 | Y50: 0.81052632 | Z50: 0.81920904 | AA50: 0.34210526 | AD50: 0.84615385 | AE50: 0.79473684 | AF50: 0.83615819 | AG50: 0.47368421 | AJ50: 0.79487179 | AK50: 0.83157895 | AL50: 0.76271186 | AM50: 0.40263158 | AP50: 0.83333333 | AQ50: 0.84736842 | AR50: 0.84745763 | AS50: 0.41052632 | AV50: 0.83333333 | AW50: 0.82631579 | AX50: 0.72881356 | AY50: 0.43157895
J51: 9 | K51: =AVERAGE(R51,X51,AD51,AJ51,AP51,AV51) -> 0.97188755 | L51: =AVERAGE(S51,Y51,AE51,AK51,AQ51,AW51) -> 0.86904762 | M51: =AVERAGE(T51,Z51,AF51,AL51,AR51,AX51) -> 0.67673716 | N51: =AVERAGE(U51,AA51,AG51,AM51,AS51,AY51) -> 0.48245614 | O51: =AVERAGE(V51,AB51,AH51,AN51,AT51,AZ51) -> #DIV/0! | P51: =AVERAGE(W51,AC51,AI51,AO51,AU51,BA51) -> #DIV/0! | R51: 0.97590361 | S51: 0.9047619 | T51: 0.67975831 | U51: 0.48947368 | X51: 0.96385542 | Y51: 0.91904762 | Z51: 0.6858006 | AA51: 0.53421053 | AD51: 0.97590361 | AE51: 0.64761905 | AF51: 0.49244713 | AG51: 0.41052632 | AJ51: 0.97590361 | AK51: 0.93809524 | AL51: 0.74320242 | AM51: 0.47631579 | AP51: 0.96385542 | AQ51: 0.90952381 | AR51: 0.77039275 | AS51: 0.52368421 | AV51: 0.97590361 | AW51: 0.8952381 | AX51: 0.68882175 | AY51: 0.46052632
J52: 10 | K52: =AVERAGE(R52,X52,AD52,AJ52,AP52,AV52) -> 0.93489583 | L52: =AVERAGE(S52,Y52,AE52,AK52,AQ52,AW52) -> 0.86919831 | M52: =AVERAGE(T52,Z52,AF52,AL52,AR52,AX52) -> 0.82205882 | N52: =AVERAGE(U52,AA52,AG52,AM52,AS52,AY52) -> 0.43596491 | O52: =AVERAGE(V52,AB52,AH52,AN52,AT52,AZ52) -> #DIV/0! | P52: =AVERAGE(W52,AC52,AI52,AO52,AU52,BA52) -> #DIV/0! | R52: 0.9375 | S52: 0.87341772 | T52: 0.86764706 | U52: 0.61578947 | X52: 0.9375 | Y52: 0.90506329 | Z52: 0.84705882 | AA52: 0.30263158 | AD52: 0.921875 | AE52: 0.89873418 | AF52: 0.77058824 | AG52: 0.45 | AJ52: 0.9375 | AK52: 0.87974684 | AL52: 0.86176471 | AM52: 0.41842105 | AP52: 0.9375 | AQ52: 0.82278481 | AR52: 0.83823529 | AS52: 0.43157895 | AV52: 0.9375 | AW52: 0.83544304 | AX52: 0.74705882 | AY52: 0.39736842
J53: 11 | K53: =AVERAGE(R53,X53,AD53,AJ53,AP53,AV53) -> 0.87662338 | L53: =AVERAGE(S53,Y53,AE53,AK53,AQ53,AW53) -> 0.87519747 | M53: =AVERAGE(T53,Z53,AF53,AL53,AR53,AX53) -> 0.68287741 | N53: =AVERAGE(U53,AA53,AG53,AM53,AS53,AY53) -> 0.59385965 | O53: =AVERAGE(V53,AB53,AH53,AN53,AT53,AZ53) -> #DIV/0! | P53: =AVERAGE(W53,AC53,AI53,AO53,AU53,BA53) -> #DIV/0! | R53: 0.88311688 | S53: 0.90521327 | T53: 0.67477204 | U53: 0.65 | X53: 0.87012987 | Y53: 0.81042654 | Z53: 0.60182371 | AA53: 0.55526316 | AD53: 0.88311688 | AE53: 0.88625592 | AF53: 0.63525836 | AG53: 0.50789474 | AJ53: 0.87012987 | AK53: 0.85308057 | AL53: 0.68085106 | AM53: 0.63684211 | AP53: 0.88311688 | AQ53: 0.90995261 | AR53: 0.76595745 | AS53: 0.61315789 | AV53: 0.87012987 | AW53: 0.88625592 | AX53: 0.73860182 | AY53: 0.6
J54: 12 | K54: =AVERAGE(R54,X54,AD54,AJ54,AP54,AV54) -> 0.90935673 | L54: =AVERAGE(S54,Y54,AE54,AK54,AQ54,AW54) -> 0.85628743 | M54: =AVERAGE(T54,Z54,AF54,AL54,AR54,AX54) -> 0.82674772 | N54: =AVERAGE(U54,AA54,AG54,AM54,AS54,AY54) -> 0.63947368 | O54: =AVERAGE(V54,AB54,AH54,AN54,AT54,AZ54) -> #DIV/0! | P54: =AVERAGE(W54,AC54,AI54,AO54,AU54,BA54) -> #DIV/0! | R54: 0.92982456 | S54: 0.83832335 | T54: 0.8662614 | U54: 0.71052632 | X54: 0.89473684 | Y54: 0.86826347 | Z54: 0.80243161 | AA54: 0.51842105 | AD54: 0.89473684 | AE54: 0.86826347 | AF54: 0.75683891 | AG54: 0.70789474 | AJ54: 0.9122807 | AK54: 0.88023952 | AL54: 0.88449848 | AM54: 0.69210526 | AP54: 0.92982456 | AQ54: 0.81437126 | AR54: 0.85410334 | AS54: 0.65789474 | AV54: 0.89473684 | AW54: 0.86826347 | AX54: 0.79635258 | AY54: 0.55
J55: 13 | K55: =AVERAGE(R55,X55,AD55,AJ55,AP55,AV55) -> 0.84615385 | L55: =AVERAGE(S55,Y55,AE55,AK55,AQ55,AW55) -> 0.84166667 | M55: =AVERAGE(T55,Z55,AF55,AL55,AR55,AX55) -> 0.77661692 | N55: =AVERAGE(U55,AA55,AG55,AM55,AS55,AY55) -> 0.55921053 | O55: =AVERAGE(V55,AB55,AH55,AN55,AT55,AZ55) -> #DIV/0! | P55: =AVERAGE(W55,AC55,AI55,AO55,AU55,BA55) -> #DIV/0! | R55: 0.87179487 | S55: 0.83125 | T55: 0.74925373 | U55: 0.54210526 | X55: 0.83333333 | Y55: 0.85625 | Z55: 0.8 | AA55: 0.48421053 | AD55: 0.85897436 | AE55: 0.85625 | AF55: 0.81492537 | AG55: 0.57368421 | AJ55: 0.83333333 | AK55: 0.8125 | AL55: 0.78208955 | AM55: 0.60526316 | AP55: 0.84615385 | AQ55: 0.875 | AR55: 0.74328358 | AS55: 0.53157895 | AV55: 0.83333333 | AW55: 0.81875 | AX55: 0.77014925 | AY55: 0.61842105
... J72: 30 | K72: =AVERAGE(R72,X72,AD72,AJ72,AP72,AV72) -> 0.96787149 | L72: =AVERAGE(S72,Y72,AE72,AK72,AQ72,AW72) -> 0.90857143 | M72: =AVERAGE(T72,Z72,AF72,AL72,AR72,AX72) -> 0.79558824 | N72: =AVERAGE(U72,AA72,AG72,AM72,AS72,AY72) -> 0.52017544 | O72: =AVERAGE(V72,AB72,AH72,AN72,AT72,AZ72) -> #DIV/0! | P72: =AVERAGE(W72,AC72,AI72,AO72,AU72,BA72) -> #DIV/0! | R72: 0.96385542 | S72: 0.88571429 | T72: 0.84705882 | U72: 0.61052632 | X72: 0.95180723 | Y72: 0.93714286 | Z72: 0.80882353 | AA72: 0.52368421 | AD72: 0.97590361 | AE72: 0.90857143 | AF72: 0.72058824 | AG72: 0.45789474 | AJ72: 0.97590361 | AK72: 0.90857143 | AL72: 0.82058824 | AM72: 0.53421053 | AP72: 0.96385542 | AQ72: 0.91428571 | AR72: 0.86176471 | AS72: 0.5 | AV72: 0.97590361 | AW72: 0.89714286 | AX72: 0.71470588 | AY72: 0.49473684
K74: =AVERAGE(K43:K72) -> 0.92907023 | L74: =AVERAGE(L43:L72) -> 0.89442432 | M74: =AVERAGE(M43:M72) -> 0.7569665 | N74: =AVERAGE(N43:N72) -> 0.53188596 | O74: =AVERAGE(O43:O72) -> #DIV/0! | P74: =AVERAGE(P43:P72) -> #DIV/0! | R74: =AVERAGE(R43:R72) -> 0.93690667 | S74: =AVERAGE(S43:S72) -> 0.89818781 | T74: =AVERAGE(T43:T72) -> 0.78054411 | U74: =AVERAGE(U43:U72) -> 0.56692982 | V74: =AVERAGE(V43:V72) -> #DIV/0! | W74: =AVERAGE(W43:W72) -> #DIV/0! | X74: =AVERAGE(X43:X72) -> 0.92831892 | Y74: =AVERAGE(Y43:Y72) -> 0.8945126 | ... BA74: =AVERAGE(BA43:BA72) -> #DIV/0!
K77: k=1
S78: 1 | Y78: 2 | AE78: 3 | AK78: 4 | AQ78: 5 | AW78: 6
J79: ID | K79: Task 1 | L79: Task 2 | M79: Task 3 | N79: Task 4 | O79: Task 5 | P79: Task 6 | R79: Task 1 | S79: Task 2 | T79: Task 3 | U79: Task 4 | V79: Task 5 | W79: Task 6 | X79: Task 1 | Y79: Task 2 | Z79: Task 3 | AA79: Task 4 | AB79: Task 5 | AC79: Task 6 | AD79: Task 1 | AE79: Task 2 | AF79: Task 3 | AG79: Task 4 | AH79: Task 5 | AI79: Task 6 | AJ79: Task 1 | AK79: Task 2 | AL79: Task 3 | AM79: Task 4 | AN79: Task 5 | AO79: Task 6 | AP79: Task 1 | AQ79: Task 2 | AR79: Task 3 | AS79: Task 4 | AT79: Task 5 | AU79: Task 6 | AV79: Task 1 | AW79: Task 2 | AX79: Task 3 | AY79: Task 4 | AZ79: Task 5 | BA79: Task 6
J80: 1 | K80: =AVERAGE(R80,X80,AD80,AJ80,AP80,AV80) -> 0.87229437 | L80: =AVERAGE(S80,Y80,AE80,AK80,AQ80,AW80) -> 0.89736842 | M80: =AVERAGE(T80,Z80,AF80,AL80,AR80,AX80) -> 0.68186275 | N80: =AVERAGE(U80,AA80,AG80,AM80,AS80,AY80) -> 0.55087719 | O80: =AVERAGE(V80,AB80,AH80,AN80,AT80,AZ80) -> #DIV/0! | P80: =AVERAGE(W80,AC80,AI80,AO80,AU80,BA80) -> #DIV/0! | R80: 0.85714286 | S80: 0.90526316 | T80: 0.65 | U80: 0.55526316 | X80: 0.88311688 | Y80: 0.9 | Z80: 0.71764706 | AA80: 0.45526316 | AD80: 0.85714286 | AE80: 0.88947368 | AF80: 0.63235294 | AG80: 0.60789474 | AJ80: 0.88311688 | AK80: 0.89473684 | AL80: 0.72941176 | AM80: 0.55 | AP80: 0.88311688 | AQ80: 0.88421053 | AR80: 0.69117647 | AS80: 0.56052632 | AV80: 0.87012987 | AW80: 0.91052632 | AX80: 0.67058824 | AY80: 0.57631579
J81: 2 | K81: =AVERAGE(R81,X81,AD81,AJ81,AP81,AV81) -> 0.92777778 | L81: =AVERAGE(S81,Y81,AE81,AK81,AQ81,AW81) -> 0.91750842 | M81: =AVERAGE(T81,Z81,AF81,AL81,AR81,AX81) -> 0.80294118 | N81: =AVERAGE(U81,AA81,AG81,AM81,AS81,AY81) -> 0.52192982 | O81: =AVERAGE(V81,AB81,AH81,AN81,AT81,AZ81) -> #DIV/0! | P81: =AVERAGE(W81,AC81,AI81,AO81,AU81,BA81) -> #DIV/0! | R81: 0.9 | S81: 0.93434343 | T81: 0.80882353 | U81: 0.48684211 | X81: 0.93333333 | Y81: 0.9040404 | Z81: 0.78823529 | AA81: 0.50789474 | AD81: 0.91111111 | AE81: 0.92929293 | AF81: 0.79705882 | AG81: 0.62894737 | AJ81: 0.93333333 | AK81: 0.91414141 | AL81: 0.82352941 | AM81: 0.51842105 | AP81: 0.95555556 | AQ81: 0.91919192 | AR81: 0.81764706 | AS81: 0.46315789 | AV81: 0.93333333 | AW81: 0.9040404 | AX81: 0.78235294 | AY81: 0.52631579
J82: 3 | K82: =AVERAGE(R82,X82,AD82,AJ82,AP82,AV82) -> 0.94086022 | L82: =AVERAGE(S82,Y82,AE82,AK82,AQ82,AW82) -> 0.92405063 | M82: =AVERAGE(T82,Z82,AF82,AL82,AR82,AX82) -> 0.86403509 | N82: =AVERAGE(U82,AA82,AG82,AM82,AS82,AY82) -> 0.60131579 | O82: =AVERAGE(V82,AB82,AH82,AN82,AT82,AZ82) -> #DIV/0! | P82: =AVERAGE(W82,AC82,AI82,AO82,AU82,BA82) -> #DIV/0! | R82: 0.96774194 | S82: 0.93037975 | T82: 0.85380117 | U82: 0.47368421 | X82: 0.93548387 | Y82: 0.93670886 | Z82: 0.84795322 | AA82: 0.70789474 | AD82: 0.93548387 | AE82: 0.92405063 | AF82: 0.88888889 | AG82: 0.56578947 | AJ82: 0.93548387 | AK82: 0.91139241 | AL82: 0.9005848 | AM82: 0.68157895 | AP82: 0.93548387 | AQ82: 0.91772152 | AR82: 0.88011696 | AS82: 0.57631579 | AV82: 0.93548387 | AW82: 0.92405063 | AX82: 0.8128655 | AY82: 0.60263158
J83: 4 | K83: =AVERAGE(R83,X83,AD83,AJ83,AP83,AV83) -> 0.93434343 | L83: =AVERAGE(S83,Y83,AE83,AK83,AQ83,AW83) -> 0.88975694 | M83: =AVERAGE(T83,Z83,AF83,AL83,AR83,AX83) -> 0.82797271 | N83: =AVERAGE(U83,AA83,AG83,AM83,AS83,AY83) -> 0.5627193 | O83: =AVERAGE(V83,AB83,AH83,AN83,AT83,AZ83) -> #DIV/0! | P83: =AVERAGE(W83,AC83,AI83,AO83,AU83,BA83) -> #DIV/0! | R83: 0.93939394 | S83: 0.92708333 | T83: 0.80994152 | U83: 0.58421053 | X83: 0.92424242 | Y83: 0.859375 | Z83: 0.83625731 | AA83: 0.63421053 | AD83: 0.92424242 | AE83: 0.890625 | AF83: 0.84502924 | AG83: 0.53684211 | AJ83: 0.95454545 | AK83: 0.859375 | AL83: 0.85087719 | AM83: 0.42631579 | AP83: 0.93939394 | AQ83: 0.875 | AR83: 0.77777778 | AS83: 0.53684211 | AV83: 0.92424242 | AW83: 0.92708333 | AX83: 0.84795322 | AY83: 0.65789474
J84: 5 | K84: =AVERAGE(R84,X84,AD84,AJ84,AP84,AV84) -> 0.99042146 | L84: =AVERAGE(S84,Y84,AE84,AK84,AQ84,AW84) -> 0.91625616 | M84: =AVERAGE(T84,Z84,AF84,AL84,AR84,AX84) -> 0.77977839 | N84: =AVERAGE(U84,AA84,AG84,AM84,AS84,AY84) -> 0.57631579 | O84: =AVERAGE(V84,AB84,AH84,AN84,AT84,AZ84) -> #DIV/0! | P84: =AVERAGE(W84,AC84,AI84,AO84,AU84,BA84) -> #DIV/0! | R84: 0.98850575 | S84: 0.88669951 | T84: 0.84487535 | U84: 0.63684211 | X84: 1 | Y84: 0.91625616 | Z84: 0.75900277 | AA84: 0.45263158 | AD84: 0.98850575 | AE84: 0.90147783 | AF84: 0.79224377 | AG84: 0.61315789 | AJ84: 0.98850575 | AK84: 0.96059113 | AL84: 0.81163435 | AM84: 0.59473684 | AP84: 0.98850575 | AQ84: 0.90147783 | AR84: 0.70637119 | AS84: 0.62894737 | AV84: 0.98850575 | AW84: 0.93103448 | AX84: 0.76454294 | AY84: 0.53157895
J85: 6 | K85: =AVERAGE(R85,X85,AD85,AJ85,AP85,AV85) -> 0.91025641 | L85: =AVERAGE(S85,Y85,AE85,AK85,AQ85,AW85) -> 0.87904762 | M85: =AVERAGE(T85,Z85,AF85,AL85,AR85,AX85) -> 0.74924471 | N85: =AVERAGE(U85,AA85,AG85,AM85,AS85,AY85) -> 0.58289474 | O85: =AVERAGE(V85,AB85,AH85,AN85,AT85,AZ85) -> #DIV/0! | P85: =AVERAGE(W85,AC85,AI85,AO85,AU85,BA85) -> #DIV/0! | R85: 0.91208791 | S85: 0.88571429 | T85: 0.77945619 | U85: 0.60526316 | X85: 0.91208791 | Y85: 0.87428571 | Z85: 0.79456193 | AA85: 0.55526316 | AD85: 0.9010989 | AE85: 0.85142857 | AF85: 0.73413897 | AG85: 0.69210526 | AJ85: 0.93406593 | AK85: 0.89142857 | AL85: 0.75226586 | AM85: 0.58157895 | AP85: 0.9010989 | AQ85: 0.88571429 | AR85: 0.72809668 | AS85: 0.50789474 | AV85: 0.9010989 | AW85: 0.88571429 | AX85: 0.70694864 | AY85: 0.55526316
J86: 7 | K86: =AVERAGE(R86,X86,AD86,AJ86,AP86,AV86) -> 0.93243243 | L86: =AVERAGE(S86,Y86,AE86,AK86,AQ86,AW86) -> 0.93428571 | M86: =AVERAGE(T86,Z86,AF86,AL86,AR86,AX86) -> 0.82370821 | N86: =AVERAGE(U86,AA86,AG86,AM86,AS86,AY86) -> 0.55263158 | O86: =AVERAGE(V86,AB86,AH86,AN86,AT86,AZ86) -> #DIV/0! | P86: =AVERAGE(W86,AC86,AI86,AO86,AU86,BA86) -> #DIV/0! | R86: 0.90540541 | S86: 0.89714286 | T86: 0.87234043 | U86: 0.57368421 | X86: 0.94594595 | Y86: 0.92 | Z86: 0.85714286 | AA86: 0.55526316 | AD86: 0.94594595 | AE86: 0.96571429 | AF86: 0.81762918 | AG86: 0.50263158 | AJ86: 0.94594595 | AK86: 0.93142857 | AL86: 0.86930091 | AM86: 0.52368421 | AP86: 0.90540541 | AQ86: 0.94857143 | AR86: 0.77203647 | AS86: 0.63421053 | AV86: 0.94594595 | AW86: 0.94285714 | AX86: 0.75379939 | AY86: 0.52631579
J87: 8 | K87: =AVERAGE(R87,X87,AD87,AJ87,AP87,AV87) -> 0.84615385 | L87: =AVERAGE(S87,Y87,AE87,AK87,AQ87,AW87) -> 0.83684211 | M87: =AVERAGE(T87,Z87,AF87,AL87,AR87,AX87) -> 0.77071563 | N87: =AVERAGE(U87,AA87,AG87,AM87,AS87,AY87) -> 0.44736842 | O87: =AVERAGE(V87,AB87,AH87,AN87,AT87,AZ87) -> #DIV/0! | P87: =AVERAGE(W87,AC87,AI87,AO87,AU87,BA87) -> #DIV/0! | R87: 0.84615385 | S87: 0.83684211 | T87: 0.72033898 | U87: 0.48421053 | X87: 0.80769231 | Y87: 0.82631579 | Z87: 0.84180791 | AA87: 0.36315789 | AD87: 0.84615385 | AE87: 0.83684211 | AF87: 0.85310734 | AG87: 0.42631579 | AJ87: 0.85897436 | AK87: 0.85789474 | AL87: 0.76553672 | AM87: 0.56842105 | AP87: 0.87179487 | AQ87: 0.82631579 | AR87: 0.66384181 | AS87: 0.38947368 | AV87: 0.84615385 | AW87: 0.83684211 | AX87: 0.77966102 | AY87: 0.45263158
J88: 9 | K88: =AVERAGE(R88,X88,AD88,AJ88,AP88,AV88) -> 0.97991968 | L88: =AVERAGE(S88,Y88,AE88,AK88,AQ88,AW88) -> 0.91190476 | M88: =AVERAGE(T88,Z88,AF88,AL88,AR88,AX88) -> 0.73212487 | N88: =AVERAGE(U88,AA88,AG88,AM88,AS88,AY88) -> 0.48421053 | O88: =AVERAGE(V88,AB88,AH88,AN88,AT88,AZ88) -> #DIV/0! | P88: =AVERAGE(W88,AC88,AI88,AO88,AU88,BA88) -> #DIV/0! | R88: 0.96385542 | S88: 0.8952381 | T88: 0.81268882 | U88: 0.5 | X88: 0.98795181 | Y88: 0.92380952 | Z88: 0.66163142 | AA88: 0.46315789 | AD88: 0.98795181 | AE88: 0.90952381 | AF88: 0.6978852 | AG88: 0.48157895 | AJ88: 0.97590361 | AK88: 0.92857143 | AL88: 0.71299094 | AM88: 0.44210526 | AP88: 0.97590361 | AQ88: 0.91428571 | AR88: 0.79154079 | AS88: 0.5 | AV88: 0.98795181 | AW88: 0.9 | AX88: 0.71601208 | AY88: 0.51842105
J89: 10 | K89: =AVERAGE(R89,X89,AD89,AJ89,AP89,AV89) -> 0.92447917 | L89: =AVERAGE(S89,Y89,AE89,AK89,AQ89,AW89) -> 0.85654008 | M89: =AVERAGE(T89,Z89,AF89,AL89,AR89,AX89) -> 0.84117647 | N89: =AVERAGE(U89,AA89,AG89,AM89,AS89,AY89) -> 0.52982456 | O89: =AVERAGE(V89,AB89,AH89,AN89,AT89,AZ89) -> #DIV/0! | P89: =AVERAGE(W89,AC89,AI89,AO89,AU89,BA89) -> #DIV/0! | R89: 0.9375 | S89: 0.86708861 | T89: 0.85 | U89: 0.50526316 | X89: 0.921875 | Y89: 0.86075949 | Z89: 0.86470588 | AA89: 0.55789474 | AD89: 0.921875 | AE89: 0.86708861 | AF89: 0.85294118 | AG89: 0.56052632 | AJ89: 0.921875 | AK89: 0.87974684 | AL89: 0.85 | AM89: 0.51842105 | AP89: 0.921875 | AQ89: 0.88607595 | AR89: 0.85882353 | AS89: 0.59210526 | AV89: 0.921875 | AW89: 0.77848101 | AX89: 0.77058824 | AY89: 0.44473684
J90: 11 | K90: =AVERAGE(R90,X90,AD90,AJ90,AP90,AV90) -> 0.87878788 | L90: =AVERAGE(S90,Y90,AE90,AK90,AQ90,AW90) -> 0.89099526 | M90: =AVERAGE(T90,Z90,AF90,AL90,AR90,AX90) -> 0.71783181 | N90: =AVERAGE(U90,AA90,AG90,AM90,AS90,AY90) -> 0.6004386 | O90: =AVERAGE(V90,AB90,AH90,AN90,AT90,AZ90) -> #DIV/0! | P90: =AVERAGE(W90,AC90,AI90,AO90,AU90,BA90) -> #DIV/0! | R90: 0.87012987 | S90: 0.88625592 | T90: 0.72340426 | U90: 0.51578947 | X90: 0.85714286 | Y90: 0.88625592 | Z90: 0.67477204 | AA90: 0.63684211 | AD90: 0.8961039 | AE90: 0.90995261 | AF90: 0.71428571 | AG90: 0.72368421 | AJ90: 0.88311688 | AK90: 0.90047393 | AL90: 0.7112462 | AM90: 0.58684211 | AP90: 0.88311688 | AQ90: 0.88625592 | AR90: 0.72036474 | AS90: 0.62105263 | AV90: 0.88311688 | AW90: 0.87677725 | AX90: 0.76291793 | AY90: 0.51842105
J91: 12 | K91: =AVERAGE(R91,X91,AD91,AJ91,AP91,AV91) -> 0.90935673 | L91: =AVERAGE(S91,Y91,AE91,AK91,AQ91,AW91) -> 0.85728543 | M91: =AVERAGE(T91,Z91,AF91,AL91,AR91,AX91) -> 0.82370821 | N91: =AVERAGE(U91,AA91,AG91,AM91,AS91,AY91) -> 0.74473684 | O91: =AVERAGE(V91,AB91,AH91,AN91,AT91,AZ91) -> #DIV/0! | P91: =AVERAGE(W91,AC91,AI91,AO91,AU91,BA91) -> #DIV/0! | R91: 0.92982456 | S91: 0.83233533 | T91: 0.69908815 | U91: 0.69210526 | X91: 0.84210526 | Y91: 0.82634731 | Z91: 0.85714286 | AA91: 0.85 | AD91: 0.9122807 | AE91: 0.8742515 | AF91: 0.87537994 | AG91: 0.75263158 | AJ91: 0.9122807 | AK91: 0.84431138 | AL91: 0.78419453 | AM91: 0.63947368 | AP91: 0.92982456 | AQ91: 0.88622754 | AR91: 0.8662614 | AS91: 0.70789474 | AV91: 0.92982456 | AW91: 0.88023952 | AX91: 0.86018237 | AY91: 0.82631579
... J109: 30 | K109: =AVERAGE(R109,X109,AD109,AJ109,AP109,AV109) -> 0.97590361 | L109: =AVERAGE(S109,Y109,AE109,AK109,AQ109,AW109) -> 0.93428571 | M109: =AVERAGE(T109,Z109,AF109,AL109,AR109,AX109) -> 0.79607843 | N109: =AVERAGE(U109,AA109,AG109,AM109,AS109,AY109) -> 0.56885965 | O109: =AVERAGE(V109,AB109,AH109,AN109,AT109,AZ109) -> #DIV/0! | P109: =AVERAGE(W109,AC109,AI109,AO109,AU109,BA109) -> #DIV/0! | R109: 0.97590361 | S109: 0.96 | T109: 0.69411765 | U109: 0.46315789 | X109: 0.97590361 | Y109: 0.94285714 | Z109: 0.85588235 | AA109: 0.61842105 | AD109: 0.97590361 | AE109: 0.92571429 | AF109: 0.76470588 | AG109: 0.63157895 | AJ109: 0.97590361 | AK109: 0.87428571 | AL109: 0.82058824 | AM109: 0.60789474 | AP109: 0.96385542 | AQ109: 0.94857143 | AR109: 0.91470588 | AS109: 0.63421053 | AV109: 0.98795181 | AW109: 0.95428571 | AX109: 0.72647059 | AY109: 0.45789474
K111: =AVERAGE(K80:K109) -> 0.93035864 | L111: =AVERAGE(L80:L109) -> 0.9019494 | M111: =AVERAGE(M80:M109) -> 0.777685 | N111: =AVERAGE(N80:N109) -> 0.57226608 | O111: =AVERAGE(O80:O109) -> #DIV/0! | P111: =AVERAGE(P80:P109) -> #DIV/0! | R111: =AVERAGE(R80:R109) -> 0.92762104 | S111: =AVERAGE(S80:S109) -> 0.90417098 | T111: =AVERAGE(T80:T109) -> 0.78335655 | U111: =AVERAGE(U80:U109) -> 0.56587719 | V111: =AVERAGE(V80:V109) -> #DIV/0! | W111: =AVERAGE(W80:W109) -> #DIV/0! | X111: =AVERAGE(X80:X109) -> 0.92647515 | Y111: =AVERAGE(Y80:Y109) -> 0.89986882 | ... BA111: =AVERAGE(BA80:BA109) -> #DIV/0!
K114: k=2
S115: 1 | Y115: 2 | AE115: 3 | AK115: 4 | AQ115: 5 | AW115: 6
J116: ID | K116: Task 1 | L116: Task 2 | M116: Task 3 | N116: Task 4 | O116: Task 5 | P116: Task 6 | R116: Task 1 | S116: Task 2 | T116: Task 3 | U116: Task 4 | V116: Task 5 | W116: Task 6 | X116: Task 1 | Y116: Task 2 | Z116: Task 3 | AA116: Task 4 | AB116: Task 5 | AC116: Task 6 | AD116: Task 1 | AE116: Task 2 | AF116: Task 3 | AG116: Task 4 | AH116: Task 5 | AI116: Task 6 | AJ116: Task 1 | AK116: Task 2 | AL116: Task 3 | AM116: Task 4 | AN116: Task 5 | AO116: Task 6 | AP116: Task 1 | AQ116: Task 2 | AR116: Task 3 | AS116: Task 4 | AT116: Task 5 | AU116: Task 6 | AV116: Task 1 | AW116: Task 2 | AX116: Task 3 | AY116: Task 4 | AZ116: Task 5 | BA116: Task 6
J117: 1 | K117: =AVERAGE(R117,X117,AD117,AJ117,AP117,AV117) -> 0.88961039 | L117: =AVERAGE(S117,Y117,AE117,AK117,AQ117,AW117) -> 0.90526316 | M117: =AVERAGE(T117,Z117,AF117,AL117,AR117,AX117) -> 0.59019608 | N117: =AVERAGE(U117,AA117,AG117,AM117,AS117,AY117) -> 0.56578947 | O117: =AVERAGE(V117,AB117,AH117,AN117,AT117,AZ117) -> #DIV/0! | P117: =AVERAGE(W117,AC117,AI117,AO117,AU117,BA117) -> #DIV/0! | R117: 0.87012987 | S117: 0.90526316 | T117: 0.6 | U117: 0.62894737 | X117: 0.92207792 | Y117: 0.90526316 | Z117: 0.56176471 | AA117: 0.52105263 | AD117: 0.8961039 | AE117: 0.91052632 | AF117: 0.62058824 | AG117: 0.50263158 | AJ117: 0.88311688 | AK117: 0.91052632 | AL117: 0.62941176 | AM117: 0.58947368 | AP117: 0.88311688 | AQ117: 0.9 | AR117: 0.56470588 | AS117: 0.58421053 | AV117: 0.88311688 | AW117: 0.9 | AX117: 0.56470588 | AY117: 0.56842105
J118: 2 | K118: =AVERAGE(R118,X118,AD118,AJ118,AP118,AV118) -> 0.92037037 | L118: =AVERAGE(S118,Y118,AE118,AK118,AQ118,AW118) -> 0.89983165 | M118: =AVERAGE(T118,Z118,AF118,AL118,AR118,AX118) -> 0.73137255 | N118: =AVERAGE(U118,AA118,AG118,AM118,AS118,AY118) -> 0.50921053 | O118: =AVERAGE(V118,AB118,AH118,AN118,AT118,AZ118) -> #DIV/0! | P118: =AVERAGE(W118,AC118,AI118,AO118,AU118,BA118) -> #DIV/0! | R118: 0.91111111 | S118: 0.91414141 | T118: 0.80882353 | U118: 0.53684211 | X118: 0.93333333 | Y118: 0.8989899 | Z118: 0.76176471 | AA118: 0.50263158 | AD118: 0.93333333 | AE118: 0.88888889 | AF118: 0.65 | AG118: 0.46578947 | AJ118: 0.91111111 | AK118: 0.9040404 | AL118: 0.72647059 | AM118: 0.48157895 | AP118: 0.92222222 | AQ118: 0.87878788 | AR118: 0.62941176 | AS118: 0.49736842 | AV118: 0.91111111 | AW118: 0.91414141 | AX118: 0.81176471 | AY118: 0.57105263
J119: 3 | K119: =AVERAGE(R119,X119,AD119,AJ119,AP119,AV119) -> 0.94354839 | L119: =AVERAGE(S119,Y119,AE119,AK119,AQ119,AW119) -> 0.92194093 | M119: =AVERAGE(T119,Z119,AF119,AL119,AR119,AX119) -> 0.87524366 | N119: =AVERAGE(U119,AA119,AG119,AM119,AS119,AY119) -> 0.54561404 | O119: =AVERAGE(V119,AB119,AH119,AN119,AT119,AZ119) -> #DIV/0! | P119: =AVERAGE(W119,AC119,AI119,AO119,AU119,BA119) -> #DIV/0! | R119: 0.93548387 | S119: 0.90506329 | T119: 0.91520468 | U119: 0.61842105 | X119: 0.96774194 | Y119: 0.91772152 | Z119: 0.87426901 | AA119: 0.56315789 | AD119: 0.9516129 | AE119: 0.93037975 | AF119: 0.9005848 | AG119: 0.60526316 | AJ119: 0.93548387 | AK119: 0.93670886 | AL119: 0.89473684 | AM119: 0.61315789 | AP119: 0.93548387 | AQ119: 0.92405063 | AR119: 0.85672515 | AS119: 0.45263158 | AV119: 0.93548387 | AW119: 0.91772152 | AX119: 0.80994152 | AY119: 0.42105263
J120: 4 | K120: =AVERAGE(R120,X120,AD120,AJ120,AP120,AV120) -> 0.93686869 | L120: =AVERAGE(S120,Y120,AE120,AK120,AQ120,AW120) -> 0.89236111 | M120: =AVERAGE(T120,Z120,AF120,AL120,AR120,AX120) -> 0.80994152 | N120: =AVERAGE(U120,AA120,AG120,AM120,AS120,AY120) -> 0.61140351 | O120: =AVERAGE(V120,AB120,AH120,AN120,AT120,AZ120) -> #DIV/0! | P120: =AVERAGE(W120,AC120,AI120,AO120,AU120,BA120) -> #DIV/0! | R120: 0.93939394 | S120: 0.875 | T120: 0.89181287 | U120: 0.70526316 | X120: 0.92424242 | Y120: 0.921875 | Z120: 0.8245614 | AA120: 0.52631579 | AD120: 0.90909091 | AE120: 0.88541667 | AF120: 0.83040936 | AG120: 0.57105263 | AJ120: 0.93939394 | AK120: 0.90625 | AL120: 0.84795322 | AM120: 0.52631579 | AP120: 0.98484848 | AQ120: 0.90104167 | AR120: 0.83040936 | AS120: 0.69210526 | AV120: 0.92424242 | AW120: 0.86458333 | AX120: 0.63450292 | AY120: 0.64736842
J121: 5 | K121: =AVERAGE(R121,X121,AD121,AJ121,AP121,AV121) -> 0.98659004 | L121: =AVERAGE(S121,Y121,AE121,AK121,AQ121,AW121) -> 0.91871921 | M121: =AVERAGE(T121,Z121,AF121,AL121,AR121,AX121) -> 0.75669437 | N121: =AVERAGE(U121,AA121,AG121,AM121,AS121,AY121) -> 0.58991228 | O121: =AVERAGE(V121,AB121,AH121,AN121,AT121,AZ121) -> #DIV/0! | P121: =AVERAGE(W121,AC121,AI121,AO121,AU121,BA121) -> #DIV/0! | R121: 0.98850575 | S121: 0.93596059 | T121: 0.7867036 | U121: 0.61052632 | X121: 0.97701149 | Y121: 0.9408867 | Z121: 0.65927978 | AA121: 0.39736842 | AD121: 1 | AE121: 0.91133005 | AF121: 0.79501385 | AG121: 0.56578947 | AJ121: 0.97701149 | AK121: 0.87684729 | AL121: 0.63711911 | AM121: 0.41315789 | AP121: 0.98850575 | AQ121: 0.91625616 | AR121: 0.8365651 | AS121: 0.77368421 | AV121: 0.98850575 | AW121: 0.93103448 | AX121: 0.82548476 | AY121: 0.77894737
J122: 6 | K122: =AVERAGE(R122,X122,AD122,AJ122,AP122,AV122) -> 0.91575092 | L122: =AVERAGE(S122,Y122,AE122,AK122,AQ122,AW122) -> 0.87047619 | M122: =AVERAGE(T122,Z122,AF122,AL122,AR122,AX122) -> 0.70543807 | N122: =AVERAGE(U122,AA122,AG122,AM122,AS122,AY122) -> 0.52719298 | O122: =AVERAGE(V122,AB122,AH122,AN122,AT122,AZ122) -> #DIV/0! | P122: =AVERAGE(W122,AC122,AI122,AO122,AU122,BA122) -> #DIV/0! | R122: 0.91208791 | S122: 0.88571429 | T122: 0.62537764 | U122: 0.43684211 | X122: 0.92307692 | Y122: 0.86285714 | Z122: 0.6978852 | AA122: 0.55526316 | AD122: 0.91208791 | AE122: 0.86857143 | AF122: 0.68882175 | AG122: 0.56315789 | AJ122: 0.92307692 | AK122: 0.88571429 | AL122: 0.71299094 | AM122: 0.55 | AP122: 0.91208791 | AQ122: 0.85714286 | AR122: 0.73111782 | AS122: 0.61842105 | AV122: 0.91208791 | AW122: 0.86285714 | AX122: 0.77643505 | AY122: 0.43947368
J123: 7 | K123: =AVERAGE(R123,X123,AD123,AJ123,AP123,AV123) -> 0.94594595 | L123: =AVERAGE(S123,Y123,AE123,AK123,AQ123,AW123) -> 0.94285714 | M123: =AVERAGE(T123,Z123,AF123,AL123,AR123,AX123) -> 0.85055724 | N123: =AVERAGE(U123,AA123,AG123,AM123,AS123,AY123) -> 0.45789474 | O123: =AVERAGE(V123,AB123,AH123,AN123,AT123,AZ123) -> #DIV/0! | P123: =AVERAGE(W123,AC123,AI123,AO123,AU123,BA123) -> #DIV/0! | R123: 0.93243243 | S123: 0.94285714 | T123: 0.89969605 | U123: 0.39210526 | X123: 0.95945946 | Y123: 0.94285714 | Z123: 0.89057751 | AA123: 0.61315789 | AD123: 0.94594595 | AE123: 0.96 | AF123: 0.86930091 | AG123: 0.38947368 | AJ123: 0.94594595 | AK123: 0.91428571 | AL123: 0.76899696 | AM123: 0.48157895 | AP123: 0.94594595 | AQ123: 0.93714286 | AR123: 0.83890578 | AS123: 0.45526316 | AV123: 0.94594595 | AW123: 0.96 | AX123: 0.83586626 | AY123: 0.41578947
J124: 8 | K124: =AVERAGE(R124,X124,AD124,AJ124,AP124,AV124) -> 0.84401709 | L124: =AVERAGE(S124,Y124,AE124,AK124,AQ124,AW124) -> 0.85175439 | M124: =AVERAGE(T124,Z124,AF124,AL124,AR124,AX124) -> 0.77165725 | N124: =AVERAGE(U124,AA124,AG124,AM124,AS124,AY124) -> 0.38245614 | O124: =AVERAGE(V124,AB124,AH124,AN124,AT124,AZ124) -> #DIV/0! | P124: =AVERAGE(W124,AC124,AI124,AO124,AU124,BA124) -> #DIV/0! | R124: 0.83333333 | S124: 0.87368421 | T124: 0.70621469 | U124: 0.37631579 | X124: 0.87179487 | Y124: 0.86315789 | Z124: 0.88135593 | AA124: 0.39736842 | AD124: 0.85897436 | AE124: 0.82631579 | AF124: 0.77118644 | AG124: 0.43684211 | AJ124: 0.80769231 | AK124: 0.83684211 | AL124: 0.79943503 | AM124: 0.34473684 | AP124: 0.85897436 | AQ124: 0.86842105 | AR124: 0.70621469 | AS124: 0.35 | AV124: 0.83333333 | AW124: 0.84210526 | AX124: 0.76553672 | AY124: 0.38947368
J125: 9 | K125: =AVERAGE(R125,X125,AD125,AJ125,AP125,AV125) -> 0.97590361 | L125: =AVERAGE(S125,Y125,AE125,AK125,AQ125,AW125) -> 0.92142857 | M125: =AVERAGE(T125,Z125,AF125,AL125,AR125,AX125) -> 0.77442095 | N125: =AVERAGE(U125,AA125,AG125,AM125,AS125,AY125) -> 0.5504386 | O125: =AVERAGE(V125,AB125,AH125,AN125,AT125,AZ125) -> #DIV/0! | P125: =AVERAGE(W125,AC125,AI125,AO125,AU125,BA125) -> #DIV/0! | R125: 0.98795181 | S125: 0.9047619 | T125: 0.79154079 | U125: 0.48157895 | X125: 0.97590361 | Y125: 0.94285714 | Z125: 0.68882175 | AA125: 0.51578947 | AD125: 0.97590361 | AE125: 0.94761905 | AF125: 0.78851964 | AG125: 0.53421053 | AJ125: 0.97590361 | AK125: 0.9 | AL125: 0.83685801 | AM125: 0.58947368 | AP125: 0.96385542 | AQ125: 0.90952381 | AR125: 0.80362538 | AS125: 0.45263158 | AV125: 0.97590361 | AW125: 0.92380952 | AX125: 0.73716012 | AY125: 0.72894737
J126: 10 | K126: =AVERAGE(R126,X126,AD126,AJ126,AP126,AV126) -> 0.93229167 | L126: =AVERAGE(S126,Y126,AE126,AK126,AQ126,AW126) -> 0.8628692 | M126: =AVERAGE(T126,Z126,AF126,AL126,AR126,AX126) -> 0.84264706 | N126: =AVERAGE(U126,AA126,AG126,AM126,AS126,AY126) -> 0.52105263 | O126: =AVERAGE(V126,AB126,AH126,AN126,AT126,AZ126) -> #DIV/0! | P126: =AVERAGE(W126,AC126,AI126,AO126,AU126,BA126) -> #DIV/0! | R126: 0.9375 | S126: 0.87974684 | T126: 0.88529412 | U126: 0.42894737 | X126: 0.9375 | Y126: 0.86708861 | Z126: 0.89117647 | AA126: 0.56052632 | AD126: 0.921875 | AE126: 0.87341772 | AF126: 0.86470588 | AG126: 0.65263158 | AJ126: 0.9375 | AK126: 0.83544304 | AL126: 0.79411765 | AM126: 0.45789474 | AP126: 0.921875 | AQ126: 0.85443038 | AR126: 0.82647059 | AS126: 0.6 | AV126: 0.9375 | AW126: 0.86708861 | AX126: 0.79411765 | AY126: 0.42631579
J127: 11 | K127: =AVERAGE(R127,X127,AD127,AJ127,AP127,AV127) -> 0.87012987 | L127: =AVERAGE(S127,Y127,AE127,AK127,AQ127,AW127) -> 0.89099526 | M127: =AVERAGE(T127,Z127,AF127,AL127,AR127,AX127) -> 0.70871327 | N127: =AVERAGE(U127,AA127,AG127,AM127,AS127,AY127) -> 0.58684211 | O127: =AVERAGE(V127,AB127,AH127,AN127,AT127,AZ127) -> #DIV/0! | P127: =AVERAGE(W127,AC127,AI127,AO127,AU127,BA127) -> #DIV/0! | R127: 0.87012987 | S127: 0.86729858 | T127: 0.74468085 | U127: 0.59736842 | X127: 0.85714286 | Y127: 0.87677725 | Z127: 0.59574468 | AA127: 0.4 | AD127: 0.87012987 | AE127: 0.8957346 | AF127: 0.77203647 | AG127: 0.61578947 | AJ127: 0.88311688 | AK127: 0.92417062 | AL127: 0.72948328 | AM127: 0.60789474 | AP127: 0.85714286 | AQ127: 0.90521327 | AR127: 0.67173252 | AS127: 0.59736842 | AV127: 0.88311688 | AW127: 0.87677725 | AX127: 0.73860182 | AY127: 0.70263158
J128: 12 | K128: =AVERAGE(R128,X128,AD128,AJ128,AP128,AV128) -> 0.92105263 | L128: =AVERAGE(S128,Y128,AE128,AK128,AQ128,AW128) -> 0.86726547 | M128: =AVERAGE(T128,Z128,AF128,AL128,AR128,AX128) -> 0.79787234 | N128: =AVERAGE(U128,AA128,AG128,AM128,AS128,AY128) -> 0.67236842 | O128: =AVERAGE(V128,AB128,AH128,AN128,AT128,AZ128) -> #DIV/0! | P128: =AVERAGE(W128,AC128,AI128,AO128,AU128,BA128) -> #DIV/0! | R128: 0.92982456 | S128: 0.85628743 | T128: 0.87537994 | U128: 0.71315789 | X128: 0.92982456 | Y128: 0.86227545 | Z128: 0.82674772 | AA128: 0.60789474 | AD128: 0.9122807 | AE128: 0.8502994 | AF128: 0.66869301 | AG128: 0.64473684 | AJ128: 0.92982456 | AK128: 0.88622754 | AL128: 0.9118541 | AM128: 0.76052632 | AP128: 0.9122807 | AQ128: 0.88622754 | AR128: 0.6899696 | AS128: 0.59736842 | AV128: 0.9122807 | AW128: 0.86227545 | AX128: 0.81458967 | AY128: 0.71052632
... J146: 30 | K146: =AVERAGE(R146,X146,AD146,AJ146,AP146,AV146) -> 0.97791165 | L146: =AVERAGE(S146,Y146,AE146,AK146,AQ146,AW146) -> 0.92095238 | M146: =AVERAGE(T146,Z146,AF146,AL146,AR146,AX146) -> 0.78921569 | N146: =AVERAGE(U146,AA146,AG146,AM146,AS146,AY146) -> 0.5745614 | O146: =AVERAGE(V146,AB146,AH146,AN146,AT146,AZ146) -> #DIV/0! | P146: =AVERAGE(W146,AC146,AI146,AO146,AU146,BA146) -> #DIV/0! | R146: 0.97590361 | S146: 0.94857143 | T146: 0.74117647 | U146: 0.78947368 | X146: 0.97590361 | Y146: 0.91428571 | Z146: 0.90588235 | AA146: 0.33684211 | AD146: 0.97590361 | AE146: 0.93142857 | AF146: 0.87941176 | AG146: 0.54473684 | AJ146: 0.97590361 | AK146: 0.91428571 | AL146: 0.85294118 | AM146: 0.59473684 | AP146: 0.97590361 | AQ146: 0.93714286 | AR146: 0.73529412 | AS146: 0.75789474 | AV146: 0.98795181 | AW146: 0.88 | AX146: 0.62058824 | AY146: 0.42368421
K148: =AVERAGE(K117:K146) -> 0.93095062 | L148: =AVERAGE(L117:L146) -> 0.89785644 | M148: =AVERAGE(M117:M146) -> 0.76191738 | N148: =AVERAGE(N117:N146) -> 0.54251462 | O148: =AVERAGE(O117:O146) -> #DIV/0! | P148: =AVERAGE(P117:P146) -> #DIV/0! | R148: =AVERAGE(R117:R146) -> 0.92743931 | S148: =AVERAGE(S117:S146) -> 0.90194633 | T148: =AVERAGE(T117:T146) -> 0.7816681 | U148: =AVERAGE(U117:U146) -> 0.57184211 | V148: =AVERAGE(V117:V146) -> #DIV/0! | W148: =AVERAGE(W117:W146) -> #DIV/0! | X148: =AVERAGE(X117:X146) -> 0.93513971 | Y148: =AVERAGE(Y117:Y146) -> 0.89994451 | ... BA148: =AVERAGE(BA117:BA146) -> #DIV/0!
K151: k=3
S152: 1 | Y152: 2 | AE152: 3 | AK152: 4 | AQ152: 5 | AW152: 6
J153: ID | K153: Task 1 | L153: Task 2 | M153: Task 3 | N153: Task 4 | O153: Task 5 | P153: Task 6 | R153: Task 1 | S153: Task 2 | T153: Task 3 | U153: Task 4 | V153: Task 5 | W153: Task 6 | X153: Task 1 | Y153: Task 2 | Z153: Task 3 | AA153: Task 4 | AB153: Task 5 | AC153: Task 6 | AD153: Task 1 | AE153: Task 2 | AF153: Task 3 | AG153: Task 4 | AH153: Task 5 | AI153: Task 6 | AJ153: Task 1 | AK153: Task 2 | AL153: Task 3 | AM153: Task 4 | AN153: Task 5 | AO153: Task 6 | AP153: Task 1 | AQ153: Task 2 | AR153: Task 3 | AS153: Task 4 | AT153: Task 5 | AU153: Task 6 | AV153: Task 1 | AW153: Task 2 | AX153: Task 3 | AY153: Task 4 | AZ153: Task 5 | BA153: Task 6
J154: 1 | K154: =AVERAGE(R154,X154,AD154,AJ154,AP154,AV154) -> 0.87229437 | L154: =AVERAGE(S154,Y154,AE154,AK154,AQ154,AW154) -> 0.89473684 | M154: =AVERAGE(T154,Z154,AF154,AL154,AR154,AX154) -> 0.58823529 | N154: =AVERAGE(U154,AA154,AG154,AM154,AS154,AY154) -> 0.53991228 | O154: =AVERAGE(V154,AB154,AH154,AN154,AT154,AZ154) -> #DIV/0! | P154: =AVERAGE(W154,AC154,AI154,AO154,AU154,BA154) -> #DIV/0! | R154: 0.85714286 | S154: 0.88421053 | T154: 0.54117647 | U154: 0.58947368 | X154: 0.88311688 | Y154: 0.89473684 | Z154: 0.55882353 | AA154: 0.50263158 | AD154: 0.88311688 | AE154: 0.9 | AF154: 0.55 | AG154: 0.41052632 | AJ154: 0.88311688 | AK154: 0.88947368 | AL154: 0.57941176 | AM154: 0.59473684 | AP154: 0.87012987 | AQ154: 0.89473684 | AR154: 0.63529412 | AS154: 0.56842105 | AV154: 0.85714286 | AW154: 0.90526316 | AX154: 0.66470588 | AY154: 0.57368421
J155: 2 | K155: =AVERAGE(R155,X155,AD155,AJ155,AP155,AV155) -> 0.91666667 | L155: =AVERAGE(S155,Y155,AE155,AK155,AQ155,AW155) -> 0.92171717 | M155: =AVERAGE(T155,Z155,AF155,AL155,AR155,AX155) -> 0.71960784 | N155: =AVERAGE(U155,AA155,AG155,AM155,AS155,AY155) -> 0.44166667 | O155: =AVERAGE(V155,AB155,AH155,AN155,AT155,AZ155) -> #DIV/0! | P155: =AVERAGE(W155,AC155,AI155,AO155,AU155,BA155) -> #DIV/0! | R155: 0.9 | S155: 0.93939394 | T155: 0.72647059 | U155: 0.33421053 | X155: 0.92222222 | Y155: 0.91414141 | Z155: 0.80882353 | AA155: 0.43421053 | AD155: 0.94444444 | AE155: 0.93939394 | AF155: 0.69705882 | AG155: 0.52368421 | AJ155: 0.9 | AK155: 0.91919192 | AL155: 0.68235294 | AM155: 0.43947368 | AP155: 0.91111111 | AQ155: 0.91414141 | AR155: 0.66470588 | AS155: 0.41842105 | AV155: 0.92222222 | AW155: 0.9040404 | AX155: 0.73823529 | AY155: 0.5
J156: 3 | K156: =AVERAGE(R156,X156,AD156,AJ156,AP156,AV156) -> 0.94086022 | L156: =AVERAGE(S156,Y156,AE156,AK156,AQ156,AW156) -> 0.91983122 | M156: =AVERAGE(T156,Z156,AF156,AL156,AR156,AX156) -> 0.86988304 | N156: =AVERAGE(U156,AA156,AG156,AM156,AS156,AY156) -> 0.51096491 | O156: =AVERAGE(V156,AB156,AH156,AN156,AT156,AZ156) -> #DIV/0! | P156: =AVERAGE(W156,AC156,AI156,AO156,AU156,BA156) -> #DIV/0! | R156: 0.93548387 | S156: 0.88607595 | T156: 0.85380117 | U156: 0.46578947 | X156: 0.93548387 | Y156: 0.94303797 | Z156: 0.8625731 | AA156: 0.41052632 | AD156: 0.93548387 | AE156: 0.93037975 | AF156: 0.85964912 | AG156: 0.57368421 | AJ156: 0.96774194 | AK156: 0.91139241 | AL156: 0.89473684 | AM156: 0.56578947 | AP156: 0.93548387 | AQ156: 0.92405063 | AR156: 0.85964912 | AS156: 0.55526316 | AV156: 0.93548387 | AW156: 0.92405063 | AX156: 0.88888889 | AY156: 0.49473684
J157: 4 | K157: =AVERAGE(R157,X157,AD157,AJ157,AP157,AV157) -> 0.94191919 | L157: =AVERAGE(S157,Y157,AE157,AK157,AQ157,AW157) -> 0.90451389 | M157: =AVERAGE(T157,Z157,AF157,AL157,AR157,AX157) -> 0.77582846 | N157: =AVERAGE(U157,AA157,AG157,AM157,AS157,AY157) -> 0.59736842 | O157: =AVERAGE(V157,AB157,AH157,AN157,AT157,AZ157) -> #DIV/0! | P157: =AVERAGE(W157,AC157,AI157,AO157,AU157,BA157) -> #DIV/0! | R157: 0.92424242 | S157: 0.93229167 | T157: 0.86842105 | U157: 0.73947368 | X157: 0.90909091 | Y157: 0.84895833 | Z157: 0.70175439 | AA157: 0.37894737 | AD157: 0.96969697 | AE157: 0.92708333 | AF157: 0.82748538 | AG157: 0.58157895 | AJ157: 0.96969697 | AK157: 0.92708333 | AL157: 0.74269006 | AM157: 0.63684211 | AP157: 0.92424242 | AQ157: 0.88020833 | AR157: 0.83625731 | AS157: 0.71315789 | AV157: 0.95454545 | AW157: 0.91145833 | AX157: 0.67836257 | AY157: 0.53421053
J158: 5 | K158: =AVERAGE(R158,X158,AD158,AJ158,AP158,AV158) -> 0.98275862 | L158: =AVERAGE(S158,Y158,AE158,AK158,AQ158,AW158) -> 0.92857143 | M158: =AVERAGE(T158,Z158,AF158,AL158,AR158,AX158) -> 0.74607572 | N158: =AVERAGE(U158,AA158,AG158,AM158,AS158,AY158) -> 0.53947368 | O158: =AVERAGE(V158,AB158,AH158,AN158,AT158,AZ158) -> #DIV/0! | P158: =AVERAGE(W158,AC158,AI158,AO158,AU158,BA158) -> #DIV/0! | R158: 0.97701149 | S158: 0.93103448 | T158: 0.83933518 | U158: 0.68157895 | X158: 0.98850575 | Y158: 0.93103448 | Z158: 0.60941828 | AA158: 0.47894737 | AD158: 0.98850575 | AE158: 0.92610837 | AF158: 0.83379501 | AG158: 0.55 | AJ158: 0.97701149 | AK158: 0.94581281 | AL158: 0.62603878 | AM158: 0.36052632 | AP158: 0.98850575 | AQ158: 0.93596059 | AR158: 0.83102493 | AS158: 0.64736842 | AV158: 0.97701149 | AW158: 0.90147783 | AX158: 0.73684211 | AY158: 0.51842105
J159: 6 | K159: =AVERAGE(R159,X159,AD159,AJ159,AP159,AV159) -> 0.90842491 | L159: =AVERAGE(S159,Y159,AE159,AK159,AQ159,AW159) -> 0.87142857 | M159: =AVERAGE(T159,Z159,AF159,AL159,AR159,AX159) -> 0.70996979 | N159: =AVERAGE(U159,AA159,AG159,AM159,AS159,AY159) -> 0.53201754 | O159: =AVERAGE(V159,AB159,AH159,AN159,AT159,AZ159) -> #DIV/0! | P159: =AVERAGE(W159,AC159,AI159,AO159,AU159,BA159) -> #DIV/0! | R159: 0.92307692 | S159: 0.84571429 | T159: 0.65861027 | U159: 0.55789474 | X159: 0.9010989 | Y159: 0.86857143 | Z159: 0.70996979 | AA159: 0.49473684 | AD159: 0.91208791 | AE159: 0.90285714 | AF159: 0.71903323 | AG159: 0.45263158 | AJ159: 0.9010989 | AK159: 0.86857143 | AL159: 0.73413897 | AM159: 0.53684211 | AP159: 0.91208791 | AQ159: 0.86285714 | AR159: 0.73413897 | AS159: 0.58947368 | AV159: 0.9010989 | AW159: 0.88 | AX159: 0.70392749 | AY159: 0.56052632
J160: 7 | K160: =AVERAGE(R160,X160,AD160,AJ160,AP160,AV160) -> 0.93918919 | L160: =AVERAGE(S160,Y160,AE160,AK160,AQ160,AW160) -> 0.94761905 | M160: =AVERAGE(T160,Z160,AF160,AL160,AR160,AX160) -> 0.83535968 | N160: =AVERAGE(U160,AA160,AG160,AM160,AS160,AY160) -> 0.5127193 | O160: =AVERAGE(V160,AB160,AH160,AN160,AT160,AZ160) -> #DIV/0! | P160: =AVERAGE(W160,AC160,AI160,AO160,AU160,BA160) -> #DIV/0! | R160: 0.93243243 | S160: 0.96571429 | T160: 0.91793313 | U160: 0.7 | X160: 0.94594595 | Y160: 0.93714286 | Z160: 0.81458967 | AA160: 0.45263158 | AD160: 0.95945946 | AE160: 0.93714286 | AF160: 0.79331307 | AG160: 0.61052632 | AJ160: 0.90540541 | AK160: 0.94285714 | AL160: 0.90577508 | AM160: 0.45526316 | AP160: 0.94594595 | AQ160: 0.93714286 | AR160: 0.88753799 | AS160: 0.5 | AV160: 0.94594595 | AW160: 0.96571429 | AX160: 0.69300912 | AY160: 0.35789474
J161: 8 | K161: =AVERAGE(R161,X161,AD161,AJ161,AP161,AV161) -> 0.84615385 | L161: =AVERAGE(S161,Y161,AE161,AK161,AQ161,AW161) -> 0.85701754 | M161: =AVERAGE(T161,Z161,AF161,AL161,AR161,AX161) -> 0.74246704 | N161: =AVERAGE(U161,AA161,AG161,AM161,AS161,AY161) -> 0.41578947 | O161: =AVERAGE(V161,AB161,AH161,AN161,AT161,AZ161) -> #DIV/0! | P161: =AVERAGE(W161,AC161,AI161,AO161,AU161,BA161) -> #DIV/0! | R161: 0.85897436 | S161: 0.84210526 | T161: 0.74011299 | U161: 0.46052632 | X161: 0.85897436 | Y161: 0.87368421 | Z161: 0.80508475 | AA161: 0.35789474 | AD161: 0.82051282 | AE161: 0.84736842 | AF161: 0.79378531 | AG161: 0.43421053 | AJ161: 0.82051282 | AK161: 0.84736842 | AL161: 0.68361582 | AM161: 0.39210526 | AP161: 0.84615385 | AQ161: 0.85263158 | AR161: 0.74576271 | AS161: 0.38947368 | AV161: 0.87179487 | AW161: 0.87894737 | AX161: 0.68644068 | AY161: 0.46052632
J162: 9 | K162: =AVERAGE(R162,X162,AD162,AJ162,AP162,AV162) -> 0.96787149 | L162: =AVERAGE(S162,Y162,AE162,AK162,AQ162,AW162) -> 0.91349206 | M162: =AVERAGE(T162,Z162,AF162,AL162,AR162,AX162) -> 0.72054381 | N162: =AVERAGE(U162,AA162,AG162,AM162,AS162,AY162) -> 0.52412281 | O162: =AVERAGE(V162,AB162,AH162,AN162,AT162,AZ162) -> #DIV/0! | P162: =AVERAGE(W162,AC162,AI162,AO162,AU162,BA162) -> #DIV/0! | R162: 0.97590361 | S162: 0.91428571 | T162: 0.78549849 | U162: 0.47631579 | X162: 0.95180723 | Y162: 0.8952381 | Z162: 0.55589124 | AA162: 0.49736842 | AD162: 0.96385542 | AE162: 0.92380952 | AF162: 0.77039275 | AG162: 0.68684211 | AJ162: 0.96385542 | AK162: 0.91428571 | AL162: 0.80362538 | AM162: 0.43947368 | AP162: 0.97590361 | AQ162: 0.91428571 | AR162: 0.68882175 | AS162: 0.62631579 | AV162: 0.97590361 | AW162: 0.91904762 | AX162: 0.71903323 | AY162: 0.41842105
...

Sheet Person_2
K3: k=0.25
S4: 1 | Y4: 2 | AE4: 3 | AK4: 4 | AQ4: 5 | AW4: 6
A5: k | B5: Task 1 | C5: Task 2 | D5: Task 3 | E5: Task 4 | F5: Task 5 | G5: Task 6 | J5: ID | K5: Task 1 | L5: Task 2 | M5: Task 3 | N5: Task 4 | O5: Task 5 | P5: Task 6 | R5: Task 1 | S5: Task 2 | T5: Task 3 | U5: Task 4 | V5: Task 5 | W5: Task 6 | X5: Task 1 | Y5: Task 2 | Z5: Task 3 | AA5: Task 4 | AB5: Task 5 | AC5: Task 6 | AD5: Task 1 | AE5: Task 2 | AF5: Task 3 | AG5: Task 4 | AH5: Task 5 | AI5: Task 6 | AJ5: Task 1 | AK5: Task 2 | AL5: Task 3 | AM5: Task 4 | AN5: Task 5 | AO5: Task 6 | AP5: Task 1 | AQ5: Task 2 | AR5: Task 3 | AS5: Task 4 | AT5: Task 5 | AU5: Task 6 | AV5: Task 1 | AW5: Task 2 | AX5: Task 3 | AY5: Task 4 | AZ5: Task 5 | BA5: Task 6 | BD5: =A6 -> 0.25 | BE5: Task 1 | BF5: Task 2 | BG5: Task 3 | BH5: Task 4 | BI5: Task 5 | BJ5: Task 6
A6: 0.25 | B6: =AVERAGE(K6:K35) -> 0.93104963 | C6: =AVERAGE(L6:L35) -> 0.83990211 | D6: =AVERAGE(M6:M35) -> 0.6826524 | E6: =AVERAGE(N6:N35) -> 0.49817802 | F6: =AVERAGE(O6:O35) -> #DIV/0! | G6: =AVERAGE(P6:P35) -> #DIV/0! | J6: 1 | K6: =AVERAGE(R6,X6,AD6,AJ6,AP6,AV6) -> 0.87323944 | L6: =AVERAGE(S6,Y6,AE6,AK6,AQ6,AW6) -> 0.84494196 | M6: =AVERAGE(T6,Z6,AF6,AL6,AR6,AX6) -> 0.63627451 | N6: =AVERAGE(U6,AA6,AG6,AM6,AS6,AY6) -> 0.48655914 | O6: =AVERAGE(V6,AB6,AH6,AN6,AT6,AZ6) -> #DIV/0! | P6: =AVERAGE(W6,AC6,AI6,AO6,AU6,BA6) -> #DIV/0! | R6: 0.87323944 | S6: 0.82587065 | T6: 0.64705882 | U6: 0.38709677 | X6: 0.88732394 | Y6: 0.86069652 | Z6: 0.60588235 | AA6: 0.44354839 | AD6: 0.87323944 | AE6: 0.85572139 | AF6: 0.62647059 | AG6: 0.51075269 | AJ6: 0.85915493 | AK6: 0.8358209 | AL6: 0.64117647 | AM6: 0.51344086 | AP6: 0.88732394 | AQ6: 0.85074627 | AR6: 0.67647059 | AS6: 0.53494624 | AV6: 0.85915493 | AW6: 0.84079602 | AX6: 0.62058824 | AY6: 0.52956989 | BD6: 1 | BE6: =$R$37 -> 0.92932354 | BF6: =$S$37 -> 0.8369704 | BG6: =$T$37 -> 0.6924635 | BH6: =$U$37 -> 0.55008961 | BI6: =$V$37 -> #DIV/0! | BJ6: =$W$37 -> #DIV/0!
A7: 0.5 | B7: =AVERAGE(K43:K72) -> 0.92810234 | C7: =AVERAGE(L43:L72) -> 0.85229596 | D7: =AVERAGE(M43:M72) -> 0.71388055 | E7: =AVERAGE(N43:N72) -> 0.522954 | F7: =AVERAGE(O43:O72) -> #DIV/0! | G7: =AVERAGE(P43:P72) -> #DIV/0! | J7: 2 | K7: =AVERAGE(R7,X7,AD7,AJ7,AP7,AV7) -> 0.85738832 | L7: =AVERAGE(S7,Y7,AE7,AK7,AQ7,AW7) -> 0.77857143 | M7: =AVERAGE(T7,Z7,AF7,AL7,AR7,AX7) -> 0.69166667 | N7: =AVERAGE(U7,AA7,AG7,AM7,AS7,AY7) -> 0.52150538 | O7: =AVERAGE(V7,AB7,AH7,AN7,AT7,AZ7) -> #DIV/0! | P7: =AVERAGE(W7,AC7,AI7,AO7,AU7,BA7) -> #DIV/0! | R7: 0.81443299 | S7: 0.76190476 | T7: 0.72647059 | U7: 0.49731183 | X7: 0.86597938 | Y7: 0.83333333 | Z7: 0.71470588 | AA7: 0.51344086 | AD7: 0.86597938 | AE7: 0.79047619 | AF7: 0.70588235 | AG7: 0.52419355 | AJ7: 0.84536082 | AK7: 0.74285714 | AL7: 0.59117647 | AM7: 0.47580645 | AP7: 0.87628866 | AQ7: 0.77619048 | AR7: 0.74411765 | AS7: 0.53763441 | AV7: 0.87628866 | AW7: 0.76666667 | AX7: 0.66764706 | AY7: 0.58064516 | BD7: 2 | BE7: =$X$37 -> 0.93304553 | BF7: =$Y$37 -> 0.8363788 | BG7: =$Z$37 -> 0.67233077 | BH7: =$AA$37 -> 0.46442652 | BI7: =$AB$37 -> #DIV/0! | BJ7: =$AC$37 -> #DIV/0!
A8: 1 | B8: =AVERAGE(K80:K109) -> 0.92791835 | C8: =AVERAGE(L80:L109) -> 0.8620782 | D8: =AVERAGE(M80:M109) -> 0.74287091 | E8: =AVERAGE(N80:N109) -> 0.56963859 | F8: =AVERAGE(O80:O109) -> #DIV/0! | G8: =AVERAGE(P80:P109) -> #DIV/0! | J8: 3 | K8: =AVERAGE(R8,X8,AD8,AJ8,AP8,AV8) -> 0.92723005 | L8: =AVERAGE(S8,Y8,AE8,AK8,AQ8,AW8) -> 0.92857143 | M8: =AVERAGE(T8,Z8,AF8,AL8,AR8,AX8) -> 0.70058997 | N8: =AVERAGE(U8,AA8,AG8,AM8,AS8,AY8) -> 0.52150538 | O8: =AVERAGE(V8,AB8,AH8,AN8,AT8,AZ8) -> #DIV/0! | P8: =AVERAGE(W8,AC8,AI8,AO8,AU8,BA8) -> #DIV/0! | R8: 0.92957746 | S8: 0.91304348 | T8: 0.68731563 | U8: 0.55107527 | X8: 0.92957746 | Y8: 0.92546584 | Z8: 0.69321534 | AA8: 0.47311828 | AD8: 0.92957746 | AE8: 0.94409938 | AF8: 0.71386431 | AG8: 0.51344086 | AJ8: 0.91549296 | AK8: 0.9378882 | AL8: 0.75221239 | AM8: 0.52956989 | AP8: 0.92957746 | AQ8: 0.9378882 | AR8: 0.64306785 | AS8: 0.50268817 | AV8: 0.92957746 | AW8: 0.91304348 | AX8: 0.71386431 | AY8: 0.55913978 | BD8: 3 | BE8: =$AD$37 -> 0.92953094 | BF8: =$AE$37 -> 0.83459387 | BG8: =$AF$37 -> 0.68465995 | BH8: =$AG$37 -> 0.46272401 | BI8: =$AH$37 -> #DIV/0! | BJ8: =$AI$37 -> #DIV/0!
A9: 2 | B9: =AVERAGE(K117:K146) -> 0.92777801 | C9: =AVERAGE(L117:L146) -> 0.87088316 | D9: =AVERAGE(M117:M146) -> 0.73175046 | E9: =AVERAGE(N117:N146) -> 0.52361111 | F9: =AVERAGE(O117:O146) -> #DIV/0! | G9: =AVERAGE(P117:P146) -> #DIV/0! | J9: 4 | K9: =AVERAGE(R9,X9,AD9,AJ9,AP9,AV9) -> 0.94278607 | L9: =AVERAGE(S9,Y9,AE9,AK9,AQ9,AW9) -> 0.855 | M9: =AVERAGE(T9,Z9,AF9,AL9,AR9,AX9) -> 0.62291052 | N9: =AVERAGE(U9,AA9,AG9,AM9,AS9,AY9) -> 0.45922939 | O9: =AVERAGE(V9,AB9,AH9,AN9,AT9,AZ9) -> #DIV/0! | P9: =AVERAGE(W9,AC9,AI9,AO9,AU9,BA9) -> #DIV/0! | R9: 0.92537313 | S9: 0.855 | T9: 0.6460177 | U9: 0.4811828 | X9: 0.95522388 | Y9: 0.855 | Z9: 0.59882006 | AA9: 0.44086022 | AD9: 0.92537313 | AE9: 0.83 | AF9: 0.6519174 | AG9: 0.41129032 | AJ9: 0.95522388 | AK9: 0.865 | AL9: 0.53687316 | AM9: 0.40322581 | AP9: 0.97014925 | AQ9: 0.86 | AR9: 0.67256637 | AS9: 0.57258065 | AV9: 0.92537313 | AW9: 0.865 | AX9: 0.63126844 | AY9: 0.44623656 | BD9: 4 | BE9: =$AJ$37 -> 0.93122212 | BF9: =$AK$37 -> 0.83530483 | BG9: =$AL$37 -> 0.69130438 | BH9: =$AM$37 -> 0.50080645 | BI9: =$AN$37 -> #DIV/0! | BJ9: =$AO$37 -> #DIV/0!
A10: 3 | B10: =AVERAGE(K154:K183) -> 0.92985788 | C10: =AVERAGE(L154:L183) -> 0.87242529 | D10: =AVERAGE(M154:M183) -> 0.72137379 | E10: =AVERAGE(N154:N183) -> 0.52432796 | F10: =AVERAGE(O154:O183) -> #DIV/0! | G10: =AVERAGE(P154:P183) -> #DIV/0! | J10: 5 | K10: =AVERAGE(R10,X10,AD10,AJ10,AP10,AV10) -> 0.96118721 | L10: =AVERAGE(S10,Y10,AE10,AK10,AQ10,AW10) -> 0.78130081 | M10: =AVERAGE(T10,Z10,AF10,AL10,AR10,AX10) -> 0.59639126 | N10: =AVERAGE(U10,AA10,AG10,AM10,AS10,AY10) -> 0.51836918 | O10: =AVERAGE(V10,AB10,AH10,AN10,AT10,AZ10) -> #DIV/0! | P10: =AVERAGE(W10,AC10,AI10,AO10,AU10,BA10) -> #DIV/0! | R10: 0.95890411 | S10: 0.8097561 | T10: 0.57549858 | U10: 0.55376344 | X10: 0.97260274 | Y10: 0.8 | Z10: 0.5954416 | AA10: 0.57258065 | AD10: 0.95890411 | AE10: 0.81463415 | AF10: 0.68376068 | AG10: 0.57258065 | AJ10: 0.98630137 | AK10: 0.75121951 | AL10: 0.54700855 | AM10: 0.3844086 | AP10: 0.94520548 | AQ10: 0.75609756 | AR10: 0.58119658 | AS10: 0.50537634 | AV10: 0.94520548 | AW10: 0.75609756 | AX10: 0.5954416 | AY10: 0.52150538 | BD10: 5 | BE10: =$AP$37 -> 0.93092417 | BF10: =$AQ$37 -> 0.84848186 | BG10: =$AR$37 -> 0.66720894 | BH10: =$AS$37 -> 0.4766129 | BI10: =$AT$37 -> #DIV/0! | BJ10: =$AU$37 -> #DIV/0!
J11: 6 | K11: =AVERAGE(R11,X11,AD11,AJ11,AP11,AV11) -> 0.96703297 | L11: =AVERAGE(S11,Y11,AE11,AK11,AQ11,AW11) -> 0.77747748 | M11: =AVERAGE(T11,Z11,AF11,AL11,AR11,AX11) -> 0.70481928 | N11: =AVERAGE(U11,AA11,AG11,AM11,AS11,AY11) -> 0.51747312 | O11: =AVERAGE(V11,AB11,AH11,AN11,AT11,AZ11) -> #DIV/0! | P11: =AVERAGE(W11,AC11,AI11,AO11,AU11,BA11) -> #DIV/0! | R11: 0.95604396 | S11: 0.76756757 | T11: 0.67771084 | U11: 0.59946237 | X11: 0.96703297 | Y11: 0.77837838 | Z11: 0.71987952 | AA11: 0.59408602 | AD11: 0.96703297 | AE11: 0.76756757 | AF11: 0.71084337 | AG11: 0.34677419 | AJ11: 0.97802198 | AK11: 0.6972973 | AL11: 0.67771084 | AM11: 0.38978495 | AP11: 0.96703297 | AQ11: 0.84324324 | AR11: 0.69879518 | AS11: 0.62096774 | AV11: 0.96703297 | AW11: 0.81081081 | AX11: 0.7439759 | AY11: 0.55376344 | BD11: 6 | BE11: =$AV$37 -> 0.93225148 | BF11: =$AW$37 -> 0.8476829 | BG11: =$AX$37 -> 0.68794689 | BH11: =$AY$37 -> 0.5344086 | BI11: =$AZ$37 -> #DIV/0! | BJ11: =$BA$37 -> #DIV/0!
J12: 7 | K12: =AVERAGE(R12,X12,AD12,AJ12,AP12,AV12) -> 0.94202899 | L12: =AVERAGE(S12,Y12,AE12,AK12,AQ12,AW12) -> 0.90277778 | M12: =AVERAGE(T12,Z12,AF12,AL12,AR12,AX12) -> 0.74387646 | N12: =AVERAGE(U12,AA12,AG12,AM12,AS12,AY12) -> 0.5515233 | O12: =AVERAGE(V12,AB12,AH12,AN12,AT12,AZ12) -> #DIV/0! | P12: =AVERAGE(W12,AC12,AI12,AO12,AU12,BA12) -> #DIV/0! | R12: 0.95652174 | S12: 0.875 | T12: 0.77955272 | U12: 0.61827957 | X12: 0.92753623 | Y12: 0.88690476 | Z12: 0.72204473 | AA12: 0.60483871 | AD12: 0.92753623 | AE12: 0.93452381 | AF12: 0.67092652 | AG12: 0.37903226 | AJ12: 0.98550725 | AK12: 0.91071429 | AL12: 0.76038339 | AM12: 0.62903226 | AP12: 0.91304348 | AQ12: 0.86904762 | AR12: 0.69648562 | AS12: 0.50537634 | AV12: 0.94202899 | AW12: 0.94047619 | AX12: 0.83386581 | AY12: 0.57258065
J13: 8 | K13: =AVERAGE(R13,X13,AD13,AJ13,AP13,AV13) -> 0.95641026 | L13: =AVERAGE(S13,Y13,AE13,AK13,AQ13,AW13) -> 0.8030303 | M13: =AVERAGE(T13,Z13,AF13,AL13,AR13,AX13) -> 0.65776459 | N13: =AVERAGE(U13,AA13,AG13,AM13,AS13,AY13) -> 0.38037634 | O13: =AVERAGE(V13,AB13,AH13,AN13,AT13,AZ13) -> #DIV/0! | P13: =AVERAGE(W13,AC13,AI13,AO13,AU13,BA13) -> #DIV/0! | R13: 0.96923077 | S13: 0.77272727 | T13: 0.69732938 | U13: 0.44354839 | X13: 0.95384615 | Y13: 0.78409091 | Z13: 0.65281899 | AA13: 0.34139785 | AD13: 0.93846154 | AE13: 0.82954545 | AF13: 0.58753709 | AG13: 0.37096774 | AJ13: 0.96923077 | AK13: 0.85795455 | AL13: 0.71216617 | AM13: 0.35483871 | AP13: 0.95384615 | AQ13: 0.80681818 | AR13: 0.61127596 | AS13: 0.30107527 | AV13: 0.95384615 | AW13: 0.76704545 | AX13: 0.68545994 | AY13: 0.47043011 | BD13: =A7 -> 0.5 | BE13: Task 1 | BF13: Task 2 | BG13: Task 3 | BH13: Task 4 | BI13: Task 5 | BJ13: Task 6
J14: 9 | K14: =AVERAGE(R14,X14,AD14,AJ14,AP14,AV14) -> 0.95945946 | L14: =AVERAGE(S14,Y14,AE14,AK14,AQ14,AW14) -> 0.81971154 | M14: =AVERAGE(T14,Z14,AF14,AL14,AR14,AX14) -> 0.58433735 | N14: =AVERAGE(U14,AA14,AG14,AM14,AS14,AY14) -> 0.43637993 | O14: =AVERAGE(V14,AB14,AH14,AN14,AT14,AZ14) -> #DIV/0! | P14: =AVERAGE(W14,AC14,AI14,AO14,AU14,BA14) -> #DIV/0! | R14: 0.95945946 | S14: 0.79807692 | T14: 0.55722892 | U14: 0.36827957 | X14: 0.95945946 | Y14: 0.80769231 | Z14: 0.57831325 | AA14: 0.52688172 | AD14: 0.95945946 | AE14: 0.77884615 | AF14: 0.65060241 | AG14: 0.42204301 | AJ14: 0.95945946 | AK14: 0.78846154 | AL14: 0.54518072 | AM14: 0.43010753 | AP14: 0.95945946 | AQ14: 0.875 | AR14: 0.58433735 | AS14: 0.45698925 | AV14: 0.95945946 | AW14: 0.87019231 | AX14: 0.59036145 | AY14: 0.41397849 | BD14: 1 | BE14: =$R$74 -> 0.92998359 | BF14: =$S$74 -> 0.85336235 | BG14: =$T$74 -> 0.72918263 | BH14: =$U$74 -> 0.57249104 | BI14: =$V$74 -> #DIV/0! | BJ14: =$W$74 -> #DIV/0!
J15: 10 | K15: =AVERAGE(R15,X15,AD15,AJ15,AP15,AV15) -> 0.92401961 | L15: =AVERAGE(S15,Y15,AE15,AK15,AQ15,AW15) -> 0.81083845 | M15: =AVERAGE(T15,Z15,AF15,AL15,AR15,AX15) -> 0.67843137 | N15: =AVERAGE(U15,AA15,AG15,AM15,AS15,AY15) -> 0.51792115 | O15: =AVERAGE(V15,AB15,AH15,AN15,AT15,AZ15) -> #DIV/0! | P15: =AVERAGE(W15,AC15,AI15,AO15,AU15,BA15) -> #DIV/0! | R15: 0.92647059 | S15: 0.91411043 | T15: 0.72352941 | U15: 0.58870968 | X15: 0.92647059 | Y15: 0.85889571 | Z15: 0.66764706 | AA15: 0.54032258 | AD15: 0.92647059 | AE15: 0.60122699 | AF15: 0.67352941 | AG15: 0.52150538 | AJ15: 0.91176471 | AK15: 0.80981595 | AL15: 0.77058824 | AM15: 0.65322581 | AP15: 0.92647059 | AQ15: 0.79754601 | AR15: 0.54117647 | AS15: 0.28494624 | AV15: 0.92647059 | AW15: 0.88343558 | AX15: 0.69411765 | AY15: 0.5188172 | BD15: 2 | BE15: =$X$74 -> 0.92711492 | BF15: =$Y$74 -> 0.85500614 | BG15: =$Z$74 -> 0.71718404 | BH15: =$AA$74 -> 0.52894265 | BI15: =$AB$74 -> #DIV/0! | BJ15: =$AC$74 -> #DIV/0!
J16: 11 | K16: =AVERAGE(R16,X16,AD16,AJ16,AP16,AV16) -> 0.85680751 | L16: =AVERAGE(S16,Y16,AE16,AK16,AQ16,AW16) -> 0.87771739 | M16: =AVERAGE(T16,Z16,AF16,AL16,AR16,AX16) -> 0.67518637 | N16: =AVERAGE(U16,AA16,AG16,AM16,AS16,AY16) -> 0.55734767 | O16: =AVERAGE(V16,AB16,AH16,AN16,AT16,AZ16) -> #DIV/0! | P16: =AVERAGE(W16,AC16,AI16,AO16,AU16,BA16) -> #DIV/0! | R16: 0.85915493 | S16: 0.86956522 | T16: 0.69009585 | U16: 0.51344086 | X16: 0.87323944 | Y16: 0.88043478 | Z16: 0.63897764 | AA16: 0.47849462 | AD16: 0.87323944 | AE16: 0.88043478 | AF16: 0.54632588 | AG16: 0.52956989 | AJ16: 0.87323944 | AK16: 0.85869565 | AL16: 0.71884984 | AM16: 0.68817204 | AP16: 0.83098592 | AQ16: 0.85326087 | AR16: 0.73482428 | AS16: 0.60483871 | AV16: 0.83098592 | AW16: 0.92391304 | AX16: 0.72204473 | AY16: 0.52956989 | BD16: 3 | BE16: =$AD$74 -> 0.92688516 | BF16: =$AE$74 -> 0.85478033 | BG16: =$AF$74 -> 0.71264636 | BH16: =$AG$74 -> 0.52132616 | BI16: =$AH$74 -> #DIV/0! | BJ16: =$AI$74 -> #DIV/0!
J17: 12 | K17: =AVERAGE(R17,X17,AD17,AJ17,AP17,AV17) -> 0.81790123 | L17: =AVERAGE(S17,Y17,AE17,AK17,AQ17,AW17) -> 0.78472222 | M17: =AVERAGE(T17,Z17,AF17,AL17,AR17,AX17) -> 0.71033014 | N17: =AVERAGE(U17,AA17,AG17,AM17,AS17,AY17) -> 0.63261649 | O17: =AVERAGE(V17,AB17,AH17,AN17,AT17,AZ17) -> #DIV/0! | P17: =AVERAGE(W17,AC17,AI17,AO17,AU17,BA17) -> #DIV/0! | R17: 0.81481481 | S17: 0.78571429 | T17: 0.69329073 | U17: 0.6827957 | X17: 0.77777778 | Y17: 0.7797619 | Z17: 0.8115016 | AA17: 0.59946237 | AD17: 0.81481481 | AE17: 0.79166667 | AF17: 0.68370607 | AG17: 0.53763441 | AJ17: 0.7962963 | AK17: 0.75 | AL17: 0.66453674 | AM17: 0.62096774 | AP17: 0.83333333 | AQ17: 0.79761905 | AR17: 0.69329073 | AS17: 0.66397849 | AV17: 0.87037037 | AW17: 0.80357143 | AX17: 0.71565495 | AY17: 0.69086022 | BD17: 4 | BE17: =$AJ$74 -> 0.92698435 | BF17: =$AK$74 -> 0.8372241 | BG17: =$AL$74 -> 0.69175135 | BH17: =$AM$74 -> 0.48655914 | BI17: =$AN$74 -> #DIV/0! | BJ17: =$AO$74 -> #DIV/0!
J18: 13 | K18: =AVERAGE(R18,X18,AD18,AJ18,AP18,AV18) -> 0.96153846 | L18: =AVERAGE(S18,Y18,AE18,AK18,AQ18,AW18) -> 0.7964135 | M18: =AVERAGE(T18,Z18,AF18,AL18,AR18,AX18) -> 0.6898288 | N18: =AVERAGE(U18,AA18,AG18,AM18,AS18,AY18) -> 0.46146953 | O18: =AVERAGE(V18,AB18,AH18,AN18,AT18,AZ18) -> #DIV/0! | P18: =AVERAGE(W18,AC18,AI18,AO18,AU18,BA18) -> #DIV/0! | R18: 0.98461538 | S18: 0.78481013 | T18: 0.70392749 | U18: 0.5 | X18: 0.95384615 | Y18: 0.85443038 | Z18: 0.71601208 | AA18: 0.42741935 | AD18: 0.95384615 | AE18: 0.75316456 | AF18: 0.65861027 | AG18: 0.42473118 | AJ18: 0.96923077 | AK18: 0.75316456 | AL18: 0.72507553 | AM18: 0.51075269 | AP18: 0.95384615 | AQ18: 0.82911392 | AR18: 0.64954683 | AS18: 0.47043011 | AV18: 0.95384615 | AW18: 0.80379747 | AX18: 0.6858006 | AY18: 0.43548387 | BD18: 5 | BE18: =$AP$74 -> 0.92473483 | BF18: =$AQ$74 -> 0.86334648 | BG18: =$AR$74 -> 0.69695629 | BH18: =$AS$74 -> 0.4875448 | BI18: =$AT$74 -> #DIV/0! | BJ18: =$AU$74 -> #DIV/0!
J19: 14 | K19: =AVERAGE(R19,X19,AD19,AJ19,AP19,AV19) -> 0.99537037 | L19: =AVERAGE(S19,Y19,AE19,AK19,AQ19,AW19) -> 0.86775362 | M19: =AVERAGE(T19,Z19,AF19,AL19,AR19,AX19) -> 0.68962076 | N19: =AVERAGE(U19,AA19,AG19,AM19,AS19,AY19) -> 0.53897849 | O19: =AVERAGE(V19,AB19,AH19,AN19,AT19,AZ19) -> #DIV/0! | P19: =AVERAGE(W19,AC19,AI19,AO19,AU19,BA19) -> #DIV/0! | R19: 1 | S19: 0.85869565 | T19: 0.73053892 | U19: 0.56989247 | X19: 0.98611111 | Y19: 0.72826087 | Z19: 0.65568862 | AA19: 0.41935484 | AD19: 0.98611111 | AE19: 0.92391304 | AF19: 0.6497006 | AG19: 0.53494624 | AJ19: 1 | AK19: 0.94565217 | AL19: 0.72155689 | AM19: 0.51612903 | AP19: 1 | AQ19: 0.82065217 | AR19: 0.67664671 | AS19: 0.57795699 | AV19: 1 | AW19: 0.92934783 | AX19: 0.70359281 | AY19: 0.6155914 | BD19: 6 | BE19: =$AV$74 -> 0.93291117 | BF19: =$AW$74 -> 0.85005638 | BG19: =$AX$74 -> 0.73556261 | BH19: =$AY$74 -> 0.54086022 | BI19: =$AZ$74 -> #DIV/0! | BJ19: =$BA$74 -> #DIV/0!
J20: 15 | K20: =AVERAGE(R20,X20,AD20,AJ20,AP20,AV20) -> 0.9983165 | L20: =AVERAGE(S20,Y20,AE20,AK20,AQ20,AW20) -> 0.82512315 | M20: =AVERAGE(T20,Z20,AF20,AL20,AR20,AX20) -> 0.71878073 | N20: =AVERAGE(U20,AA20,AG20,AM20,AS20,AY20) -> 0.48790323 | O20: =AVERAGE(V20,AB20,AH20,AN20,AT20,AZ20) -> #DIV/0! | P20: =AVERAGE(W20,AC20,AI20,AO20,AU20,BA20) -> #DIV/0! | R20: 1 | S20: 0.84729064 | T20: 0.77286136 | U20: 0.62365591 | X20: 1 | Y20: 0.7044335 | Z20: 0.58702065 | AA20: 0.29569892 | AD20: 0.98989899 | AE20: 0.84729064 | AF20: 0.67846608 | AG20: 0.41935484 | AJ20: 1 | AK20: 0.84729064 | AL20: 0.73746313 | AM20: 0.53494624 | AP20: 1 | AQ20: 0.91133005 | AR20: 0.80530973 | AS20: 0.48387097 | AV20: 1 | AW20: 0.79310345 | AX20: 0.73156342 | AY20: 0.56989247
J21: 16 | K21: =AVERAGE(R21,X21,AD21,AJ21,AP21,AV21) -> 0.96835443 | L21: =AVERAGE(S21,Y21,AE21,AK21,AQ21,AW21) -> 0.92234848 | M21: =AVERAGE(T21,Z21,AF21,AL21,AR21,AX21) -> 0.79400197 | N21: =AVERAGE(U21,AA21,AG21,AM21,AS21,AY21) -> 0.51612903 | O21: =AVERAGE(V21,AB21,AH21,AN21,AT21,AZ21) -> #DIV/0! | P21: =AVERAGE(W21,AC21,AI21,AO21,AU21,BA21) -> #DIV/0! | R21: 0.97468354 | S21: 0.91477273 | T21: 0.81415929 | U21: 0.65591398 | X21: 0.97468354 | Y21: 0.94318182 | Z21: 0.80825959 | AA21: 0.35215054 | AD21: 0.93670886 | AE21: 0.94886364 | AF21: 0.79941003 | AG21: 0.51075269 | AJ21: 0.97468354 | AK21: 0.92045455 | AL21: 0.80530973 | AM21: 0.53225806 | AP21: 0.97468354 | AQ21: 0.93181818 | AR21: 0.7699115 | AS21: 0.40591398 | AV21: 0.97468354 | AW21: 0.875 | AX21: 0.76696165 | AY21: 0.63978495 | BD21: =A8 -> 1 | BE21: Task 1 | BF21: Task 2 | BG21: Task 3 | BH21: Task 4 | BI21: Task 5 | BJ21: Task 6
J22: 17 | K22: =AVERAGE(R22,X22,AD22,AJ22,AP22,AV22) -> 0.97257384 | L22: =AVERAGE(S22,Y22,AE22,AK22,AQ22,AW22) -> 0.89705882 | M22: =AVERAGE(T22,Z22,AF22,AL22,AR22,AX22) -> 0.73535676 | N22: =AVERAGE(U22,AA22,AG22,AM22,AS22,AY22) -> 0.58915771 | O22: =AVERAGE(V22,AB22,AH22,AN22,AT22,AZ22) -> #DIV/0! | P22: =AVERAGE(W22,AC22,AI22,AO22,AU22,BA22) -> #DIV/0! | R22: 0.97468354 | S22: 0.87647059 | T22: 0.74121406 | U22: 0.7016129 | X22: 0.97468354 | Y22: 0.9 | Z22: 0.5686901 | AA22: 0.42741935 | AD22: 0.97468354 | AE22: 0.91764706 | AF22: 0.76996805 | AG22: 0.58333333 | AJ22: 0.97468354 | AK22: 0.88823529 | AL22: 0.7571885 | AM22: 0.6827957 | AP22: 0.96202532 | AQ22: 0.9 | AR22: 0.76357827 | AS22: 0.51612903 | AV22: 0.97468354 | AW22: 0.9 | AX22: 0.8115016 | AY22: 0.62365591 | BD22: 1 | BE22: =$R$111 -> 0.92414386 | BF22: =$S$111 -> 0.862282 | BG22: =$T$111 -> 0.74898313 | BH22: =$U$111 -> 0.58566308 | BI22: =$V$111 -> #DIV/0! | BJ22: =$W$111 -> #DIV/0!
J23: 18 | K23: =AVERAGE(R23,X23,AD23,AJ23,AP23,AV23) -> 0.92372881 | L23: =AVERAGE(S23,Y23,AE23,AK23,AQ23,AW23) -> 0.89056225 | M23: =AVERAGE(T23,Z23,AF23,AL23,AR23,AX23) -> 0.72668651 | N23: =AVERAGE(U23,AA23,AG23,AM23,AS23,AY23) -> 0.48028674 | O23: =AVERAGE(V23,AB23,AH23,AN23,AT23,AZ23) -> #DIV/0! | P23: =AVERAGE(W23,AC23,AI23,AO23,AU23,BA23) -> #DIV/0! | R23: 0.91525424 | S23: 0.87951807 | T23: 0.7797619 | U23: 0.62365591 | X23: 0.93220339 | Y23: 0.86144578 | Z23: 0.60119048 | AA23: 0.27956989 | AD23: 0.89830508 | AE23: 0.87951807 | AF23: 0.77380952 | AG23: 0.49193548 | AJ23: 0.94915254 | AK23: 0.90361446 | AL23: 0.75297619 | AM23: 0.45967742 | AP23: 0.93220339 | AQ23: 0.93373494 | AR23: 0.69642857 | AS23: 0.43548387 | AV23: 0.91525424 | AW23: 0.88554217 | AX23: 0.75595238 | AY23: 0.59139785 | BD23: 2 | BE23: =$X$111 -> 0.93161607 | BF23: =$Y$111 -> 0.86091183 | BG23: =$Z$111 -> 0.7386091 | BH23: =$AA$111 -> 0.57213262 | BI23: =$AB$111 -> #DIV/0! | BJ23: =$AC$111 -> #DIV/0!
J24: 19 | K24: =AVERAGE(R24,X24,AD24,AJ24,AP24,AV24) -> 0.96041667 | L24: =AVERAGE(S24,Y24,AE24,AK24,AQ24,AW24) -> 0.81578947 | M24: =AVERAGE(T24,Z24,AF24,AL24,AR24,AX24) -> 0.73995984 | N24: =AVERAGE(U24,AA24,AG24,AM24,AS24,AY24) -> 0.4968638 | O24: =AVERAGE(V24,AB24,AH24,AN24,AT24,AZ24) -> #DIV/0! | P24: =AVERAGE(W24,AC24,AI24,AO24,AU24,BA24) -> #DIV/0! | R24: 0.9625 | S24: 0.85789474 | T24: 0.78012048 | U24: 0.59677419 | X24: 0.95 | Y24: 0.82631579 | Z24: 0.69277108 | AA24: 0.42741935 | AD24: 0.9625 | AE24: 0.78421053 | AF24: 0.77409639 | AG24: 0.43817204 | AJ24: 0.9625 | AK24: 0.81052632 | AL24: 0.75301205 | AM24: 0.47311828 | AP24: 0.9625 | AQ24: 0.72105263 | AR24: 0.68072289 | AS24: 0.39784946 | AV24: 0.9625 | AW24: 0.89473684 | AX24: 0.75903614 | AY24: 0.64784946 | BD24: 3 | BE24: =$AD$111 -> 0.92735215 | BF24: =$AE$111 -> 0.85526687 | BG24: =$AF$111 -> 0.72797391 | BH24: =$AG$111 -> 0.54632616 | BI24: =$AH$111 -> #DIV/0! | BJ24: =$AI$111 -> #DIV/0!
J25: 20 | K25: =AVERAGE(R25,X25,AD25,AJ25,AP25,AV25) -> 0.92690058 | L25: =AVERAGE(S25,Y25,AE25,AK25,AQ25,AW25) -> 0.91140351 | M25: =AVERAGE(T25,Z25,AF25,AL25,AR25,AX25) -> 0.72598039 | N25: =AVERAGE(U25,AA25,AG25,AM25,AS25,AY25) -> 0.49731183 | O25: =AVERAGE(V25,AB25,AH25,AN25,AT25,AZ25) -> #DIV/0! | P25: =AVERAGE(W25,AC25,AI25,AO25,AU25,BA25) -> #DIV/0! | R25: 0.9122807 | S25: 0.91052632 | T25: 0.72058824 | U25: 0.48924731 | X25: 0.92982456 | Y25: 0.90526316 | Z25: 0.68823529 | AA25: 0.47849462 | AD25: 0.92982456 | AE25: 0.86842105 | AF25: 0.77352941 | AG25: 0.42204301 | AJ25: 0.92982456 | AK25: 0.93157895 | AL25: 0.78529412 | AM25: 0.67204301 | AP25: 0.92982456 | AQ25: 0.92631579 | AR25: 0.61764706 | AS25: 0.27419355 | AV25: 0.92982456 | AW25: 0.92631579 | AX25: 0.77058824 | AY25: 0.64784946 | BD25: 4 | BE25: =$AJ$111 -> 0.92797319 | BF25: =$AK$111 -> 0.86658504 | BG25: =$AL$111 -> 0.75382397 | BH25: =$AM$111 -> 0.57096774 | BI25: =$AN$111 -> #DIV/0! | BJ25: =$AO$111 -> #DIV/0!
J26: 21 | K26: =AVERAGE(R26,X26,AD26,AJ26,AP26,AV26) -> 0.92982456 | L26: =AVERAGE(S26,Y26,AE26,AK26,AQ26,AW26) -> 0.88469602 | M26: =AVERAGE(T26,Z26,AF26,AL26,AR26,AX26) -> 0.69176707 | N26: =AVERAGE(U26,AA26,AG26,AM26,AS26,AY26) -> 0.35573477 | O26: =AVERAGE(V26,AB26,AH26,AN26,AT26,AZ26) -> #DIV/0! | P26: =AVERAGE(W26,AC26,AI26,AO26,AU26,BA26) -> #DIV/0! | R26: 0.92982456 | S26: 0.88679245 | T26: 0.62650602 | U26: 0.36290323 | X26: 0.92982456 | Y26: 0.89308176 | Z26: 0.71987952 | AA26: 0.45698925 | AD26: 0.92982456 | AE26: 0.86792453 | AF26: 0.70481928 | AG26: 0.31182796 | AJ26: 0.92982456 | AK26: 0.89308176 | AL26: 0.74698795 | AM26: 0.31989247 | AP26: 0.92982456 | AQ26: 0.88050314 | AR26: 0.65361446 | AS26: 0.21236559 | AV26: 0.92982456 | AW26: 0.88679245 | AX26: 0.69879518 | AY26: 0.47043011 | BD26: 5 | BE26: =$AP$111 -> 0.9267739 | BF26: =$AQ$111 -> 0.8620885 | BG26: =$AR$111 -> 0.74904557 | BH26: =$AS$111 -> 0.5859319 | BI26: =$AT$111 -> #DIV/0! | BJ26: =$AU$111 -> #DIV/0!
J27: 22 | K27: =AVERAGE(R27,X27,AD27,AJ27,AP27,AV27) -> 0.88738739 | L27: =AVERAGE(S27,Y27,AE27,AK27,AQ27,AW27) -> 0.76147705 | M27: =AVERAGE(T27,Z27,AF27,AL27,AR27,AX27) -> 0.6315229 | N27: =AVERAGE(U27,AA27,AG27,AM27,AS27,AY27) -> 0.49955197 | O27: =AVERAGE(V27,AB27,AH27,AN27,AT27,AZ27) -> #DIV/0! | P27: =AVERAGE(W27,AC27,AI27,AO27,AU27,BA27) -> #DIV/0! | R27: 0.87837838 | S27: 0.68862275 | T27: 0.59105431 | U27: 0.59139785 | X27: 0.91891892 | Y27: 0.70658683 | Z27: 0.65814696 | AA27: 0.54569892 | AD27: 0.87837838 | AE27: 0.83832335 | AF27: 0.67731629 | AG27: 0.42741935 | AJ27: 0.83783784 | AK27: 0.73053892 | AL27: 0.66134185 | AM27: 0.51075269 | AP27: 0.91891892 | AQ27: 0.81437126 | AR27: 0.61661342 | AS27: 0.35483871 | AV27: 0.89189189 | AW27: 0.79041916 | AX27: 0.58466454 | AY27: 0.5672043 | BD27: 6 | BE27: =$AV$111 -> 0.92965093 | BF27: =$AW$111 -> 0.86533496 | BG27: =$AX$111 -> 0.73878977 | BH27: =$AY$111 -> 0.55681004 | BI27: =$AZ$111 -> #DIV/0! | BJ27: =$BA$111 -> #DIV/0!
J28: 23 | K28: =AVERAGE(R28,X28,AD28,AJ28,AP28,AV28) -> 0.91216216 | L28: =AVERAGE(S28,Y28,AE28,AK28,AQ28,AW28) -> 0.83722741 | M28: =AVERAGE(T28,Z28,AF28,AL28,AR28,AX28) -> 0.65196078 | N28: =AVERAGE(U28,AA28,AG28,AM28,AS28,AY28) -> 0.47670251 | O28: =AVERAGE(V28,AB28,AH28,AN28,AT28,AZ28) -> #DIV/0! | P28: =AVERAGE(W28,AC28,AI28,AO28,AU28,BA28) -> #DIV/0! | R28: 0.94594595 | S28: 0.8411215 | T28: 0.64117647 | U28: 0.59139785 | X28: 0.90540541 | Y28: 0.8317757 | Z28: 0.62941176 | AA28: 0.39247312 | AD28: 0.90540541 | AE28: 0.79439252 | AF28: 0.68529412 | AG28: 0.55107527 | AJ28: 0.90540541 | AK28: 0.87850467 | AL28: 0.67941176 | AM28: 0.34946237 | AP28: 0.89189189 | AQ28: 0.85046729 | AR28: 0.62941176 | AS28: 0.46774194 | AV28: 0.91891892 | AW28: 0.8271028 | AX28: 0.64705882 | AY28: 0.50806452
J29: 24 | K29: =AVERAGE(R29,X29,AD29,AJ29,AP29,AV29) -> 0.96410256 | L29: =AVERAGE(S29,Y29,AE29,AK29,AQ29,AW29) -> 0.74196277 | M29: =AVERAGE(T29,Z29,AF29,AL29,AR29,AX29) -> 0.57279116 | N29: =AVERAGE(U29,AA29,AG29,AM29,AS29,AY29) -> 0.50672043 | O29: =AVERAGE(V29,AB29,AH29,AN29,AT29,AZ29) -> #DIV/0! | P29: =AVERAGE(W29,AC29,AI29,AO29,AU29,BA29) -> #DIV/0! | R29: 0.93846154 | S29: 0.69035533 | T29: 0.60542169 | U29: 0.54032258 | X29: 0.98461538 | Y29: 0.81218274 | Z29: 0.58433735 | AA29: 0.52688172 | AD29: 0.96923077 | AE29: 0.76142132 | AF29: 0.59036145 | AG29: 0.54032258 | AJ29: 0.96923077 | AK29: 0.73096447 | AL29: 0.55120482 | AM29: 0.46236559 | AP29: 0.95384615 | AQ29: 0.70050761 | AR29: 0.54518072 | AS29: 0.44623656 | AV29: 0.96923077 | AW29: 0.75634518 | AX29: 0.56024096 | AY29: 0.52419355 | BD29: =A9 -> 2 | BE29: Task 1 | BF29: Task 2 | BG29: Task 3 | BH29: Task 4 | BI29: Task 5 | BJ29: Task 6
J30: 25 | K30: =AVERAGE(R30,X30,AD30,AJ30,AP30,AV30) -> 0.94680851 | L30: =AVERAGE(S30,Y30,AE30,AK30,AQ30,AW30) -> 0.89351852 | M30: =AVERAGE(T30,Z30,AF30,AL30,AR30,AX30) -> 0.69311377 | N30: =AVERAGE(U30,AA30,AG30,AM30,AS30,AY30) -> 0.54390681 | O30: =AVERAGE(V30,AB30,AH30,AN30,AT30,AZ30) -> #DIV/0! | P30: =AVERAGE(W30,AC30,AI30,AO30,AU30,BA30) -> #DIV/0! | R30: 0.94680851 | S30: 0.88333333 | T30: 0.64371257 | U30: 0.65591398 | X30: 0.94680851 | Y30: 0.90555556 | Z30: 0.78742515 | AA30: 0.55376344 | AD30: 0.94680851 | AE30: 0.9 | AF30: 0.74251497 | AG30: 0.47311828 | AJ30: 0.94680851 | AK30: 0.87777778 | AL30: 0.67964072 | AM30: 0.46236559 | AP30: 0.94680851 | AQ30: 0.91111111 | AR30: 0.64670659 | AS30: 0.57795699 | AV30: 0.94680851 | AW30: 0.88333333 | AX30: 0.65868263 | AY30: 0.54032258 | BD30: 1 | BE30: =$R$148 -> 0.92360306 | BF30: =$S$148 -> 0.86762332 | BG30: =$T$148 -> 0.77024434 | BH30: =$U$148 -> 0.58664875 | BI30: =$V$148 -> #DIV/0! | BJ30: =$W$148 -> #DIV/0!
J31: 26 | K31: =AVERAGE(R31,X31,AD31,AJ31,AP31,AV31) -> 0.95343137 | L31: =AVERAGE(S31,Y31,AE31,AK31,AQ31,AW31) -> 0.86329588 | M31: =AVERAGE(T31,Z31,AF31,AL31,AR31,AX31) -> 0.65727003 | N31: =AVERAGE(U31,AA31,AG31,AM31,AS31,AY31) -> 0.44041219 | O31: =AVERAGE(V31,AB31,AH31,AN31,AT31,AZ31) -> #DIV/0! | P31: =AVERAGE(W31,AC31,AI31,AO31,AU31,BA31) -> #DIV/0! | R31: 0.94117647 | S31: 0.85955056 | T31: 0.61424332 | U31: 0.43817204 | X31: 0.95588235 | Y31: 0.84831461 | Z31: 0.69436202 | AA31: 0.49462366 | AD31: 0.97058824 | AE31: 0.8258427 | AF31: 0.69436202 | AG31: 0.38709677 | AJ31: 0.94117647 | AK31: 0.87640449 | AL31: 0.6884273 | AM31: 0.5 | AP31: 0.97058824 | AQ31: 0.93820225 | AR31: 0.65281899 | AS31: 0.48655914 | AV31: 0.94117647 | AW31: 0.83146067 | AX31: 0.59940653 | AY31: 0.33602151 | BD31: 2 | BE31: =$X$148 -> 0.92726898 | BF31: =$Y$148 -> 0.87439936 | BG31: =$Z$148 -> 0.72794828 | BH31: =$AA$148 -> 0.48664875 | BI31: =$AB$148 -> #DIV/0! | BJ31: =$AC$148 -> #DIV/0!
J32: 27 | K32: =AVERAGE(R32,X32,AD32,AJ32,AP32,AV32) -> 0.92647059 | L32: =AVERAGE(S32,Y32,AE32,AK32,AQ32,AW32) -> 0.81003584 | M32: =AVERAGE(T32,Z32,AF32,AL32,AR32,AX32) -> 0.66078431 | N32: =AVERAGE(U32,AA32,AG32,AM32,AS32,AY32) -> 0.54480287 | O32: =AVERAGE(V32,AB32,AH32,AN32,AT32,AZ32) -> #DIV/0! | P32: =AVERAGE(W32,AC32,AI32,AO32,AU32,BA32) -> #DIV/0! | R32: 0.92647059 | S32: 0.84946237 | T32: 0.71470588 | U32: 0.58333333 | X32: 0.92647059 | Y32: 0.79569892 | Z32: 0.56764706 | AA32: 0.46236559 | AD32: 0.92647059 | AE32: 0.81182796 | AF32: 0.62352941 | AG32: 0.42741935 | AJ32: 0.92647059 | AK32: 0.83333333 | AL32: 0.70294118 | AM32: 0.51612903 | AP32: 0.92647059 | AQ32: 0.8172043 | AR32: 0.73529412 | AS32: 0.64247312 | AV32: 0.92647059 | AW32: 0.75268817 | AX32: 0.62058824 | AY32: 0.63709677 | BD32: 3 | BE32: =$AD$148 -> 0.92649905 | BF32: =$AE$148 -> 0.88245487 | BG32: =$AF$148 -> 0.72312092 | BH32: =$AG$148 -> 0.49641577 | BI32: =$AH$148 -> #DIV/0! | BJ32: =$AI$148 -> #DIV/0!
J33: 28 | K33: =AVERAGE(R33,X33,AD33,AJ33,AP33,AV33) -> 0.93150685 | L33: =AVERAGE(S33,Y33,AE33,AK33,AQ33,AW33) -> 0.8875 | M33: =AVERAGE(T33,Z33,AF33,AL33,AR33,AX33) -> 0.71285141 | N33: =AVERAGE(U33,AA33,AG33,AM33,AS33,AY33) -> 0.40367384 | O33: =AVERAGE(V33,AB33,AH33,AN33,AT33,AZ33) -> #DIV/0! | P33: =AVERAGE(W33,AC33,AI33,AO33,AU33,BA33) -> #DIV/0! | R33: 0.93150685 | S33: 0.905 | T33: 0.71987952 | U33: 0.57258065 | X33: 0.93150685 | Y33: 0.92 | Z33: 0.77710843 | AA33: 0.35215054 | AD33: 0.93150685 | AE33: 0.86 | AF33: 0.71084337 | AG33: 0.34139785 | AJ33: 0.93150685 | AK33: 0.87 | AL33: 0.6686747 | AM33: 0.35752688 | AP33: 0.93150685 | AQ33: 0.87 | AR33: 0.63253012 | AS33: 0.44086022 | AV33: 0.93150685 | AW33: 0.9 | AX33: 0.76807229 | AY33: 0.35752688 | BD33: 4 | BE33: =$AJ$148 -> 0.93083839 | BF33: =$AK$148 -> 0.85983472 | BG33: =$AL$148 -> 0.7204306 | BH33: =$AM$148 -> 0.49318996 | BI33: =$AN$148 -> #DIV/0! | BJ33: =$AO$148 -> #DIV/0!
J34: 29 | K34: =AVERAGE(R34,X34,AD34,AJ34,AP34,AV34) -> 0.82989691 | L34: =AVERAGE(S34,Y34,AE34,AK34,AQ34,AW34) -> 0.73734729 | M34: =AVERAGE(T34,Z34,AF34,AL34,AR34,AX34) -> 0.65922619 | N34: =AVERAGE(U34,AA34,AG34,AM34,AS34,AY34) -> 0.53987455 | O34: =AVERAGE(V34,AB34,AH34,AN34,AT34,AZ34) -> #DIV/0! | P34: =AVERAGE(W34,AC34,AI34,AO34,AU34,BA34) -> #DIV/0! | R34: 0.81443299 | S34: 0.72774869 | T34: 0.69940476 | U34: 0.55913978 | X34: 0.83505155 | Y34: 0.71727749 | Z34: 0.68154762 | AA34: 0.54301075 | AD34: 0.87628866 | AE34: 0.7434555 | AF34: 0.61309524 | AG34: 0.47043011 | AJ34: 0.79381443 | AK34: 0.67539267 | AL34: 0.6547619 | AM34: 0.54032258 | AP34: 0.80412371 | AQ34: 0.81151832 | AR34: 0.66964286 | AS34: 0.54301075 | AV34: 0.8556701 | AW34: 0.7486911 | AX34: 0.63690476 | AY34: 0.58333333 | BD34: 5 | BE34: =$AP$148 -> 0.93137641 | BF34: =$AQ$148 -> 0.86999076 | BG34: =$AR$148 -> 0.71354494 | BH34: =$AS$148 -> 0.50232975 | BI34: =$AT$148 -> #DIV/0! | BJ34: =$AU$148 -> #DIV/0!
J35: 30 | K35: =AVERAGE(R35,X35,AD35,AJ35,AP35,AV35) -> 0.95720721 | L35: =AVERAGE(S35,Y35,AE35,AK35,AQ35,AW35) -> 0.88888889 | M35: =AVERAGE(T35,Z35,AF35,AL35,AR35,AX35) -> 0.7254902 | N35: =AVERAGE(U35,AA35,AG35,AM35,AS35,AY35) -> 0.46505376 | O35: =AVERAGE(V35,AB35,AH35,AN35,AT35,AZ35) -> #DIV/0! | P35: =AVERAGE(W35,AC35,AI35,AO35,AU35,BA35) -> #DIV/0! | R35: 0.95945946 | S35: 0.89880952 | T35: 0.77352941 | U35: 0.56182796 | X35: 0.95945946 | Y35: 0.88690476 | Z35: 0.75294118 | AA35: 0.36827957 | AD35: 0.95945946 | AE35: 0.89285714 | AF35: 0.71470588 | AG35: 0.48655914 | AJ35: 0.95945946 | AK35: 0.88690476 | AL35: 0.75 | AM35: 0.55107527 | AP35: 0.94594595 | AQ35: 0.86309524 | AR35: 0.69705882 | AS35: 0.47311828 | AV35: 0.95945946 | AW35: 0.9047619 | AX35: 0.66470588 | AY35: 0.34946237 | BD35: 6 | BE35: =$AV$148 -> 0.92708215 | BF35: =$AW$148 -> 0.87099596 | BG35: =$AX$148 -> 0.73521368 | BH35: =$AY$148 -> 0.57643369 | BI35: =$AZ$148 -> #DIV/0! | BJ35: =$BA$148 -> #DIV/0!
K37: =AVERAGE(K6:K35) -> 0.93104963 | L37: =AVERAGE(L6:L35) -> 0.83990211 | M37: =AVERAGE(M6:M35) -> 0.6826524 | N37: =AVERAGE(N6:N35) -> 0.49817802 | O37: =AVERAGE(O6:O35) -> #DIV/0! | P37: =AVERAGE(P6:P35) -> #DIV/0! | R37: =AVERAGE(R6:R35) -> 0.92932354 | S37: =AVERAGE(S6:S35) -> 0.8369704 | T37: =AVERAGE(T6:T35) -> 0.6924635 | U37: =AVERAGE(U6:U35) -> 0.55008961 | V37: =AVERAGE(V6:V35) -> #DIV/0! | W37: =AVERAGE(W6:W35) -> #DIV/0! | X37: =AVERAGE(X6:X35) -> 0.93304553 | Y37: =AVERAGE(Y6:Y35) -> 0.8363788 | ... BA37: =AVERAGE(BA6:BA35) -> #DIV/0! | BD37: =A10 -> 3 | BE37: Task 1 | BF37: Task 2 | BG37: Task 3 | BH37: Task 4 | BI37: Task 5 | BJ37: Task 6
BD38: 1 | BE38: =$R$185 -> 0.92829256 | BF38: =$S$185 -> 0.86459109 | BG38: =$T$185 -> 0.72618476 | BH38: =$U$185 -> 0.55546595 | BI38: =$V$185 -> #DIV/0! | BJ38: =$W$185 -> #DIV/0!
BD39: 2 | BE39: =$X$185 -> 0.9239288 | BF39: =$Y$185 -> 0.88015959 | BG39: =$Z$185 -> 0.70275326 | BH39: =$AA$185 -> 0.51729391 | BI39: =$AB$185 -> #DIV/0! | BJ39: =$AC$185 -> #DIV/0!
K40: k=0.5 | BD40: 3 | BE40: =$AD$185 -> 0.93156874 | BF40: =$AE$185 -> 0.86820377 | BG40: =$AF$185 -> 0.72297273 | BH40: =$AG$185 -> 0.51308244 | BI40: =$AH$185 -> #DIV/0! | BJ40: =$AI$185 -> #DIV/0!
S41: 1 | Y41: 2 | AE41: 3 | AK41: 4 | AQ41: 5 | AW41: 6 | BD41: 4 | BE41: =$AJ$185 -> 0.93192825 | BF41: =$AK$185 -> 0.86982117 | BG41: =$AL$185 -> 0.71672744 | BH41: =$AM$185 -> 0.48046595 | BI41: =$AN$185 -> #DIV/0! | BJ41: =$AO$185 -> #DIV/0!
J42: ID | K42: Task 1 | L42: Task 2 | M42: Task 3 | N42: Task 4 | O42: Task 5 | P42: Task 6 | R42: Task 1 | S42: Task 2 | T42: Task 3 | U42: Task 4 | V42: Task 5 | W42: Task 6 | X42: Task 1 | Y42: Task 2 | Z42: Task 3 | AA42: Task 4 | AB42: Task 5 | AC42: Task 6 | AD42: Task 1 | AE42: Task 2 | AF42: Task 3 | AG42: Task 4 | AH42: Task 5 | AI42: Task 6 | AJ42: Task 1 | AK42: Task 2 | AL42: Task 3 | AM42: Task 4 | AN42: Task 5 | AO42: Task 6 | AP42: Task 1 | AQ42: Task 2 | AR42: Task 3 | AS42: Task 4 | AT42: Task 5 | AU42: Task 6 | AV42: Task 1 | AW42: Task 2 | AX42: Task 3 | AY42: Task 4 | AZ42: Task 5 | BA42: Task 6 | BD42: 5 | BE42: =$AP$185 -> 0.93132866 | BF42: =$AQ$185 -> 0.87933977 | BG42: =$AR$185 -> 0.70916322 | BH42: =$AS$185 -> 0.50358423 | BI42: =$AT$185 -> #DIV/0! | BJ42: =$AU$185 -> #DIV/0!
J43: 1 | K43: =AVERAGE(R43,X43,AD43,AJ43,AP43,AV43) -> 0.8685446 | L43: =AVERAGE(S43,Y43,AE43,AK43,AQ43,AW43) -> 0.82752902 | M43: =AVERAGE(T43,Z43,AF43,AL43,AR43,AX43) -> 0.67647059 | N43: =AVERAGE(U43,AA43,AG43,AM43,AS43,AY43) -> 0.48655914 | O43: =AVERAGE(V43,AB43,AH43,AN43,AT43,AZ43) -> #DIV/0! | P43: =AVERAGE(W43,AC43,AI43,AO43,AU43,BA43) -> #DIV/0! | R43: 0.90140845 | S43: 0.86069652 | T43: 0.65882353 | U43: 0.53494624 | X43: 0.88732394 | Y43: 0.84079602 | Z43: 0.63823529 | AA43: 0.47043011 | AD43: 0.85915493 | AE43: 0.84079602 | AF43: 0.67941176 | AG43: 0.38172043 | AJ43: 0.88732394 | AK43: 0.7960199 | AL43: 0.69117647 | AM43: 0.47043011 | AP43: 0.81690141 | AQ43: 0.84079602 | AR43: 0.71470588 | AS43: 0.53494624 | AV43: 0.85915493 | AW43: 0.78606965 | AX43: 0.67647059 | AY43: 0.52688172 | BD43: 6 | BE43: =$AV$185 -> 0.93210027 | BF43: =$AW$185 -> 0.87243635 | BG43: =$AX$185 -> 0.75044133 | BH43: =$AY$185 -> 0.57607527 | BI43: =$AZ$185 -> #DIV/0! | BJ43: =$BA$185 -> #DIV/0!
J44: 2 | K44: =AVERAGE(R44,X44,AD44,AJ44,AP44,AV44) -> 0.82817869 | L44: =AVERAGE(S44,Y44,AE44,AK44,AQ44,AW44) -> 0.8 | M44: =AVERAGE(T44,Z44,AF44,AL44,AR44,AX44) -> 0.69019608 | N44: =AVERAGE(U44,AA44,AG44,AM44,AS44,AY44) -> 0.54793907 | O44: =AVERAGE(V44,AB44,AH44,AN44,AT44,AZ44) -> #DIV/0! | P44: =AVERAGE(W44,AC44,AI44,AO44,AU44,BA44) -> #DIV/0! | R44: 0.83505155 | S44: 0.79047619 | T44: 0.72941176 | U44: 0.64247312 | X44: 0.81443299 | Y44: 0.80952381 | Z44: 0.60294118 | AA44: 0.56989247 | AD44: 0.83505155 | AE44: 0.7952381 | AF44: 0.69411765 | AG44: 0.51612903 | AJ44: 0.81443299 | AK44: 0.78095238 | AL44: 0.65588235 | AM44: 0.37096774 | AP44: 0.83505155 | AQ44: 0.78571429 | AR44: 0.68235294 | AS44: 0.61290323 | AV44: 0.83505155 | AW44: 0.83809524 | AX44: 0.77647059 | AY44: 0.57526882
J45: 3 | K45: =AVERAGE(R45,X45,AD45,AJ45,AP45,AV45) -> 0.92723005 | L45: =AVERAGE(S45,Y45,AE45,AK45,AQ45,AW45) -> 0.93271222 | M45: =AVERAGE(T45,Z45,AF45,AL45,AR45,AX45) -> 0.75024582 | N45: =AVERAGE(U45,AA45,AG45,AM45,AS45,AY45) -> 0.49820789 | O45: =AVERAGE(V45,AB45,AH45,AN45,AT45,AZ45) -> #DIV/0! | P45: =AVERAGE(W45,AC45,AI45,AO45,AU45,BA45) -> #DIV/0! | R45: 0.92957746 | S45: 0.91925466 | T45: 0.71091445 | U45: 0.62096774 | X45: 0.91549296 | Y45: 0.94409938 | Z45: 0.71976401 | AA45: 0.47580645 | AD45: 0.92957746 | AE45: 0.93167702 | AF45: 0.68436578 | AG45: 0.44086022 | AJ45: 0.92957746 | AK45: 0.93167702 | AL45: 0.84070796 | AM45: 0.54301075 | AP45: 0.92957746 | AQ45: 0.9378882 | AR45: 0.82890855 | AS45: 0.39247312 | AV45: 0.92957746 | AW45: 0.93167702 | AX45: 0.71681416 | AY45: 0.51612903
J46: 4 | K46: =AVERAGE(R46,X46,AD46,AJ46,AP46,AV46) -> 0.92537313 | L46: =AVERAGE(S46,Y46,AE46,AK46,AQ46,AW46) -> 0.83916667 | M46: =AVERAGE(T46,Z46,AF46,AL46,AR46,AX46) -> 0.61061947 | N46: =AVERAGE(U46,AA46,AG46,AM46,AS46,AY46) -> 0.46191756 | O46: =AVERAGE(V46,AB46,AH46,AN46,AT46,AZ46) -> #DIV/0! | P46: =AVERAGE(W46,AC46,AI46,AO46,AU46,BA46) -> #DIV/0! | R46: 0.92537313 | S46: 0.835 | T46: 0.64896755 | U46: 0.43817204 | X46: 0.92537313 | Y46: 0.82 | Z46: 0.5280236 | AA46: 0.37903226 | AD46: 0.92537313 | AE46: 0.85 | AF46: 0.55752212 | AG46: 0.50537634 | AJ46: 0.92537313 | AK46: 0.835 | AL46: 0.67256637 | AM46: 0.46236559 | AP46: 0.92537313 | AQ46: 0.86 | AR46: 0.58702065 | AS46: 0.43817204 | AV46: 0.92537313 | AW46: 0.835 | AX46: 0.66961652 | AY46: 0.5483871
J47: 5 | K47: =AVERAGE(R47,X47,AD47,AJ47,AP47,AV47) -> 0.93607306 | L47: =AVERAGE(S47,Y47,AE47,AK47,AQ47,AW47) -> 0.79593496 | M47: =AVERAGE(T47,Z47,AF47,AL47,AR47,AX47) -> 0.67094017 | N47: =AVERAGE(U47,AA47,AG47,AM47,AS47,AY47) -> 0.51747312 | O47: =AVERAGE(V47,AB47,AH47,AN47,AT47,AZ47) -> #DIV/0! | P47: =AVERAGE(W47,AC47,AI47,AO47,AU47,BA47) -> #DIV/0! | R47: 0.97260274 | S47: 0.76585366 | T47: 0.6011396 | U47: 0.5672043 | X47: 0.91780822 | Y47: 0.79512195 | Z47: 0.74643875 | AA47: 0.49731183 | AD47: 0.91780822 | AE47: 0.7804878 | AF47: 0.65527066 | AG47: 0.45698925 | AJ47: 0.91780822 | AK47: 0.82439024 | AL47: 0.62393162 | AM47: 0.57795699 | AP47: 0.93150685 | AQ47: 0.83414634 | AR47: 0.66951567 | AS47: 0.4327957 | AV47: 0.95890411 | AW47: 0.77560976 | AX47: 0.72934473 | AY47: 0.57258065
J48: 6 | K48: =AVERAGE(R48,X48,AD48,AJ48,AP48,AV48) -> 0.96886447 | L48: =AVERAGE(S48,Y48,AE48,AK48,AQ48,AW48) -> 0.90990991 | M48: =AVERAGE(T48,Z48,AF48,AL48,AR48,AX48) -> 0.76807229 | N48: =AVERAGE(U48,AA48,AG48,AM48,AS48,AY48) -> 0.5452509 | O48: =AVERAGE(V48,AB48,AH48,AN48,AT48,AZ48) -> #DIV/0! | P48: =AVERAGE(W48,AC48,AI48,AO48,AU48,BA48) -> #DIV/0! | R48: 0.96703297 | S48: 0.8972973 | T48: 0.79819277 | U48: 0.65860215 | X48: 0.96703297 | Y48: 0.92432432 | Z48: 0.80120482 | AA48: 0.58333333 | AD48: 0.96703297 | AE48: 0.8972973 | AF48: 0.75301205 | AG48: 0.43548387 | AJ48: 0.96703297 | AK48: 0.89189189 | AL48: 0.78313253 | AM48: 0.45967742 | AP48: 0.97802198 | AQ48: 0.92432432 | AR48: 0.65060241 | AS48: 0.57526882 | AV48: 0.96703297 | AW48: 0.92432432 | AX48: 0.82228916 | AY48: 0.55913978
J49: 7 | K49: =AVERAGE(R49,X49,AD49,AJ49,AP49,AV49) -> 0.96135266 | L49: =AVERAGE(S49,Y49,AE49,AK49,AQ49,AW49) -> 0.88988095 | M49: =AVERAGE(T49,Z49,AF49,AL49,AR49,AX49) -> 0.75452609 | N49: =AVERAGE(U49,AA49,AG49,AM49,AS49,AY49) -> 0.51075269 | O49: =AVERAGE(V49,AB49,AH49,AN49,AT49,AZ49) -> #DIV/0! | P49: =AVERAGE(W49,AC49,AI49,AO49,AU49,BA49) -> #DIV/0! | R49: 0.97101449 | S49: 0.86309524 | T49: 0.81789137 | U49: 0.56989247 | X49: 0.98550725 | Y49: 0.91666667 | Z49: 0.7028754 | AA49: 0.5672043 | AD49: 0.92753623 | AE49: 0.89285714 | AF49: 0.79552716 | AG49: 0.51344086 | AJ49: 0.98550725 | AK49: 0.86309524 | AL49: 0.72523962 | AM49: 0.47580645 | AP49: 0.92753623 | AQ49: 0.92261905 | AR49: 0.69648562 | AS49: 0.5 | AV49: 0.97101449 | AW49: 0.88095238 | AX49: 0.78913738 | AY49: 0.43817204
J50: 8 | K50: =AVERAGE(R50,X50,AD50,AJ50,AP50,AV50) -> 0.94102564 | L50: =AVERAGE(S50,Y50,AE50,AK50,AQ50,AW50) -> 0.84943182 | M50: =AVERAGE(T50,Z50,AF50,AL50,AR50,AX50) -> 0.73738872 | N50: =AVERAGE(U50,AA50,AG50,AM50,AS50,AY50) -> 0.36379928 | O50: =AVERAGE(V50,AB50,AH50,AN50,AT50,AZ50) -> #DIV/0! | P50: =AVERAGE(W50,AC50,AI50,AO50,AU50,BA50) -> #DIV/0! | R50: 0.92307692 | S50: 0.82954545 | T50: 0.72106825 | U50: 0.3655914 | X50: 0.93846154 | Y50: 0.86931818 | Z50: 0.68249258 | AA50: 0.34946237 | AD50: 0.93846154 | AE50: 0.83522727 | AF50: 0.74480712 | AG50: 0.37634409 | AJ50: 0.92307692 | AK50: 0.86363636 | AL50: 0.80712166 | AM50: 0.25537634 | AP50: 0.96923077 | AQ50: 0.875 | AR50: 0.71810089 | AS50: 0.37903226 | AV50: 0.95384615 | AW50: 0.82386364 | AX50: 0.75074184 | AY50: 0.45698925
J51: 9 | K51: =AVERAGE(R51,X51,AD51,AJ51,AP51,AV51) -> 0.95495495 | L51: =AVERAGE(S51,Y51,AE51,AK51,AQ51,AW51) -> 0.83413462 | M51: =AVERAGE(T51,Z51,AF51,AL51,AR51,AX51) -> 0.62901606 | N51: =AVERAGE(U51,AA51,AG51,AM51,AS51,AY51) -> 0.45385305 | O51: =AVERAGE(V51,AB51,AH51,AN51,AT51,AZ51) -> #DIV/0! | P51: =AVERAGE(W51,AC51,AI51,AO51,AU51,BA51) -> #DIV/0! | R51: 0.95945946 | S51: 0.83653846 | T51: 0.59939759 | U51: 0.53494624 | X51: 0.93243243 | Y51: 0.8125 | Z51: 0.65662651 | AA51: 0.40322581 | AD51: 0.95945946 | AE51: 0.875 | AF51: 0.62951807 | AG51: 0.45698925 | AJ51: 0.95945946 | AK51: 0.83173077 | AL51: 0.65963855 | AM51: 0.4516129 | AP51: 0.95945946 | AQ51: 0.84134615 | AR51: 0.5753012 | AS51: 0.4516129 | AV51: 0.95945946 | AW51: 0.80769231 | AX51: 0.65361446 | AY51: 0.42473118
J52: 10 | K52: =AVERAGE(R52,X52,AD52,AJ52,AP52,AV52) -> 0.92647059 | L52: =AVERAGE(S52,Y52,AE52,AK52,AQ52,AW52) -> 0.85889571 | M52: =AVERAGE(T52,Z52,AF52,AL52,AR52,AX52) -> 0.73039216 | N52: =AVERAGE(U52,AA52,AG52,AM52,AS52,AY52) -> 0.55241935 | O52: =AVERAGE(V52,AB52,AH52,AN52,AT52,AZ52) -> #DIV/0! | P52: =AVERAGE(W52,AC52,AI52,AO52,AU52,BA52) -> #DIV/0! | R52: 0.92647059 | S52: 0.85889571 | T52: 0.73823529 | U52: 0.56451613 | X52: 0.92647059 | Y52: 0.86503067 | Z52: 0.72058824 | AA52: 0.57258065 | AD52: 0.92647059 | AE52: 0.87730061 | AF52: 0.71470588 | AG52: 0.5483871 | AJ52: 0.92647059 | AK52: 0.8404908 | AL52: 0.70294118 | AM52: 0.52150538 | AP52: 0.92647059 | AQ52: 0.8404908 | AR52: 0.77647059 | AS52: 0.55645161 | AV52: 0.92647059 | AW52: 0.87116564 | AX52: 0.72941176 | AY52: 0.55107527
J53: 11 | K53: =AVERAGE(R53,X53,AD53,AJ53,AP53,AV53) -> 0.8685446 | L53: =AVERAGE(S53,Y53,AE53,AK53,AQ53,AW53) -> 0.89492754 | M53: =AVERAGE(T53,Z53,AF53,AL53,AR53,AX53) -> 0.75825346 | N53: =AVERAGE(U53,AA53,AG53,AM53,AS53,AY53) -> 0.62410394 | O53: =AVERAGE(V53,AB53,AH53,AN53,AT53,AZ53) -> #DIV/0! | P53: =AVERAGE(W53,AC53,AI53,AO53,AU53,BA53) -> #DIV/0! | R53: 0.83098592 | S53: 0.91304348 | T53: 0.71246006 | U53: 0.68548387 | X53: 0.85915493 | Y53: 0.9076087 | Z53: 0.76677316 | AA53: 0.55376344 | AD53: 0.87323944 | AE53: 0.875 | AF53: 0.79233227 | AG53: 0.59139785 | AJ53: 0.87323944 | AK53: 0.86956522 | AL53: 0.69009585 | AM53: 0.52956989 | AP53: 0.87323944 | AQ53: 0.9076087 | AR53: 0.82747604 | AS53: 0.67204301 | AV53: 0.90140845 | AW53: 0.89673913 | AX53: 0.76038339 | AY53: 0.71236559
J54: 12 | K54: =AVERAGE(R54,X54,AD54,AJ54,AP54,AV54) -> 0.82407407 | L54: =AVERAGE(S54,Y54,AE54,AK54,AQ54,AW54) -> 0.82142857 | M54: =AVERAGE(T54,Z54,AF54,AL54,AR54,AX54) -> 0.76357827 | N54: =AVERAGE(U54,AA54,AG54,AM54,AS54,AY54) -> 0.66353047 | O54: =AVERAGE(V54,AB54,AH54,AN54,AT54,AZ54) -> #DIV/0! | P54: =AVERAGE(W54,AC54,AI54,AO54,AU54,BA54) -> #DIV/0! | R54: 0.83333333 | S54: 0.8452381 | T54: 0.79233227 | U54: 0.74193548 | X54: 0.83333333 | Y54: 0.82142857 | Z54: 0.74121406 | AA54: 0.70430108 | AD54: 0.90740741 | AE54: 0.80357143 | AF54: 0.7571885 | AG54: 0.69892473 | AJ54: 0.77777778 | AK54: 0.85119048 | AL54: 0.78594249 | AM54: 0.5672043 | AP54: 0.75925926 | AQ54: 0.83928571 | AR54: 0.80191693 | AS54: 0.60215054 | AV54: 0.83333333 | AW54: 0.76785714 | AX54: 0.7028754 | AY54: 0.66666667
J55: 13 | K55: =AVERAGE(R55,X55,AD55,AJ55,AP55,AV55) -> 0.95641026 | L55: =AVERAGE(S55,Y55,AE55,AK55,AQ55,AW55) -> 0.8164557 | M55: =AVERAGE(T55,Z55,AF55,AL55,AR55,AX55) -> 0.73967774 | N55: =AVERAGE(U55,AA55,AG55,AM55,AS55,AY55) -> 0.53853047 | O55: =AVERAGE(V55,AB55,AH55,AN55,AT55,AZ55) -> #DIV/0! | P55: =AVERAGE(W55,AC55,AI55,AO55,AU55,BA55) -> #DIV/0! | R55: 0.95384615 | S55: 0.84810127 | T55: 0.76132931 | U55: 0.54301075 | X55: 0.96923077 | Y55: 0.84810127 | Z55: 0.74622356 | AA55: 0.5672043 | AD55: 0.95384615 | AE55: 0.88607595 | AF55: 0.74622356 | AG55: 0.5483871 | AJ55: 0.96923077 | AK55: 0.79113924 | AL55: 0.70392749 | AM55: 0.41935484 | AP55: 0.93846154 | AQ55: 0.73417722 | AR55: 0.74622356 | AS55: 0.55645161 | AV55: 0.95384615 | AW55: 0.79113924 | AX55: 0.73413897 | AY55: 0.59677419
... J72: 30 | K72: =AVERAGE(R72,X72,AD72,AJ72,AP72,AV72) -> 0.95945946 | L72: =AVERAGE(S72,Y72,AE72,AK72,AQ72,AW72) -> 0.88690476 | M72: =AVERAGE(T72,Z72,AF72,AL72,AR72,AX72) -> 0.74754902 | N72: =AVERAGE(U72,AA72,AG72,AM72,AS72,AY72) -> 0.49820789 | O72: =AVERAGE(V72,AB72,AH72,AN72,AT72,AZ72) -> #DIV/0! | P72: =AVERAGE(W72,AC72,AI72,AO72,AU72,BA72) -> #DIV/0! | R72: 0.95945946 | S72: 0.89880952 | T72: 0.80588235 | U72: 0.5188172 | X72: 0.94594595 | Y72: 0.89285714 | Z72: 0.75294118 | AA72: 0.5188172 | AD72: 0.95945946 | AE72: 0.86309524 | AF72: 0.75882353 | AG72: 0.60752688 | AJ72: 0.95945946 | AK72: 0.88690476 | AL72: 0.67058824 | AM72: 0.40053763 | AP72: 0.95945946 | AQ72: 0.86309524 | AR72: 0.8 | AS72: 0.40860215 | AV72: 0.97297297 | AW72: 0.91666667 | AX72: 0.69705882 | AY72: 0.53494624
K74: =AVERAGE(K43:K72) -> 0.92810234 | L74: =AVERAGE(L43:L72) -> 0.85229596 | M74: =AVERAGE(M43:M72) -> 0.71388055 | N74: =AVERAGE(N43:N72) -> 0.522954 | O74: =AVERAGE(O43:O72) -> #DIV/0! | P74: =AVERAGE(P43:P72) -> #DIV/0! | R74: =AVERAGE(R43:R72) -> 0.92998359 | S74: =AVERAGE(S43:S72) -> 0.85336235 | T74: =AVERAGE(T43:T72) -> 0.72918263 | U74: =AVERAGE(U43:U72) -> 0.57249104 | V74: =AVERAGE(V43:V72) -> #DIV/0! | W74: =AVERAGE(W43:W72) -> #DIV/0! | X74: =AVERAGE(X43:X72) -> 0.92711492 | Y74: =AVERAGE(Y43:Y72) -> 0.85500614 | ... BA74: =AVERAGE(BA43:BA72) -> #DIV/0!
K77: k=1
S78: 1 | Y78: 2 | AE78: 3 | AK78: 4 | AQ78: 5 | AW78: 6
